"../../../Engine/Content/Animation/DefaultAnimBoneCompressionSettings.uasset" 0
"../../../Engine/Content/Animation/DefaultAnimBoneCompressionSettings.uexp" 1
"../../../Engine/Content/Animation/DefaultAnimCurveCompressionSettings.uasset" 2
"../../../Engine/Content/Animation/DefaultAnimCurveCompressionSettings.uexp" 3
"../../../Engine/Content/ArtTools/RenderToTexture/Enums/RenderToTexture_Enum.uasset" 4
"../../../Engine/Content/ArtTools/RenderToTexture/Enums/RenderToTexture_Enum.uexp" 5
"../../../Engine/Content/ArtTools/RenderToTexture/Enums/RenderToTexture_Flipbook_Enum.uasset" 6
"../../../Engine/Content/ArtTools/RenderToTexture/Enums/RenderToTexture_Flipbook_Enum.uexp" 7
"../../../Engine/Content/ArtTools/RenderToTexture/Enums/RenderToTexture_Imposter_Enum.uasset" 8
"../../../Engine/Content/ArtTools/RenderToTexture/Enums/RenderToTexture_Imposter_Enum.uexp" 9
"../../../Engine/Content/EditorBlueprintResources/StandardMacros.uasset" 10
"../../../Engine/Content/EditorBlueprintResources/StandardMacros.uexp" 11
"../../../Engine/Content/ArtTools/RenderToTexture/Enums/EIntTypes.uasset" 12
"../../../Engine/Content/ArtTools/RenderToTexture/Enums/EIntTypes.uexp" 13
"../../../Engine/Content/ArtTools/RenderToTexture/Macros/RenderToTextureFunctionLibrary.uasset" 14
"../../../Engine/Content/ArtTools/RenderToTexture/Macros/RenderToTextureFunctionLibrary.uexp" 15
"../../../Engine/Content/ArtTools/RenderToTexture/Enums/EFloatTypes.uasset" 16
"../../../Engine/Content/ArtTools/RenderToTexture/Enums/EFloatTypes.uexp" 17
"../../../Engine/Content/ArtTools/RenderToTexture/Macros/RenderToTextureMacros.uasset" 18
"../../../Engine/Content/ArtTools/RenderToTexture/Macros/RenderToTextureMacros.uexp" 19
"../../../Engine/Content/EngineMaterials/T_Default_Material_Grid_N.uasset" 20
"../../../Engine/Content/EngineMaterials/T_Default_Material_Grid_N.uexp" 21
"../../../Engine/Content/EngineMaterials/T_Default_Material_Grid_N.ubulk" 22
"../../../Engine/Content/EngineMaterials/T_Default_Material_Grid_M.uasset" 23
"../../../Engine/Content/EngineMaterials/T_Default_Material_Grid_M.uexp" 24
"../../../Engine/Content/EngineMaterials/T_Default_Material_Grid_M.ubulk" 25
"../../../Engine/Content/Functions/Engine_MaterialFunctions01/Opacity/CameraDepthFade.uasset" 26
"../../../Engine/Content/Functions/Engine_MaterialFunctions01/Opacity/CameraDepthFade.uexp" 27
"../../../Engine/Content/EngineMaterials/WorldGridMaterial.uasset" 28
"../../../Engine/Content/EngineMaterials/WorldGridMaterial.uexp" 29
"../../../Engine/Content/ArtTools/RenderToTexture/Meshes/S_1_Unit_Plane.uasset" 30
"../../../Engine/Content/ArtTools/RenderToTexture/Meshes/S_1_Unit_Plane.uexp" 31
"../../../Engine/Content/EngineMaterials/DefaultMaterial.uasset" 32
"../../../Engine/Content/EngineMaterials/DefaultMaterial.uexp" 33
"../../../Engine/Content/BasicShapes/Cone.uasset" 34
"../../../Engine/Content/BasicShapes/Cone.uexp" 35
"../../../Engine/Content/BasicShapes/Plane.uasset" 36
"../../../Engine/Content/BasicShapes/Plane.uexp" 37
"../../../Engine/Content/BasicShapes/Sphere.uasset" 38
"../../../Engine/Content/BasicShapes/Sphere.uexp" 39
"../../../Engine/Content/EngineMaterials/DefaultPhysicalMaterial.uasset" 40
"../../../Engine/Content/EngineMaterials/DefaultPhysicalMaterial.uexp" 41
"../../../Engine/Content/BufferVisualization/AmbientOcclusion.uasset" 42
"../../../Engine/Content/BufferVisualization/AmbientOcclusion.uexp" 43
"../../../Engine/Content/Functions/Engine_MaterialFunctions02/Utility/AppendMany.uasset" 44
"../../../Engine/Content/Functions/Engine_MaterialFunctions02/Utility/AppendMany.uexp" 45
"../../../Engine/Content/BufferVisualization/Anisotropy.uasset" 46
"../../../Engine/Content/BufferVisualization/Anisotropy.uexp" 47
"../../../Engine/Content/BufferVisualization/BaseColor.uasset" 48
"../../../Engine/Content/BufferVisualization/BaseColor.uexp" 49
"../../../Engine/Content/BufferVisualization/CustomDepth.uasset" 50
"../../../Engine/Content/BufferVisualization/CustomDepth.uexp" 51
"../../../Engine/Content/Functions/Engine_MaterialFunctions02/Utility/VectorLength.uasset" 52
"../../../Engine/Content/Functions/Engine_MaterialFunctions02/Utility/VectorLength.uexp" 53
"../../../Engine/Content/BufferVisualization/CustomDepthWorldUnits.uasset" 54
"../../../Engine/Content/BufferVisualization/CustomDepthWorldUnits.uexp" 55
"../../../Engine/Content/EngineMaterials/MiniFont.uasset" 56
"../../../Engine/Content/EngineMaterials/MiniFont.uexp" 57
"../../../Engine/Content/Functions/Engine_MaterialFunctions02/Utility/MakeFloat3.uasset" 58
"../../../Engine/Content/Functions/Engine_MaterialFunctions02/Utility/MakeFloat3.uexp" 59
"../../../Engine/Content/Functions/Engine_MaterialFunctions02/Utility/MakeFloat2.uasset" 60
"../../../Engine/Content/Functions/Engine_MaterialFunctions02/Utility/MakeFloat2.uexp" 61
"../../../Engine/Content/Functions/Engine_MaterialFunctions02/ScreenResolution.uasset" 62
"../../../Engine/Content/Functions/Engine_MaterialFunctions02/ScreenResolution.uexp" 63
"../../../Engine/Content/Functions/Engine_MaterialFunctions02/Utility/BreakOutFloat2Components.uasset" 64
"../../../Engine/Content/Functions/Engine_MaterialFunctions02/Utility/BreakOutFloat2Components.uexp" 65
"../../../Engine/Content/Functions/Engine_MaterialFunctions01/Texturing/ScaleUVsByCenter.uasset" 66
"../../../Engine/Content/Functions/Engine_MaterialFunctions01/Texturing/ScaleUVsByCenter.uexp" 67
"../../../Engine/Content/Functions/Engine_MaterialFunctions02/Texturing/ScreenAlignedUVs.uasset" 68
"../../../Engine/Content/Functions/Engine_MaterialFunctions02/Texturing/ScreenAlignedUVs.uexp" 69
"../../../Engine/Content/BufferVisualization/CustomStencil.uasset" 70
"../../../Engine/Content/BufferVisualization/CustomStencil.uexp" 71
"../../../Engine/Content/BufferVisualization/FinalImage.uasset" 72
"../../../Engine/Content/BufferVisualization/FinalImage.uexp" 73
"../../../Engine/Content/BufferVisualization/LightingModel.uasset" 74
"../../../Engine/Content/BufferVisualization/LightingModel.uexp" 75
"../../../Engine/Content/BufferVisualization/MaterialAO.uasset" 76
"../../../Engine/Content/BufferVisualization/MaterialAO.uexp" 77
"../../../Engine/Content/BufferVisualization/Metallic.uasset" 78
"../../../Engine/Content/BufferVisualization/Metallic.uexp" 79
"../../../Engine/Content/BufferVisualization/Opacity.uasset" 80
"../../../Engine/Content/BufferVisualization/Opacity.uexp" 81
"../../../Engine/Content/BufferVisualization/PostTonemapHDRColor.uasset" 82
"../../../Engine/Content/BufferVisualization/PostTonemapHDRColor.uexp" 83
"../../../Engine/Content/BufferVisualization/PreTonemapHDRColor.uasset" 84
"../../../Engine/Content/BufferVisualization/PreTonemapHDRColor.uexp" 85
"../../../Engine/Content/BufferVisualization/Roughness.uasset" 86
"../../../Engine/Content/BufferVisualization/Roughness.uexp" 87
"../../../Engine/Content/BufferVisualization/SceneColor.uasset" 88
"../../../Engine/Content/BufferVisualization/SceneColor.uexp" 89
"../../../Engine/Content/BufferVisualization/SceneDepth.uasset" 90
"../../../Engine/Content/BufferVisualization/SceneDepth.uexp" 91
"../../../Engine/Content/BufferVisualization/SceneDepthWorldUnits.uasset" 92
"../../../Engine/Content/BufferVisualization/SceneDepthWorldUnits.uexp" 93
"../../../Engine/Content/BufferVisualization/SeparateTranslucencyA.uasset" 94
"../../../Engine/Content/BufferVisualization/SeparateTranslucencyA.uexp" 95
"../../../Engine/Content/BufferVisualization/SeparateTranslucencyRGB.uasset" 96
"../../../Engine/Content/BufferVisualization/SeparateTranslucencyRGB.uexp" 97
"../../../Engine/Content/BufferVisualization/Specular.uasset" 98
"../../../Engine/Content/BufferVisualization/Specular.uexp" 99
"../../../Engine/Content/BufferVisualization/SubsurfaceColor.uasset" 100
"../../../Engine/Content/BufferVisualization/SubsurfaceColor.uexp" 101
"../../../Engine/Content/BufferVisualization/Velocity.uasset" 102
"../../../Engine/Content/BufferVisualization/Velocity.uexp" 103
"../../../Engine/Content/BufferVisualization/WorldNormal.uasset" 104
"../../../Engine/Content/BufferVisualization/WorldNormal.uexp" 105
"../../../Engine/Content/BufferVisualization/WorldTangent.uasset" 106
"../../../Engine/Content/BufferVisualization/WorldTangent.uexp" 107
"../../../Engine/Content/EditorBlueprintResources/ActorMacros.uasset" 108
"../../../Engine/Content/EditorBlueprintResources/ActorMacros.uexp" 109
"../../../Engine/Content/EditorLandscapeResources/DataLayer.uasset" 110
"../../../Engine/Content/EditorLandscapeResources/DataLayer.uexp" 111
"../../../Engine/Content/EditorLandscapeResources/DefaultAlphaTexture.uasset" 112
"../../../Engine/Content/EditorLandscapeResources/DefaultAlphaTexture.uexp" 113
"../../../Engine/Content/EditorLandscapeResources/LandscapeGizmoHeight_Mat.uasset" 114
"../../../Engine/Content/EditorLandscapeResources/LandscapeGizmoHeight_Mat.uexp" 115
"../../../Engine/Content/EditorLandscapeResources/LandscapeGizmo_Mat.uasset" 116
"../../../Engine/Content/EditorLandscapeResources/LandscapeGizmo_Mat.uexp" 117
"../../../Engine/Content/EditorLandscapeResources/LandscapeGizmo_Mat_Copied.uasset" 118
"../../../Engine/Content/EditorLandscapeResources/LandscapeGizmo_Mat_Copied.uexp" 119
"../../../Engine/Content/EditorLandscapeResources/SplineEditorMeshMat.uasset" 120
"../../../Engine/Content/EditorLandscapeResources/SplineEditorMeshMat.uexp" 121
"../../../Engine/Content/EditorLandscapeResources/SplineEditorMesh.uasset" 122
"../../../Engine/Content/EditorLandscapeResources/SplineEditorMesh.uexp" 123
"../../../Engine/Content/EditorMaterials/Cross.uasset" 124
"../../../Engine/Content/EditorMaterials/Cross.uexp" 125
"../../../Engine/Content/EditorMaterials/Cross_Mat.uasset" 126
"../../../Engine/Content/EditorMaterials/Cross_Mat.uexp" 127
"../../../Engine/Content/EditorResources/T_EditorHelp.uasset" 128
"../../../Engine/Content/EditorResources/T_EditorHelp.uexp" 129
"../../../Engine/Content/EditorResources/T_EditorHelp.ubulk" 130
"../../../Engine/Content/EngineMaterials/DefaultDiffuse.uasset" 131
"../../../Engine/Content/EngineMaterials/DefaultDiffuse.uexp" 132
"../../../Engine/Content/EngineMaterials/DefaultDiffuse.ubulk" 133
"../../../Engine/Content/Functions/Engine_MaterialFunctions01/Texturing/TextureCropping.uasset" 134
"../../../Engine/Content/Functions/Engine_MaterialFunctions01/Texturing/TextureCropping.uexp" 135
"../../../Engine/Content/Functions/Engine_MaterialFunctions02/ExampleContent/DebugNumberStrip.uasset" 136
"../../../Engine/Content/Functions/Engine_MaterialFunctions02/ExampleContent/DebugNumberStrip.uexp" 137
"../../../Engine/Content/Functions/Engine_MaterialFunctions02/ExampleContent/Textures/DebugNumberPeriod.uasset" 138
"../../../Engine/Content/Functions/Engine_MaterialFunctions02/ExampleContent/Textures/DebugNumberPeriod.uexp" 139
"../../../Engine/Content/Functions/Engine_MaterialFunctions01/Texturing/ComputeMipLevel.uasset" 140
"../../../Engine/Content/Functions/Engine_MaterialFunctions01/Texturing/ComputeMipLevel.uexp" 141
"../../../Engine/Content/Functions/Engine_MaterialFunctions02/Utility/DebugScalarValues.uasset" 142
"../../../Engine/Content/Functions/Engine_MaterialFunctions02/Utility/DebugScalarValues.uexp" 143
"../../../Engine/Content/Functions/Engine_MaterialFunctions02/Utility/DebugFloat2Values.uasset" 144
"../../../Engine/Content/Functions/Engine_MaterialFunctions02/Utility/DebugFloat2Values.uexp" 145
"../../../Engine/Content/Functions/Engine_MaterialFunctions02/ExampleContent/Textures/flipbook.uasset" 146
"../../../Engine/Content/Functions/Engine_MaterialFunctions02/ExampleContent/Textures/flipbook.uexp" 147
"../../../Engine/Content/Functions/Engine_MaterialFunctions02/ExampleContent/Textures/flipbook.ubulk" 148
"../../../Engine/Content/Functions/Engine_MaterialFunctions02/Texturing/FlipBook.uasset" 149
"../../../Engine/Content/Functions/Engine_MaterialFunctions02/Texturing/FlipBook.uexp" 150
"../../../Engine/Content/Functions/Engine_MaterialFunctions02/Utility/Sign.uasset" 151
"../../../Engine/Content/Functions/Engine_MaterialFunctions02/Utility/Sign.uexp" 152
"../../../Engine/Content/Functions/Engine_MaterialFunctions02/Utility/Round.uasset" 153
"../../../Engine/Content/Functions/Engine_MaterialFunctions02/Utility/Round.uexp" 154
"../../../Engine/Content/EditorMaterials/HelpActorMaterial.uasset" 155
"../../../Engine/Content/EditorMaterials/HelpActorMaterial.uexp" 156
"../../../Engine/Content/Functions/Engine_MaterialFunctions03/Procedurals/ComputeFilterWidth.uasset" 157
"../../../Engine/Content/Functions/Engine_MaterialFunctions03/Procedurals/ComputeFilterWidth.uexp" 158
"../../../Engine/Content/EngineMaterials/BlendFunc_DefBlend.uasset" 159
"../../../Engine/Content/EngineMaterials/BlendFunc_DefBlend.uexp" 160
"../../../Engine/Content/EngineMaterials/BlendFunc_DefBase.uasset" 161
"../../../Engine/Content/EngineMaterials/BlendFunc_DefBase.uexp" 162
"../../../Engine/Content/Functions/Engine_MaterialFunctions03/Blends/Blend_Screen.uasset" 163
"../../../Engine/Content/Functions/Engine_MaterialFunctions03/Blends/Blend_Screen.uexp" 164
"../../../Engine/Content/EditorMaterials/TilingAALineIntegral.uasset" 165
"../../../Engine/Content/EditorMaterials/TilingAALineIntegral.uexp" 166
"../../../Engine/Content/EditorMaterials/TilingAALineBoxFiltered.uasset" 167
"../../../Engine/Content/EditorMaterials/TilingAALineBoxFiltered.uexp" 168
"../../../Engine/Content/EditorMaterials/TilingAAGrid.uasset" 169
"../../../Engine/Content/EditorMaterials/TilingAAGrid.uexp" 170
"../../../Engine/Content/EditorMaterials/TilingAADots.uasset" 171
"../../../Engine/Content/EditorMaterials/TilingAADots.uexp" 172
"../../../Engine/Content/EditorMaterials/CompositeARGBLayer.uasset" 173
"../../../Engine/Content/EditorMaterials/CompositeARGBLayer.uexp" 174
"../../../Engine/Content/EditorMaterials/LevelGridMaterial.uasset" 175
"../../../Engine/Content/EditorMaterials/LevelGridMaterial.uexp" 176
"../../../Engine/Content/EditorResources/LevelGrid1DStripes.uasset" 177
"../../../Engine/Content/EditorResources/LevelGrid1DStripes.uexp" 178
"../../../Engine/Content/EditorMaterials/TextureGridCascaded1D.uasset" 179
"../../../Engine/Content/EditorMaterials/TextureGridCascaded1D.uexp" 180
"../../../Engine/Content/EditorMaterials/TextureGridCascaded2D.uasset" 181
"../../../Engine/Content/EditorMaterials/TextureGridCascaded2D.uexp" 182
"../../../Engine/Content/EditorMaterials/MakeCompositeARGBLayer.uasset" 183
"../../../Engine/Content/EditorMaterials/MakeCompositeARGBLayer.uexp" 184
"../../../Engine/Content/EditorMaterials/LevelGridMaterial2.uasset" 185
"../../../Engine/Content/EditorMaterials/LevelGridMaterial2.uexp" 186
"../../../Engine/Content/EditorMaterials/MAT_Groups_Toggle.uasset" 187
"../../../Engine/Content/EditorMaterials/MAT_Groups_Toggle.uexp" 188
"../../../Engine/Content/EditorMaterials/MAT_Groups_Visibility.uasset" 189
"../../../Engine/Content/EditorMaterials/MAT_Groups_Visibility.uexp" 190
"../../../Engine/Content/EngineMaterials/Grid.uasset" 191
"../../../Engine/Content/EngineMaterials/Grid.uexp" 192
"../../../Engine/Content/EngineMaterials/Grid.ubulk" 193
"../../../Engine/Content/EditorResources/TilePatine_N.uasset" 194
"../../../Engine/Content/EditorResources/TilePatine_N.uexp" 195
"../../../Engine/Content/EditorResources/TilePatine_N.ubulk" 196
"../../../Engine/Content/EditorResources/TilePatine_D.uasset" 197
"../../../Engine/Content/EditorResources/TilePatine_D.uexp" 198
"../../../Engine/Content/EditorResources/TilePatine_D.ubulk" 199
"../../../Engine/Content/EditorMaterials/AntialiasedGridFloor.uasset" 200
"../../../Engine/Content/EditorMaterials/AntialiasedGridFloor.uexp" 201
"../../../Engine/Content/EditorMaterials/PersonaFloorMat.uasset" 202
"../../../Engine/Content/EditorMaterials/PersonaFloorMat.uexp" 203
"../../../Engine/Content/EditorMaterials/PhAT_BoneSelectedMaterial.uasset" 204
"../../../Engine/Content/EditorMaterials/PhAT_BoneSelectedMaterial.uexp" 205
"../../../Engine/Content/EditorMaterials/PhAT_ElemSelectedMaterial.uasset" 206
"../../../Engine/Content/EditorMaterials/PhAT_ElemSelectedMaterial.uexp" 207
"../../../Engine/Content/EditorMaterials/PhAT_NoCollisionMaterial.uasset" 208
"../../../Engine/Content/EditorMaterials/PhAT_NoCollisionMaterial.uexp" 209
"../../../Engine/Content/EditorMaterials/PhAT_UnselectedMaterial.uasset" 210
"../../../Engine/Content/EditorMaterials/PhAT_UnselectedMaterial.uexp" 211
"../../../Engine/Content/EditorMaterials/PreviewShadowIndicator.uasset" 212
"../../../Engine/Content/EditorMaterials/PreviewShadowIndicator.uexp" 213
"../../../Engine/Content/EditorMaterials/PreviewShadowIndicator.ubulk" 214
"../../../Engine/Content/EditorMaterials/PreviewShadowIndicatorMaterial.uasset" 215
"../../../Engine/Content/EditorMaterials/PreviewShadowIndicatorMaterial.uexp" 216
"../../../Engine/Content/EditorMaterials/TargetIcon.uasset" 217
"../../../Engine/Content/EditorMaterials/TargetIcon.uexp" 218
"../../../Engine/Content/EditorMaterials/TargetIcon.ubulk" 219
"../../../Engine/Content/EditorMaterials/Tick.uasset" 220
"../../../Engine/Content/EditorMaterials/Tick.uexp" 221
"../../../Engine/Content/EditorMaterials/Tick_Mat.uasset" 222
"../../../Engine/Content/EditorMaterials/Tick_Mat.uexp" 223
"../../../Engine/Content/EditorMaterials/WidgetGridVertexColorMaterial.uasset" 224
"../../../Engine/Content/EditorMaterials/WidgetGridVertexColorMaterial.uexp" 225
"../../../Engine/Content/EditorMaterials/WidgetGridVertexColorMaterial.ubulk" 226
"../../../Engine/Content/EditorMaterials/WidgetGridVertexColorMaterial_Ma.uasset" 227
"../../../Engine/Content/EditorMaterials/WidgetGridVertexColorMaterial_Ma.uexp" 228
"../../../Engine/Content/EditorMaterials/WidgetMaterial.uasset" 229
"../../../Engine/Content/EditorMaterials/WidgetMaterial.uexp" 230
"../../../Engine/Content/EditorMaterials/WidgetMaterial_Current.uasset" 231
"../../../Engine/Content/EditorMaterials/WidgetMaterial_Current.uexp" 232
"../../../Engine/Content/EditorMaterials/WidgetMaterial_X.uasset" 233
"../../../Engine/Content/EditorMaterials/WidgetMaterial_X.uexp" 234
"../../../Engine/Content/EditorMaterials/WidgetMaterial_Y.uasset" 235
"../../../Engine/Content/EditorMaterials/WidgetMaterial_Y.uexp" 236
"../../../Engine/Content/EditorMaterials/WidgetMaterial_Z.uasset" 237
"../../../Engine/Content/EditorMaterials/WidgetMaterial_Z.uexp" 238
"../../../Engine/Content/EditorMaterials/WidgetVertexColorMaterial.uasset" 239
"../../../Engine/Content/EditorMaterials/WidgetVertexColorMaterial.uexp" 240
"../../../Engine/Content/EditorMaterials/AssetViewer/EpicQuadPanorama_CC+EV1.uasset" 241
"../../../Engine/Content/EditorMaterials/AssetViewer/EpicQuadPanorama_CC+EV1.uexp" 242
"../../../Engine/Content/MapTemplates/Sky/SunsetAmbientCubemap.uasset" 243
"../../../Engine/Content/MapTemplates/Sky/SunsetAmbientCubemap.uexp" 244
"../../../Engine/Content/EditorMaterials/AssetViewer/M_SkyBox.uasset" 245
"../../../Engine/Content/EditorMaterials/AssetViewer/M_SkyBox.uexp" 246
"../../../Engine/Content/EditorMaterials/MatineeGroups/MAT_ColorTrack.uasset" 247
"../../../Engine/Content/EditorMaterials/MatineeGroups/MAT_ColorTrack.uexp" 248
"../../../Engine/Content/EditorMaterials/MatineeGroups/MAT_Groups_Anim.uasset" 249
"../../../Engine/Content/EditorMaterials/MatineeGroups/MAT_Groups_Anim.uexp" 250
"../../../Engine/Content/EditorMaterials/MatineeGroups/MAT_Groups_AudioMaster.uasset" 251
"../../../Engine/Content/EditorMaterials/MatineeGroups/MAT_Groups_AudioMaster.uexp" 252
"../../../Engine/Content/EditorMaterials/MatineeGroups/MAT_Groups_Director.uasset" 253
"../../../Engine/Content/EditorMaterials/MatineeGroups/MAT_Groups_Director.uexp" 254
"../../../Engine/Content/EditorMaterials/MatineeGroups/MAT_Groups_Event.uasset" 255
"../../../Engine/Content/EditorMaterials/MatineeGroups/MAT_Groups_Event.uexp" 256
"../../../Engine/Content/EditorMaterials/MatineeGroups/MAT_Groups_Fade.uasset" 257
"../../../Engine/Content/EditorMaterials/MatineeGroups/MAT_Groups_Fade.uexp" 258
"../../../Engine/Content/EditorMaterials/MatineeGroups/MAT_Groups_Float.uasset" 259
"../../../Engine/Content/EditorMaterials/MatineeGroups/MAT_Groups_Float.uexp" 260
"../../../Engine/Content/EditorMaterials/MatineeGroups/MAT_Groups_Move.uasset" 261
"../../../Engine/Content/EditorMaterials/MatineeGroups/MAT_Groups_Move.uexp" 262
"../../../Engine/Content/EditorMaterials/MatineeGroups/MAT_Groups_Slomo.uasset" 263
"../../../Engine/Content/EditorMaterials/MatineeGroups/MAT_Groups_Slomo.uexp" 264
"../../../Engine/Content/EditorMaterials/MatineeGroups/MAT_Groups_Sound.uasset" 265
"../../../Engine/Content/EditorMaterials/MatineeGroups/MAT_Groups_Sound.uexp" 266
"../../../Engine/Content/EditorMaterials/MatineeGroups/MAT_Groups_Vector.uasset" 267
"../../../Engine/Content/EditorMaterials/MatineeGroups/MAT_Groups_Vector.uexp" 268
"../../../Engine/Content/EditorMaterials/ParticleSystems/PSysThumbnail_NoImage.uasset" 269
"../../../Engine/Content/EditorMaterials/ParticleSystems/PSysThumbnail_NoImage.uexp" 270
"../../../Engine/Content/EditorMaterials/ParticleSystems/PSysThumbnail_NoImage.ubulk" 271
"../../../Engine/Content/EditorMaterials/ParticleSystems/PSysThumbnail_OOD.uasset" 272
"../../../Engine/Content/EditorMaterials/ParticleSystems/PSysThumbnail_OOD.uexp" 273
"../../../Engine/Content/EditorMaterials/ParticleSystems/PSysThumbnail_OOD.ubulk" 274
"../../../Engine/Content/EditorMaterials/Thumbnails/FloorPlaneMaterial.uasset" 275
"../../../Engine/Content/EditorMaterials/Thumbnails/FloorPlaneMaterial.uexp" 276
"../../../Engine/Content/EditorMeshes/EditorCube.uasset" 277
"../../../Engine/Content/EditorMeshes/EditorCube.uexp" 278
"../../../Engine/Content/EditorMeshes/EditorCylinder.uasset" 279
"../../../Engine/Content/EditorMeshes/EditorCylinder.uexp" 280
"../../../Engine/Content/EditorMeshes/EditorPlane.uasset" 281
"../../../Engine/Content/EditorMeshes/EditorPlane.uexp" 282
"../../../Engine/Content/EditorMaterials/Thumbnails/SkySphereMaterial.uasset" 283
"../../../Engine/Content/EditorMaterials/Thumbnails/SkySphereMaterial.uexp" 284
"../../../Engine/Content/EditorMeshes/EditorSkySphere.uasset" 285
"../../../Engine/Content/EditorMeshes/EditorSkySphere.uexp" 286
"../../../Engine/Content/EditorMeshes/EditorSphere.uasset" 287
"../../../Engine/Content/EditorMeshes/EditorSphere.uexp" 288
"../../../Engine/Content/EditorResources/MatineeCam_D.uasset" 289
"../../../Engine/Content/EditorResources/MatineeCam_D.uexp" 290
"../../../Engine/Content/EditorMaterials/MatineeCam_mat.uasset" 291
"../../../Engine/Content/EditorMaterials/MatineeCam_mat.uexp" 292
"../../../Engine/Content/EditorMeshes/MatineeCam_SM.uasset" 293
"../../../Engine/Content/EditorMeshes/MatineeCam_SM.uexp" 294
"../../../Engine/Content/Functions/Engine_MaterialFunctions01/Shading/ConvertFromDiffSpec.uasset" 295
"../../../Engine/Content/Functions/Engine_MaterialFunctions01/Shading/ConvertFromDiffSpec.uexp" 296
"../../../Engine/Content/EditorMaterials/GridMaterial.uasset" 297
"../../../Engine/Content/EditorMaterials/GridMaterial.uexp" 298
"../../../Engine/Content/EditorMeshes/PhAT_FloorBox.uasset" 299
"../../../Engine/Content/EditorMeshes/PhAT_FloorBox.uexp" 300
"../../../Engine/Content/EditorMeshes/PlanarReflectionPlane.uasset" 301
"../../../Engine/Content/EditorMeshes/PlanarReflectionPlane.uexp" 302
"../../../Engine/Content/EditorMeshes/AssetViewer/Floor_Mesh.uasset" 303
"../../../Engine/Content/EditorMeshes/AssetViewer/Floor_Mesh.uexp" 304
"../../../Engine/Content/EditorMeshes/AssetViewer/Sphere_inversenormals.uasset" 305
"../../../Engine/Content/EditorMeshes/AssetViewer/Sphere_inversenormals.uexp" 306
"../../../Engine/Content/EngineDebugMaterials/M_SimpleOpaque.uasset" 307
"../../../Engine/Content/EngineDebugMaterials/M_SimpleOpaque.uexp" 308
"../../../Engine/Content/EditorMaterials/Camera/MI_CineMat_CamViewFinder.uasset" 309
"../../../Engine/Content/EditorMaterials/Camera/MI_CineMat_CamViewFinder.uexp" 310
"../../../Engine/Content/EditorMaterials/Camera/CineMat.uasset" 311
"../../../Engine/Content/EditorMaterials/Camera/CineMat.uexp" 312
"../../../Engine/Content/EditorMaterials/Camera/MI_CineMat_CameraBody.uasset" 313
"../../../Engine/Content/EditorMaterials/Camera/MI_CineMat_CameraBody.uexp" 314
"../../../Engine/Content/EditorMeshes/Camera/SM_CineCam.uasset" 315
"../../../Engine/Content/EditorMeshes/Camera/SM_CineCam.uexp" 316
"../../../Engine/Content/EditorMaterials/Camera/MI_CineMat_Rig.uasset" 317
"../../../Engine/Content/EditorMaterials/Camera/MI_CineMat_Rig.uexp" 318
"../../../Engine/Content/EditorMeshes/Camera/SM_CraneRig_Arm.uasset" 319
"../../../Engine/Content/EditorMeshes/Camera/SM_CraneRig_Arm.uexp" 320
"../../../Engine/Content/EditorMeshes/Camera/SM_CraneRig_Base.uasset" 321
"../../../Engine/Content/EditorMeshes/Camera/SM_CraneRig_Base.uexp" 322
"../../../Engine/Content/EditorMeshes/Camera/SM_CraneRig_Body.uasset" 323
"../../../Engine/Content/EditorMeshes/Camera/SM_CraneRig_Body.uexp" 324
"../../../Engine/Content/EditorMeshes/Camera/SM_CraneRig_Mount.uasset" 325
"../../../Engine/Content/EditorMeshes/Camera/SM_CraneRig_Mount.uexp" 326
"../../../Engine/Content/EditorMeshes/Camera/SM_RailRig_Mount.uasset" 327
"../../../Engine/Content/EditorMeshes/Camera/SM_RailRig_Mount.uexp" 328
"../../../Engine/Content/EditorMeshes/Camera/SM_RailRig_Track.uasset" 329
"../../../Engine/Content/EditorMeshes/Camera/SM_RailRig_Track.uexp" 330
"../../../Engine/Content/EditorMeshes/ColorCalibrator/M_ChromeBall.uasset" 331
"../../../Engine/Content/EditorMeshes/ColorCalibrator/M_ChromeBall.uexp" 332
"../../../Engine/Content/EditorResources/Bad.uasset" 333
"../../../Engine/Content/EditorResources/Bad.uexp" 334
"../../../Engine/Content/EditorResources/Bad.ubulk" 335
"../../../Engine/Content/EditorResources/BSPVertex.uasset" 336
"../../../Engine/Content/EditorResources/BSPVertex.uexp" 337
"../../../Engine/Content/EditorResources/EmptyActor.uasset" 338
"../../../Engine/Content/EditorResources/EmptyActor.uexp" 339
"../../../Engine/Content/EditorResources/MatInstActSprite.uasset" 340
"../../../Engine/Content/EditorResources/MatInstActSprite.uexp" 341
"../../../Engine/Content/EditorResources/MatInstActSprite.ubulk" 342
"../../../Engine/Content/EditorResources/SceneManager.uasset" 343
"../../../Engine/Content/EditorResources/SceneManager.uexp" 344
"../../../Engine/Content/EditorResources/SceneManager.ubulk" 345
"../../../Engine/Content/EditorResources/SmallFont.uasset" 346
"../../../Engine/Content/EditorResources/SmallFont.uexp" 347
"../../../Engine/Content/EditorResources/S_Actor.uasset" 348
"../../../Engine/Content/EditorResources/S_Actor.uexp" 349
"../../../Engine/Content/EditorResources/S_Actor.ubulk" 350
"../../../Engine/Content/EditorResources/S_CameraShakeSource.uasset" 351
"../../../Engine/Content/EditorResources/S_CameraShakeSource.uexp" 352
"../../../Engine/Content/EditorResources/S_DecalActorIcon.uasset" 353
"../../../Engine/Content/EditorResources/S_DecalActorIcon.uexp" 354
"../../../Engine/Content/EditorResources/S_DecalActorIcon.ubulk" 355
"../../../Engine/Content/EditorResources/S_Emitter.uasset" 356
"../../../Engine/Content/EditorResources/S_Emitter.uexp" 357
"../../../Engine/Content/EditorResources/S_Emitter.ubulk" 358
"../../../Engine/Content/EditorResources/S_ExpoHeightFog.uasset" 359
"../../../Engine/Content/EditorResources/S_ExpoHeightFog.uexp" 360
"../../../Engine/Content/EditorResources/S_ExpoHeightFog.ubulk" 361
"../../../Engine/Content/EditorResources/S_FTest.uasset" 362
"../../../Engine/Content/EditorResources/S_FTest.uexp" 363
"../../../Engine/Content/EditorResources/S_KBSJoint.uasset" 364
"../../../Engine/Content/EditorResources/S_KBSJoint.uexp" 365
"../../../Engine/Content/EditorResources/S_KBSJoint.ubulk" 366
"../../../Engine/Content/EditorResources/S_KHinge.uasset" 367
"../../../Engine/Content/EditorResources/S_KHinge.uexp" 368
"../../../Engine/Content/EditorResources/S_KHinge.ubulk" 369
"../../../Engine/Content/EditorResources/S_KPrismatic.uasset" 370
"../../../Engine/Content/EditorResources/S_KPrismatic.uexp" 371
"../../../Engine/Content/EditorResources/S_KPrismatic.ubulk" 372
"../../../Engine/Content/EditorResources/S_LevelSequence.uasset" 373
"../../../Engine/Content/EditorResources/S_LevelSequence.uexp" 374
"../../../Engine/Content/EditorResources/S_LevelSequence.ubulk" 375
"../../../Engine/Content/EditorResources/S_NavP.uasset" 376
"../../../Engine/Content/EditorResources/S_NavP.uexp" 377
"../../../Engine/Content/EditorResources/S_NavP.ubulk" 378
"../../../Engine/Content/EditorResources/S_Note.uasset" 379
"../../../Engine/Content/EditorResources/S_Note.uexp" 380
"../../../Engine/Content/EditorResources/S_Note.ubulk" 381
"../../../Engine/Content/EditorResources/S_Player.uasset" 382
"../../../Engine/Content/EditorResources/S_Player.uexp" 383
"../../../Engine/Content/EditorResources/S_Player.ubulk" 384
"../../../Engine/Content/EditorResources/S_PortalActorIcon2.uasset" 385
"../../../Engine/Content/EditorResources/S_PortalActorIcon2.uexp" 386
"../../../Engine/Content/EditorResources/S_PortalActorIcon2.ubulk" 387
"../../../Engine/Content/EditorResources/S_RadForce.uasset" 388
"../../../Engine/Content/EditorResources/S_RadForce.uexp" 389
"../../../Engine/Content/EditorResources/S_RadForce.ubulk" 390
"../../../Engine/Content/EditorResources/S_ReflActorIcon.uasset" 391
"../../../Engine/Content/EditorResources/S_ReflActorIcon.uexp" 392
"../../../Engine/Content/EditorResources/S_ReflActorIcon.ubulk" 393
"../../../Engine/Content/EditorResources/S_SkyAtmosphere.uasset" 394
"../../../Engine/Content/EditorResources/S_SkyAtmosphere.uexp" 395
"../../../Engine/Content/EditorResources/S_SkyAtmosphere.ubulk" 396
"../../../Engine/Content/EditorResources/S_Solver.uasset" 397
"../../../Engine/Content/EditorResources/S_Solver.uexp" 398
"../../../Engine/Content/EditorResources/S_Solver.ubulk" 399
"../../../Engine/Content/EditorResources/S_Terrain.uasset" 400
"../../../Engine/Content/EditorResources/S_Terrain.uexp" 401
"../../../Engine/Content/EditorResources/S_Terrain.ubulk" 402
"../../../Engine/Content/EditorResources/S_TextRenderActorIcon.uasset" 403
"../../../Engine/Content/EditorResources/S_TextRenderActorIcon.uexp" 404
"../../../Engine/Content/EditorResources/S_TextRenderActorIcon.ubulk" 405
"../../../Engine/Content/EditorResources/S_Thruster.uasset" 406
"../../../Engine/Content/EditorResources/S_Thruster.uexp" 407
"../../../Engine/Content/EditorResources/S_Thruster.ubulk" 408
"../../../Engine/Content/EditorResources/S_Trigger.uasset" 409
"../../../Engine/Content/EditorResources/S_Trigger.uexp" 410
"../../../Engine/Content/EditorResources/S_Trigger.ubulk" 411
"../../../Engine/Content/EditorResources/S_VectorFieldVol.uasset" 412
"../../../Engine/Content/EditorResources/S_VectorFieldVol.uexp" 413
"../../../Engine/Content/EditorResources/S_VectorFieldVol.ubulk" 414
"../../../Engine/Content/EditorResources/S_VolumetricCloud.uasset" 415
"../../../Engine/Content/EditorResources/S_VolumetricCloud.uexp" 416
"../../../Engine/Content/EditorResources/S_VolumetricCloud.ubulk" 417
"../../../Engine/Content/EditorResources/S_WindDirectional.uasset" 418
"../../../Engine/Content/EditorResources/S_WindDirectional.uexp" 419
"../../../Engine/Content/EditorResources/S_WindDirectional.ubulk" 420
"../../../Engine/Content/EditorResources/AI/S_NavLink.uasset" 421
"../../../Engine/Content/EditorResources/AI/S_NavLink.uexp" 422
"../../../Engine/Content/EditorResources/LightIcons/SkyLight.uasset" 423
"../../../Engine/Content/EditorResources/LightIcons/SkyLight.uexp" 424
"../../../Engine/Content/EditorResources/LightIcons/S_LightDirectional.uasset" 425
"../../../Engine/Content/EditorResources/LightIcons/S_LightDirectional.uexp" 426
"../../../Engine/Content/EditorResources/LightIcons/S_LightDirectionalMove.uasset" 427
"../../../Engine/Content/EditorResources/LightIcons/S_LightDirectionalMove.uexp" 428
"../../../Engine/Content/EditorResources/LightIcons/S_LightError.uasset" 429
"../../../Engine/Content/EditorResources/LightIcons/S_LightError.uexp" 430
"../../../Engine/Content/EditorResources/LightIcons/S_LightPoint.uasset" 431
"../../../Engine/Content/EditorResources/LightIcons/S_LightPoint.uexp" 432
"../../../Engine/Content/EditorResources/LightIcons/S_LightPointMove.uasset" 433
"../../../Engine/Content/EditorResources/LightIcons/S_LightPointMove.uexp" 434
"../../../Engine/Content/EditorResources/LightIcons/S_LightSpot.uasset" 435
"../../../Engine/Content/EditorResources/LightIcons/S_LightSpot.uexp" 436
"../../../Engine/Content/EditorResources/LightIcons/S_LightSpotMove.uasset" 437
"../../../Engine/Content/EditorResources/LightIcons/S_LightSpotMove.uexp" 438
"../../../Engine/Content/EditorResources/SequenceRecorder/Countdown.uasset" 439
"../../../Engine/Content/EditorResources/SequenceRecorder/Countdown.uexp" 440
"../../../Engine/Content/EditorResources/SequenceRecorder/RecordingIndicator.uasset" 441
"../../../Engine/Content/EditorResources/SequenceRecorder/RecordingIndicator.uexp" 442
"../../../Engine/Content/EditorResources/Spline/T_Loft_Spline.uasset" 443
"../../../Engine/Content/EditorResources/Spline/T_Loft_Spline.uexp" 444
"../../../Engine/Content/EditorSounds/Notifications/CompileSuccess.uasset" 445
"../../../Engine/Content/EditorSounds/Notifications/CompileSuccess.uexp" 446
"../../../Engine/Content/EditorSounds/Notifications/CompileStart_Cue.uasset" 447
"../../../Engine/Content/EditorSounds/Notifications/CompileStart_Cue.uexp" 448
"../../../Engine/Content/EngineDamageTypes/DmgTypeBP_Environmental.uasset" 449
"../../../Engine/Content/EngineDamageTypes/DmgTypeBP_Environmental.uexp" 450
"../../../Engine/Content/EngineDebugMaterials/HeatmapGradient.uasset" 451
"../../../Engine/Content/EngineDebugMaterials/HeatmapGradient.uexp" 452
"../../../Engine/Content/EngineDebugMaterials/HeatmapGradient.ubulk" 453
"../../../Engine/Content/EngineDebugMaterials/BoneWeightMaterial.uasset" 454
"../../../Engine/Content/EngineDebugMaterials/BoneWeightMaterial.uexp" 455
"../../../Engine/Content/EngineDebugMaterials/ClothMaterial.uasset" 456
"../../../Engine/Content/EngineDebugMaterials/ClothMaterial.uexp" 457
"../../../Engine/Content/EngineDebugMaterials/ClothMaterial_WF.uasset" 458
"../../../Engine/Content/EngineDebugMaterials/ClothMaterial_WF.uexp" 459
"../../../Engine/Content/EngineDebugMaterials/DebugEditorMaterial.uasset" 460
"../../../Engine/Content/EngineDebugMaterials/DebugEditorMaterial.uexp" 461
"../../../Engine/Content/EngineDebugMaterials/DebugMeshMaterial.uasset" 462
"../../../Engine/Content/EngineDebugMaterials/DebugMeshMaterial.uexp" 463
"../../../Engine/Content/EngineDebugMaterials/GeomMaterial.uasset" 464
"../../../Engine/Content/EngineDebugMaterials/GeomMaterial.uexp" 465
"../../../Engine/Content/EngineDebugMaterials/LevelColorationLitMaterial.uasset" 466
"../../../Engine/Content/EngineDebugMaterials/LevelColorationLitMaterial.uexp" 467
"../../../Engine/Content/EngineDebugMaterials/LevelColorationUnlitMaterial.uasset" 468
"../../../Engine/Content/EngineDebugMaterials/LevelColorationUnlitMaterial.uexp" 469
"../../../Engine/Content/EngineMaterials/DefaultWhiteGrid.uasset" 470
"../../../Engine/Content/EngineMaterials/DefaultWhiteGrid.uexp" 471
"../../../Engine/Content/EngineMaterials/DefaultWhiteGrid.ubulk" 472
"../../../Engine/Content/EngineDebugMaterials/MAT_LevelColorationLitLightmapUV.uasset" 473
"../../../Engine/Content/EngineDebugMaterials/MAT_LevelColorationLitLightmapUV.uexp" 474
"../../../Engine/Content/EngineDebugMaterials/M_SimpleUnlitTranslucent.uasset" 475
"../../../Engine/Content/EngineDebugMaterials/M_SimpleUnlitTranslucent.uexp" 476
"../../../Engine/Content/EngineDebugMaterials/VolumeToRender.uasset" 477
"../../../Engine/Content/EngineDebugMaterials/VolumeToRender.uexp" 478
"../../../Engine/Content/Functions/Engine_MaterialFunctions02/Utility/CameraDirectionVector.uasset" 479
"../../../Engine/Content/Functions/Engine_MaterialFunctions02/Utility/CameraDirectionVector.uexp" 480
"../../../Engine/Content/EngineDebugMaterials/M_VolumeRenderSphereTracePP.uasset" 481
"../../../Engine/Content/EngineDebugMaterials/M_VolumeRenderSphereTracePP.uexp" 482
"../../../Engine/Content/EngineMaterials/DefaultWhiteGrid_Low.uasset" 483
"../../../Engine/Content/EngineMaterials/DefaultWhiteGrid_Low.uexp" 484
"../../../Engine/Content/EngineDebugMaterials/PhysicalMaterialMaskMaterial.uasset" 485
"../../../Engine/Content/EngineDebugMaterials/PhysicalMaterialMaskMaterial.uexp" 486
"../../../Engine/Content/EngineDebugMaterials/ShadedLevelColorationLitMaterial.uasset" 487
"../../../Engine/Content/EngineDebugMaterials/ShadedLevelColorationLitMaterial.uexp" 488
"../../../Engine/Content/EngineDebugMaterials/ShadedLevelColorationUnlitMateri.uasset" 489
"../../../Engine/Content/EngineDebugMaterials/ShadedLevelColorationUnlitMateri.uexp" 490
"../../../Engine/Content/EngineDebugMaterials/VertexColorMaterial.uasset" 491
"../../../Engine/Content/EngineDebugMaterials/VertexColorMaterial.uexp" 492
"../../../Engine/Content/EngineDebugMaterials/VertexColorViewMode_AlphaAsColor.uasset" 493
"../../../Engine/Content/EngineDebugMaterials/VertexColorViewMode_AlphaAsColor.uexp" 494
"../../../Engine/Content/EngineDebugMaterials/VertexColorViewMode_BlueOnly.uasset" 495
"../../../Engine/Content/EngineDebugMaterials/VertexColorViewMode_BlueOnly.uexp" 496
"../../../Engine/Content/EngineDebugMaterials/VertexColorViewMode_ColorOnly.uasset" 497
"../../../Engine/Content/EngineDebugMaterials/VertexColorViewMode_ColorOnly.uexp" 498
"../../../Engine/Content/EngineDebugMaterials/VertexColorViewMode_GreenOnly.uasset" 499
"../../../Engine/Content/EngineDebugMaterials/VertexColorViewMode_GreenOnly.uexp" 500
"../../../Engine/Content/EngineDebugMaterials/VertexColorViewMode_RedOnly.uasset" 501
"../../../Engine/Content/EngineDebugMaterials/VertexColorViewMode_RedOnly.uexp" 502
"../../../Engine/Content/EngineDebugMaterials/WireframeMaterial.uasset" 503
"../../../Engine/Content/EngineDebugMaterials/WireframeMaterial.uexp" 504
"../../../Engine/Content/EngineFonts/Faces/RobotoRegular.uasset" 505
"../../../Engine/Content/EngineFonts/Faces/RobotoRegular.uexp" 506
"../../../Engine/Content/EngineFonts/Faces/RobotoRegular.ufont" 507
"../../../Engine/Content/EngineFonts/Faces/RobotoLight.uasset" 508
"../../../Engine/Content/EngineFonts/Faces/RobotoLight.uexp" 509
"../../../Engine/Content/EngineFonts/Faces/RobotoLight.ufont" 510
"../../../Engine/Content/EngineFonts/Faces/RobotoItalic.uasset" 511
"../../../Engine/Content/EngineFonts/Faces/RobotoItalic.uexp" 512
"../../../Engine/Content/EngineFonts/Faces/RobotoItalic.ufont" 513
"../../../Engine/Content/EngineFonts/Faces/RobotoBoldItalic.uasset" 514
"../../../Engine/Content/EngineFonts/Faces/RobotoBoldItalic.uexp" 515
"../../../Engine/Content/EngineFonts/Faces/RobotoBoldItalic.ufont" 516
"../../../Engine/Content/EngineFonts/Faces/RobotoBold.uasset" 517
"../../../Engine/Content/EngineFonts/Faces/RobotoBold.uexp" 518
"../../../Engine/Content/EngineFonts/Faces/RobotoBold.ufont" 519
"../../../Engine/Content/EngineFonts/Faces/DroidSansFallback.uasset" 520
"../../../Engine/Content/EngineFonts/Faces/DroidSansFallback.uexp" 521
"../../../Engine/Content/EngineFonts/Faces/DroidSansFallback.ufont" 522
"../../../Engine/Content/EngineFonts/Roboto.uasset" 523
"../../../Engine/Content/EngineFonts/Roboto.uexp" 524
"../../../Engine/Content/EngineFonts/Faces/RobotoTiny.uasset" 525
"../../../Engine/Content/EngineFonts/Faces/RobotoTiny.uexp" 526
"../../../Engine/Content/EngineFonts/Faces/RobotoTiny.ufont" 527
"../../../Engine/Content/EngineFonts/RobotoTiny.uasset" 528
"../../../Engine/Content/EngineFonts/RobotoTiny.uexp" 529
"../../../Engine/Content/EngineFonts/SmallFont.uasset" 530
"../../../Engine/Content/EngineFonts/SmallFont.uexp" 531
"../../../Engine/Content/EngineFonts/TinyFont.uasset" 532
"../../../Engine/Content/EngineFonts/TinyFont.uexp" 533
"../../../Engine/Content/EngineMaterials/BaseFlattenNormalMap.uasset" 534
"../../../Engine/Content/EngineMaterials/BaseFlattenNormalMap.uexp" 535
"../../../Engine/Content/EngineMaterials/BaseFlattenGrayscaleMap.uasset" 536
"../../../Engine/Content/EngineMaterials/BaseFlattenGrayscaleMap.uexp" 537
"../../../Engine/Content/EngineMaterials/BaseFlattenEmissiveMap.uasset" 538
"../../../Engine/Content/EngineMaterials/BaseFlattenEmissiveMap.uexp" 539
"../../../Engine/Content/EngineMaterials/BaseFlattenDiffuseMap.uasset" 540
"../../../Engine/Content/EngineMaterials/BaseFlattenDiffuseMap.uexp" 541
"../../../Engine/Content/EngineMaterials/BaseFlattenMaterial.uasset" 542
"../../../Engine/Content/EngineMaterials/BaseFlattenMaterial.uexp" 543
"../../../Engine/Content/EngineResources/WhiteSquareTexture.uasset" 544
"../../../Engine/Content/EngineResources/WhiteSquareTexture.uexp" 545
"../../../Engine/Content/EngineMaterials/BlinkingCaret.uasset" 546
"../../../Engine/Content/EngineMaterials/BlinkingCaret.uexp" 547
"../../../Engine/Content/EngineMaterials/BlueNoise.uasset" 548
"../../../Engine/Content/EngineMaterials/BlueNoise.uexp" 549
"../../../Engine/Content/EngineMaterials/DefaultBloomKernel.uasset" 550
"../../../Engine/Content/EngineMaterials/DefaultBloomKernel.uexp" 551
"../../../Engine/Content/EngineMaterials/DefaultBokeh.uasset" 552
"../../../Engine/Content/EngineMaterials/DefaultBokeh.uexp" 553
"../../../Engine/Content/EngineMaterials/DefaultDeferredDecalMaterial.uasset" 554
"../../../Engine/Content/EngineMaterials/DefaultDeferredDecalMaterial.uexp" 555
"../../../Engine/Content/EngineMaterials/DefaultLightFunctionMaterial.uasset" 556
"../../../Engine/Content/EngineMaterials/DefaultLightFunctionMaterial.uexp" 557
"../../../Engine/Content/EngineMaterials/DefaultPostProcessMaterial.uasset" 558
"../../../Engine/Content/EngineMaterials/DefaultPostProcessMaterial.uexp" 559
"../../../Engine/Content/EngineFonts/RobotoDistanceField.uasset" 560
"../../../Engine/Content/EngineFonts/RobotoDistanceField.uexp" 561
"../../../Engine/Content/EngineMaterials/DefaultTextMaterialOpaque.uasset" 562
"../../../Engine/Content/EngineMaterials/DefaultTextMaterialOpaque.uexp" 563
"../../../Engine/Content/EngineMaterials/EditorBrushMaterial.uasset" 564
"../../../Engine/Content/EngineMaterials/EditorBrushMaterial.uexp" 565
"../../../Engine/Content/EngineMaterials/EmissiveMeshMaterial.uasset" 566
"../../../Engine/Content/EngineMaterials/EmissiveMeshMaterial.uexp" 567
"../../../Engine/Content/EngineMaterials/GizmoMaterial.uasset" 568
"../../../Engine/Content/EngineMaterials/GizmoMaterial.uexp" 569
"../../../Engine/Content/EngineMaterials/Good64x64TilingNoiseHighFreq.uasset" 570
"../../../Engine/Content/EngineMaterials/Good64x64TilingNoiseHighFreq.uexp" 571
"../../../Engine/Content/EngineMaterials/Grid_N.uasset" 572
"../../../Engine/Content/EngineMaterials/Grid_N.uexp" 573
"../../../Engine/Content/EngineMaterials/Grid_N.ubulk" 574
"../../../Engine/Content/EngineMaterials/HighResolutionScreenshotMaskFunction.uasset" 575
"../../../Engine/Content/EngineMaterials/HighResolutionScreenshotMaskFunction.uexp" 576
"../../../Engine/Content/EngineMaterials/HighResScreenshot.uasset" 577
"../../../Engine/Content/EngineMaterials/HighResScreenshot.uexp" 578
"../../../Engine/Content/EngineMaterials/HighResScreenshotCaptureRegion.uasset" 579
"../../../Engine/Content/EngineMaterials/HighResScreenshotCaptureRegion.uexp" 580
"../../../Engine/Content/EngineMaterials/HighResScreenshotMask.uasset" 581
"../../../Engine/Content/EngineMaterials/HighResScreenshotMask.uexp" 582
"../../../Engine/Content/EngineMaterials/LandscapeHolePhysicalMaterial.uasset" 583
"../../../Engine/Content/EngineMaterials/LandscapeHolePhysicalMaterial.uexp" 584
"../../../Engine/Content/EngineMaterials/InvalidLightmapSettings.uasset" 585
"../../../Engine/Content/EngineMaterials/InvalidLightmapSettings.uexp" 586
"../../../Engine/Content/EngineMaterials/InvalidLightmapSettings.ubulk" 587
"../../../Engine/Content/EngineMaterials/M_InvalidLightmapSettings.uasset" 588
"../../../Engine/Content/EngineMaterials/M_InvalidLightmapSettings.uexp" 589
"../../../Engine/Content/EngineMaterials/PaperDiffuse.uasset" 590
"../../../Engine/Content/EngineMaterials/PaperDiffuse.uexp" 591
"../../../Engine/Content/EngineMaterials/PaperNormal.uasset" 592
"../../../Engine/Content/EngineMaterials/PaperNormal.uexp" 593
"../../../Engine/Content/Functions/Engine_MaterialFunctions02/WorldPositionOffset/CameraOffset.uasset" 594
"../../../Engine/Content/Functions/Engine_MaterialFunctions02/WorldPositionOffset/CameraOffset.uexp" 595
"../../../Engine/Content/EngineMaterials/PhAT_JointLimitMaterial.uasset" 596
"../../../Engine/Content/EngineMaterials/PhAT_JointLimitMaterial.uexp" 597
"../../../Engine/Content/EngineMaterials/PhysMat_Rubber.uasset" 598
"../../../Engine/Content/EngineMaterials/PhysMat_Rubber.uexp" 599
"../../../Engine/Content/EngineMaterials/DefaultCalibrationColor.uasset" 600
"../../../Engine/Content/EngineMaterials/DefaultCalibrationColor.uexp" 601
"../../../Engine/Content/EngineMaterials/PPM_DefaultCalibrationColor.uasset" 602
"../../../Engine/Content/EngineMaterials/PPM_DefaultCalibrationColor.uexp" 603
"../../../Engine/Content/EngineMaterials/DefaultCalibrationGrayscale.uasset" 604
"../../../Engine/Content/EngineMaterials/DefaultCalibrationGrayscale.uexp" 605
"../../../Engine/Content/EngineMaterials/PPM_DefaultCalibrationGrayscale.uasset" 606
"../../../Engine/Content/EngineMaterials/PPM_DefaultCalibrationGrayscale.uexp" 607
"../../../Engine/Content/EngineMaterials/PreintegratedSkinBRDF.uasset" 608
"../../../Engine/Content/EngineMaterials/PreintegratedSkinBRDF.uexp" 609
"../../../Engine/Content/EngineMaterials/RemoveSurfaceMaterial.uasset" 610
"../../../Engine/Content/EngineMaterials/RemoveSurfaceMaterial.uexp" 611
"../../../Engine/Content/EngineMaterials/WeightMapPlaceholderTexture.uasset" 612
"../../../Engine/Content/EngineMaterials/WeightMapPlaceholderTexture.uexp" 613
"../../../Engine/Content/Functions/Engine_MaterialFunctions01/ImageAdjustment/sRGBToLinear.uasset" 614
"../../../Engine/Content/Functions/Engine_MaterialFunctions01/ImageAdjustment/sRGBToLinear.uexp" 615
"../../../Engine/Content/Functions/Engine_MaterialFunctions02/Utility/BreakOutFloat3Components.uasset" 616
"../../../Engine/Content/Functions/Engine_MaterialFunctions02/Utility/BreakOutFloat3Components.uexp" 617
"../../../Engine/Content/EngineMaterials/Widget3DCameraPassThrough_Opaque_OneSided.uasset" 618
"../../../Engine/Content/EngineMaterials/Widget3DCameraPassThrough_Opaque_OneSided.uexp" 619
"../../../Engine/Content/EngineMaterials/Widget3DPassThrough.uasset" 620
"../../../Engine/Content/EngineMaterials/Widget3DPassThrough.uexp" 621
"../../../Engine/Content/EngineMaterials/Widget3DPassThrough_Masked.uasset" 622
"../../../Engine/Content/EngineMaterials/Widget3DPassThrough_Masked.uexp" 623
"../../../Engine/Content/EngineMaterials/Widget3DPassThrough_Opaque.uasset" 624
"../../../Engine/Content/EngineMaterials/Widget3DPassThrough_Opaque.uexp" 625
"../../../Engine/Content/EngineMaterials/Widget3DPassThrough_Masked_OneSided.uasset" 626
"../../../Engine/Content/EngineMaterials/Widget3DPassThrough_Masked_OneSided.uexp" 627
"../../../Engine/Content/EngineMaterials/Widget3DPassThrough_Opaque_OneSided.uasset" 628
"../../../Engine/Content/EngineMaterials/Widget3DPassThrough_Opaque_OneSided.uexp" 629
"../../../Engine/Content/EngineMaterials/Widget3DPassThrough_Translucent.uasset" 630
"../../../Engine/Content/EngineMaterials/Widget3DPassThrough_Translucent.uexp" 631
"../../../Engine/Content/EngineMaterials/Widget3DPassThrough_Translucent_OneSided.uasset" 632
"../../../Engine/Content/EngineMaterials/Widget3DPassThrough_Translucent_OneSided.uexp" 633
"../../../Engine/Content/EngineMeshes/Cylinder.uasset" 634
"../../../Engine/Content/EngineMeshes/Cylinder.uexp" 635
"../../../Engine/Content/EngineMeshes/Sphere.uasset" 636
"../../../Engine/Content/EngineMeshes/Sphere.uexp" 637
"../../../Engine/Content/EngineResources/DefaultTextureCube.uasset" 638
"../../../Engine/Content/EngineResources/DefaultTextureCube.uexp" 639
"../../../Engine/Content/EngineResources/DefaultVolumeTexture2D.uasset" 640
"../../../Engine/Content/EngineResources/DefaultVolumeTexture2D.uexp" 641
"../../../Engine/Content/EngineResources/DefaultVolumeTexture.uasset" 642
"../../../Engine/Content/EngineResources/DefaultVolumeTexture.uexp" 643
"../../../Engine/Content/EngineResources/GradientTexture0.uasset" 644
"../../../Engine/Content/EngineResources/GradientTexture0.uexp" 645
"../../../Engine/Content/EngineResources/StreamingPauseIcon.uasset" 646
"../../../Engine/Content/EngineResources/StreamingPauseIcon.uexp" 647
"../../../Engine/Content/EngineResources/M_StreamingPause.uasset" 648
"../../../Engine/Content/EngineResources/M_StreamingPause.uexp" 649
"../../../Engine/Content/EngineSky/VolumetricClouds/T_NoiseShape64.uasset" 650
"../../../Engine/Content/EngineSky/VolumetricClouds/T_NoiseShape64.uexp" 651
"../../../Engine/Content/EngineSky/VolumetricClouds/T_NoiseShape64.ubulk" 652
"../../../Engine/Content/EngineSky/VolumetricClouds/T_VolumeNoiseShape64.uasset" 653
"../../../Engine/Content/EngineSky/VolumetricClouds/T_VolumeNoiseShape64.uexp" 654
"../../../Engine/Content/EngineSky/VolumetricClouds/T_NoiseErosion.uasset" 655
"../../../Engine/Content/EngineSky/VolumetricClouds/T_NoiseErosion.uexp" 656
"../../../Engine/Content/EngineSky/VolumetricClouds/T_NoiseErosion.ubulk" 657
"../../../Engine/Content/EngineSky/VolumetricClouds/T_VolumeNoiseErosion32.uasset" 658
"../../../Engine/Content/EngineSky/VolumetricClouds/T_VolumeNoiseErosion32.uexp" 659
"../../../Engine/Content/EngineSky/VolumetricClouds/CloudWeatherTexture.uasset" 660
"../../../Engine/Content/EngineSky/VolumetricClouds/CloudWeatherTexture.uexp" 661
"../../../Engine/Content/EngineSky/VolumetricClouds/CloudGradientTexture.uasset" 662
"../../../Engine/Content/EngineSky/VolumetricClouds/CloudGradientTexture.uexp" 663
"../../../Engine/Content/EngineSky/VolumetricClouds/m_SimpleVolumetricCloud.uasset" 664
"../../../Engine/Content/EngineSky/VolumetricClouds/m_SimpleVolumetricCloud.uexp" 665
"../../../Engine/Content/EngineSky/VolumetricClouds/m_SimpleVolumetricCloud_Inst.uasset" 666
"../../../Engine/Content/EngineSky/VolumetricClouds/m_SimpleVolumetricCloud_Inst.uexp" 667
"../../../Engine/Content/EngineSounds/Master.uasset" 668
"../../../Engine/Content/EngineSounds/Master.uexp" 669
"../../../Engine/Content/Functions/Engine_MaterialFunctions01/Shading/PowerToRoughness.uasset" 670
"../../../Engine/Content/Functions/Engine_MaterialFunctions01/Shading/PowerToRoughness.uexp" 671
"../../../Engine/Content/Maps/Templates/Thumbnails/Default.uasset" 672
"../../../Engine/Content/Maps/Templates/Thumbnails/Default.uexp" 673
"../../../Engine/Content/Maps/Templates/Thumbnails/TimeOfDay.uasset" 674
"../../../Engine/Content/Maps/Templates/Thumbnails/TimeOfDay.uexp" 675
"../../../Engine/Content/Maps/Templates/Thumbnails/VR-Basic.uasset" 676
"../../../Engine/Content/Maps/Templates/Thumbnails/VR-Basic.uexp" 677
"../../../Engine/Content/MapTemplates/Sky/DaylightAmbientCubemap.uasset" 678
"../../../Engine/Content/MapTemplates/Sky/DaylightAmbientCubemap.uexp" 679
"../../../Engine/Content/MobileResources/T_MobileControls_texture.uasset" 680
"../../../Engine/Content/MobileResources/T_MobileControls_texture.uexp" 681
"../../../Engine/Content/MobileResources/T_MobileMenu2.uasset" 682
"../../../Engine/Content/MobileResources/T_MobileMenu2.uexp" 683
"../../../Engine/Content/MobileResources/HUD/AnalogHat.uasset" 684
"../../../Engine/Content/MobileResources/HUD/AnalogHat.uexp" 685
"../../../Engine/Content/MobileResources/HUD/VirtualJoystick_Thumb.uasset" 686
"../../../Engine/Content/MobileResources/HUD/VirtualJoystick_Thumb.uexp" 687
"../../../Engine/Content/MobileResources/HUD/VirtualJoystick_Background.uasset" 688
"../../../Engine/Content/MobileResources/HUD/VirtualJoystick_Background.uexp" 689
"../../../Engine/Content/MobileResources/HUD/DefaultVirtualJoysticks.uasset" 690
"../../../Engine/Content/MobileResources/HUD/DefaultVirtualJoysticks.uexp" 691
"../../../Engine/Content/MobileResources/HUD/LeftVirtualJoystickOnly.uasset" 692
"../../../Engine/Content/MobileResources/HUD/LeftVirtualJoystickOnly.uexp" 693
"../../../Engine/Content/MobileResources/HUD/MobileHUDButton1_off.uasset" 694
"../../../Engine/Content/MobileResources/HUD/MobileHUDButton1_off.uexp" 695
"../../../Engine/Content/MobileResources/HUD/MobileHUDButton1_on.uasset" 696
"../../../Engine/Content/MobileResources/HUD/MobileHUDButton1_on.uexp" 697
"../../../Engine/Content/MobileResources/HUD/MobileHUDButton2_off.uasset" 698
"../../../Engine/Content/MobileResources/HUD/MobileHUDButton2_off.uexp" 699
"../../../Engine/Content/MobileResources/HUD/MobileHUDButton2_on.uasset" 700
"../../../Engine/Content/MobileResources/HUD/MobileHUDButton2_on.uexp" 701
"../../../Engine/Content/MobileResources/HUD/MobileHUDButton3.uasset" 702
"../../../Engine/Content/MobileResources/HUD/MobileHUDButton3.uexp" 703
"../../../Engine/Content/MobileResources/HUD/MobileHUDButtonFire.uasset" 704
"../../../Engine/Content/MobileResources/HUD/MobileHUDButtonFire.uexp" 705
"../../../Engine/Content/MobileResources/HUD/MobileHUDDirectionPad.uasset" 706
"../../../Engine/Content/MobileResources/HUD/MobileHUDDirectionPad.uexp" 707
"../../../Engine/Content/MobileResources/HUD/MobileHUDDirectionPad2.uasset" 708
"../../../Engine/Content/MobileResources/HUD/MobileHUDDirectionPad2.uexp" 709
"../../../Engine/Content/MobileResources/HUD/MobileHUDDirectionPad3.uasset" 710
"../../../Engine/Content/MobileResources/HUD/MobileHUDDirectionPad3.uexp" 711
"../../../Engine/Content/MobileResources/HUD/MobileHUDDirectionStick.uasset" 712
"../../../Engine/Content/MobileResources/HUD/MobileHUDDirectionStick.uexp" 713
"../../../Engine/Content/MobileResources/HUD/T_Castle_ThumbstickInner.uasset" 714
"../../../Engine/Content/MobileResources/HUD/T_Castle_ThumbstickInner.uexp" 715
"../../../Engine/Content/MobileResources/HUD/T_Castle_ThumbstickOutter.uasset" 716
"../../../Engine/Content/MobileResources/HUD/T_Castle_ThumbstickOutter.uexp" 717
"../../../Engine/Content/Tutorial/ContentIntroCurve.uasset" 718
"../../../Engine/Content/Tutorial/ContentIntroCurve.uexp" 719
"../../../Engine/Content/Tutorial/Basics/TutorialAssets/icon_tab_Levels_40x.uasset" 720
"../../../Engine/Content/Tutorial/Basics/TutorialAssets/icon_tab_Levels_40x.uexp" 721
"../../../Engine/Content/Tutorial/BlueprintTutorials/TutorialAssets/Blueprint_64x.uasset" 722
"../../../Engine/Content/Tutorial/BlueprintTutorials/TutorialAssets/Blueprint_64x.uexp" 723
"../../../Engine/Content/VREditor/TransformGizmo/TranslucentTransformGizmoMaterial.uasset" 724
"../../../Engine/Content/VREditor/TransformGizmo/TranslucentTransformGizmoMaterial.uexp" 725
"../../../Engine/Content/VREditor/LaserPointer/VR_LaserPower_01.uasset" 726
"../../../Engine/Content/VREditor/LaserPointer/VR_LaserPower_01.uexp" 727
"../../../Engine/Content/VREditor/LaserPointer/VR_LaserPower_01.ubulk" 728
"../../../Engine/Content/VREditor/TransformGizmo/TransformGizmoMaterial.uasset" 729
"../../../Engine/Content/VREditor/TransformGizmo/TransformGizmoMaterial.uexp" 730
"../../../Engine/Content/VREditor/TransformGizmo/BoundingBoxCorner.uasset" 731
"../../../Engine/Content/VREditor/TransformGizmo/BoundingBoxCorner.uexp" 732
"../../../Engine/Content/VREditor/TransformGizmo/BoundingBoxEdge.uasset" 733
"../../../Engine/Content/VREditor/TransformGizmo/BoundingBoxEdge.uexp" 734
"../../../Engine/Content/VREditor/TransformGizmo/PlaneTranslationHandle.uasset" 735
"../../../Engine/Content/VREditor/TransformGizmo/PlaneTranslationHandle.uexp" 736
"../../../Engine/Content/VREditor/TransformGizmo/Xray.uasset" 737
"../../../Engine/Content/VREditor/TransformGizmo/Xray.uexp" 738
"../../../Engine/Content/VREditor/TransformGizmo/Main.uasset" 739
"../../../Engine/Content/VREditor/TransformGizmo/Main.uexp" 740
"../../../Engine/Content/VREditor/TransformGizmo/SM_Sequencer_Key.uasset" 741
"../../../Engine/Content/VREditor/TransformGizmo/SM_Sequencer_Key.uexp" 742
"../../../Engine/Content/VREditor/TransformGizmo/SM_Sequencer_Node.uasset" 743
"../../../Engine/Content/VREditor/TransformGizmo/SM_Sequencer_Node.uexp" 744
"F:/fnaf-spelet/Content/Assets/trash/scene.uasset" 745
"F:/fnaf-spelet/Content/Assets/trash/scene.uexp" 746
"F:/fnaf-spelet/Content/Assets/trash/Textures/0_BrickWheel_baseColor.uasset" 747
"F:/fnaf-spelet/Content/Assets/trash/Textures/0_BrickWheel_baseColor.uexp" 748
"F:/fnaf-spelet/Content/Assets/trash/Textures/0_BrickWheel_baseColor.ubulk" 749
"F:/fnaf-spelet/Content/Assets/trash/Materials/Master/BrickWheel.uasset" 750
"F:/fnaf-spelet/Content/Assets/trash/Materials/Master/BrickWheel.uexp" 751
"F:/fnaf-spelet/Content/Assets/trash/Materials/BrickWheel.uasset" 752
"F:/fnaf-spelet/Content/Assets/trash/Materials/BrickWheel.uexp" 753
"F:/fnaf-spelet/Content/Assets/trash/Geometries/0_Barriar_BrickWheel_0.uasset" 754
"F:/fnaf-spelet/Content/Assets/trash/Geometries/0_Barriar_BrickWheel_0.uexp" 755
"F:/fnaf-spelet/Content/Assets/trash/Textures/6_WoodMetal_baseColor.uasset" 756
"F:/fnaf-spelet/Content/Assets/trash/Textures/6_WoodMetal_baseColor.uexp" 757
"F:/fnaf-spelet/Content/Assets/trash/Textures/6_WoodMetal_baseColor.ubulk" 758
"F:/fnaf-spelet/Content/Assets/trash/Materials/WoodMetal.uasset" 759
"F:/fnaf-spelet/Content/Assets/trash/Materials/WoodMetal.uexp" 760
"F:/fnaf-spelet/Content/Assets/trash/Geometries/100_Wooden_Plank_3_WoodMetal_0.uasset" 761
"F:/fnaf-spelet/Content/Assets/trash/Geometries/100_Wooden_Plank_3_WoodMetal_0.uexp" 762
"F:/fnaf-spelet/Content/Assets/trash/Textures/2_Cans_baseColor.uasset" 763
"F:/fnaf-spelet/Content/Assets/trash/Textures/2_Cans_baseColor.uexp" 764
"F:/fnaf-spelet/Content/Assets/trash/Textures/2_Cans_baseColor.ubulk" 765
"F:/fnaf-spelet/Content/Assets/trash/Materials/Cans.uasset" 766
"F:/fnaf-spelet/Content/Assets/trash/Materials/Cans.uexp" 767
"F:/fnaf-spelet/Content/Assets/trash/Geometries/10_Can_4_Crushed_Cans_0.uasset" 768
"F:/fnaf-spelet/Content/Assets/trash/Geometries/10_Can_4_Crushed_Cans_0.uexp" 769
"F:/fnaf-spelet/Content/Assets/trash/Geometries/11_Can_5_Cans_0.uasset" 770
"F:/fnaf-spelet/Content/Assets/trash/Geometries/11_Can_5_Cans_0.uexp" 771
"F:/fnaf-spelet/Content/Assets/trash/Geometries/12_Can_5_Crushed_Cans_0.uasset" 772
"F:/fnaf-spelet/Content/Assets/trash/Geometries/12_Can_5_Crushed_Cans_0.uexp" 773
"F:/fnaf-spelet/Content/Assets/trash/Geometries/13_Can_6_Cans_0.uasset" 774
"F:/fnaf-spelet/Content/Assets/trash/Geometries/13_Can_6_Cans_0.uexp" 775
"F:/fnaf-spelet/Content/Assets/trash/Geometries/14_Can_6_Crushed_Cans_0.uasset" 776
"F:/fnaf-spelet/Content/Assets/trash/Geometries/14_Can_6_Crushed_Cans_0.uexp" 777
"F:/fnaf-spelet/Content/Assets/trash/Geometries/15_Can_7_Cans_0.uasset" 778
"F:/fnaf-spelet/Content/Assets/trash/Geometries/15_Can_7_Cans_0.uexp" 779
"F:/fnaf-spelet/Content/Assets/trash/Geometries/16_Can_7_Crushed_Cans_0.uasset" 780
"F:/fnaf-spelet/Content/Assets/trash/Geometries/16_Can_7_Crushed_Cans_0.uexp" 781
"F:/fnaf-spelet/Content/Assets/trash/Geometries/17_Can_8_Cans_0.uasset" 782
"F:/fnaf-spelet/Content/Assets/trash/Geometries/17_Can_8_Cans_0.uexp" 783
"F:/fnaf-spelet/Content/Assets/trash/Geometries/18_Can_8_Crushed_Cans_0.uasset" 784
"F:/fnaf-spelet/Content/Assets/trash/Geometries/18_Can_8_Crushed_Cans_0.uexp" 785
"F:/fnaf-spelet/Content/Assets/trash/Textures/3_CardboardPaper_baseColor.uasset" 786
"F:/fnaf-spelet/Content/Assets/trash/Textures/3_CardboardPaper_baseColor.uexp" 787
"F:/fnaf-spelet/Content/Assets/trash/Textures/3_CardboardPaper_baseColor.ubulk" 788
"F:/fnaf-spelet/Content/Assets/trash/Materials/CardboardPaper.uasset" 789
"F:/fnaf-spelet/Content/Assets/trash/Materials/CardboardPaper.uexp" 790
"F:/fnaf-spelet/Content/Assets/trash/Geometries/19_CardboardBox_1_CardboardPaper_0.uasset" 791
"F:/fnaf-spelet/Content/Assets/trash/Geometries/19_CardboardBox_1_CardboardPaper_0.uexp" 792
"F:/fnaf-spelet/Content/Assets/trash/Geometries/1_Brick_1_BrickWheel_0.uasset" 793
"F:/fnaf-spelet/Content/Assets/trash/Geometries/1_Brick_1_BrickWheel_0.uexp" 794
"F:/fnaf-spelet/Content/Assets/trash/Geometries/20_CardboardBox_2_CardboardPaper_0.uasset" 795
"F:/fnaf-spelet/Content/Assets/trash/Geometries/20_CardboardBox_2_CardboardPaper_0.uexp" 796
"F:/fnaf-spelet/Content/Assets/trash/Geometries/21_CardboardBox_3_CardboardPaper_0.uasset" 797
"F:/fnaf-spelet/Content/Assets/trash/Geometries/21_CardboardBox_3_CardboardPaper_0.uexp" 798
"F:/fnaf-spelet/Content/Assets/trash/Geometries/22_CardboardBox_4_CardboardPaper_0.uasset" 799
"F:/fnaf-spelet/Content/Assets/trash/Geometries/22_CardboardBox_4_CardboardPaper_0.uexp" 800
"F:/fnaf-spelet/Content/Assets/trash/Geometries/23_Cardboard_Cutout_1_CardboardPaper_0.uasset" 801
"F:/fnaf-spelet/Content/Assets/trash/Geometries/23_Cardboard_Cutout_1_CardboardPaper_0.uexp" 802
"F:/fnaf-spelet/Content/Assets/trash/Geometries/24_Cardboard_Cutout_2_CardboardPaper_0.uasset" 803
"F:/fnaf-spelet/Content/Assets/trash/Geometries/24_Cardboard_Cutout_2_CardboardPaper_0.uexp" 804
"F:/fnaf-spelet/Content/Assets/trash/Textures/4_ChipBag_baseColor.uasset" 805
"F:/fnaf-spelet/Content/Assets/trash/Textures/4_ChipBag_baseColor.uexp" 806
"F:/fnaf-spelet/Content/Assets/trash/Textures/4_ChipBag_baseColor.ubulk" 807
"F:/fnaf-spelet/Content/Assets/trash/Materials/ChipBag.uasset" 808
"F:/fnaf-spelet/Content/Assets/trash/Materials/ChipBag.uexp" 809
"F:/fnaf-spelet/Content/Assets/trash/Geometries/25_Chip_Bag_1_ChipBag_0.uasset" 810
"F:/fnaf-spelet/Content/Assets/trash/Geometries/25_Chip_Bag_1_ChipBag_0.uexp" 811
"F:/fnaf-spelet/Content/Assets/trash/Geometries/26_Chip_Bag_2_ChipBag_0.uasset" 812
"F:/fnaf-spelet/Content/Assets/trash/Geometries/26_Chip_Bag_2_ChipBag_0.uexp" 813
"F:/fnaf-spelet/Content/Assets/trash/Geometries/27_Chip_Bag_3_ChipBag_0.uasset" 814
"F:/fnaf-spelet/Content/Assets/trash/Geometries/27_Chip_Bag_3_ChipBag_0.uexp" 815
"F:/fnaf-spelet/Content/Assets/trash/Geometries/28_Chip_Bag_4_ChipBag_0.uasset" 816
"F:/fnaf-spelet/Content/Assets/trash/Geometries/28_Chip_Bag_4_ChipBag_0.uexp" 817
"F:/fnaf-spelet/Content/Assets/trash/Geometries/29_Cinder_Block_1_BrickWheel_0.uasset" 818
"F:/fnaf-spelet/Content/Assets/trash/Geometries/29_Cinder_Block_1_BrickWheel_0.uexp" 819
"F:/fnaf-spelet/Content/Assets/trash/Geometries/2_Brick_2_BrickWheel_0.uasset" 820
"F:/fnaf-spelet/Content/Assets/trash/Geometries/2_Brick_2_BrickWheel_0.uexp" 821
"F:/fnaf-spelet/Content/Assets/trash/Geometries/30_Cinder_Block_2_BrickWheel_0.uasset" 822
"F:/fnaf-spelet/Content/Assets/trash/Geometries/30_Cinder_Block_2_BrickWheel_0.uexp" 823
"F:/fnaf-spelet/Content/Assets/trash/Textures/5_FastFoodTrash_baseColor.uasset" 824
"F:/fnaf-spelet/Content/Assets/trash/Textures/5_FastFoodTrash_baseColor.uexp" 825
"F:/fnaf-spelet/Content/Assets/trash/Textures/5_FastFoodTrash_baseColor.ubulk" 826
"F:/fnaf-spelet/Content/Assets/trash/Materials/FastFoodTrash.uasset" 827
"F:/fnaf-spelet/Content/Assets/trash/Materials/FastFoodTrash.uexp" 828
"F:/fnaf-spelet/Content/Assets/trash/Geometries/31_Coffee_Cup_Lid_FastFoodTrash_0.uasset" 829
"F:/fnaf-spelet/Content/Assets/trash/Geometries/31_Coffee_Cup_Lid_FastFoodTrash_0.uexp" 830
"F:/fnaf-spelet/Content/Assets/trash/Geometries/32_Coffee_Cup_FastFoodTrash_0.uasset" 831
"F:/fnaf-spelet/Content/Assets/trash/Geometries/32_Coffee_Cup_FastFoodTrash_0.uexp" 832
"F:/fnaf-spelet/Content/Assets/trash/Geometries/33_Coffee_Cup_Crushed_FastFoodTrash_0.uasset" 833
"F:/fnaf-spelet/Content/Assets/trash/Geometries/33_Coffee_Cup_Crushed_FastFoodTrash_0.uexp" 834
"F:/fnaf-spelet/Content/Assets/trash/Geometries/34_Coffee_Cup_WithLid_FastFoodTrash_0.uasset" 835
"F:/fnaf-spelet/Content/Assets/trash/Geometries/34_Coffee_Cup_WithLid_FastFoodTrash_0.uexp" 836
"F:/fnaf-spelet/Content/Assets/trash/Geometries/35_Concrete_Debris_1_WoodMetal_0.uasset" 837
"F:/fnaf-spelet/Content/Assets/trash/Geometries/35_Concrete_Debris_1_WoodMetal_0.uexp" 838
"F:/fnaf-spelet/Content/Assets/trash/Geometries/36_Concrete_Debris_2_WoodMetal_0.uasset" 839
"F:/fnaf-spelet/Content/Assets/trash/Geometries/36_Concrete_Debris_2_WoodMetal_0.uexp" 840
"F:/fnaf-spelet/Content/Assets/trash/Textures/7_MiscTrash2_baseColor.uasset" 841
"F:/fnaf-spelet/Content/Assets/trash/Textures/7_MiscTrash2_baseColor.uexp" 842
"F:/fnaf-spelet/Content/Assets/trash/Textures/7_MiscTrash2_baseColor.ubulk" 843
"../../../Engine/Content/Functions/Engine_MaterialFunctions02/SmoothStep.uasset" 844
"../../../Engine/Content/Functions/Engine_MaterialFunctions02/SmoothStep.uexp" 845
"F:/fnaf-spelet/Content/Assets/trash/Materials/Master/MiscTrash2.uasset" 846
"F:/fnaf-spelet/Content/Assets/trash/Materials/Master/MiscTrash2.uexp" 847
"F:/fnaf-spelet/Content/Assets/trash/Materials/MiscTrash2.uasset" 848
"F:/fnaf-spelet/Content/Assets/trash/Materials/MiscTrash2.uexp" 849
"F:/fnaf-spelet/Content/Assets/trash/Geometries/37_Condom_1_MiscTrash2_0.uasset" 850
"F:/fnaf-spelet/Content/Assets/trash/Geometries/37_Condom_1_MiscTrash2_0.uexp" 851
"F:/fnaf-spelet/Content/Assets/trash/Geometries/38_Condom_2_MiscTrash2_0.uasset" 852
"F:/fnaf-spelet/Content/Assets/trash/Geometries/38_Condom_2_MiscTrash2_0.uexp" 853
"F:/fnaf-spelet/Content/Assets/trash/Textures/8_FlatCans_baseColor.uasset" 854
"F:/fnaf-spelet/Content/Assets/trash/Textures/8_FlatCans_baseColor.uexp" 855
"F:/fnaf-spelet/Content/Assets/trash/Textures/8_FlatCans_baseColor.ubulk" 856
"F:/fnaf-spelet/Content/Assets/trash/Materials/FlatCans.uasset" 857
"F:/fnaf-spelet/Content/Assets/trash/Materials/FlatCans.uexp" 858
"F:/fnaf-spelet/Content/Assets/trash/Geometries/39_Flat_Can_1_FlatCans_0.uasset" 859
"F:/fnaf-spelet/Content/Assets/trash/Geometries/39_Flat_Can_1_FlatCans_0.uexp" 860
"F:/fnaf-spelet/Content/Assets/trash/Textures/1_RustyCans_baseColor.uasset" 861
"F:/fnaf-spelet/Content/Assets/trash/Textures/1_RustyCans_baseColor.uexp" 862
"F:/fnaf-spelet/Content/Assets/trash/Textures/1_RustyCans_baseColor.ubulk" 863
"F:/fnaf-spelet/Content/Assets/trash/Materials/RustyCans.uasset" 864
"F:/fnaf-spelet/Content/Assets/trash/Materials/RustyCans.uexp" 865
"F:/fnaf-spelet/Content/Assets/trash/Geometries/3_Can_1_RustyCans_0.uasset" 866
"F:/fnaf-spelet/Content/Assets/trash/Geometries/3_Can_1_RustyCans_0.uexp" 867
"F:/fnaf-spelet/Content/Assets/trash/Geometries/40_Flat_Can_2_FlatCans_0.uasset" 868
"F:/fnaf-spelet/Content/Assets/trash/Geometries/40_Flat_Can_2_FlatCans_0.uexp" 869
"F:/fnaf-spelet/Content/Assets/trash/Geometries/41_Flat_Can_3_FlatCans_0.uasset" 870
"F:/fnaf-spelet/Content/Assets/trash/Geometries/41_Flat_Can_3_FlatCans_0.uexp" 871
"F:/fnaf-spelet/Content/Assets/trash/Geometries/42_Flat_Can_4_FlatCans_0.uasset" 872
"F:/fnaf-spelet/Content/Assets/trash/Geometries/42_Flat_Can_4_FlatCans_0.uexp" 873
"F:/fnaf-spelet/Content/Assets/trash/Geometries/43_Barriar_cell_BrickWheel_0.uasset" 874
"F:/fnaf-spelet/Content/Assets/trash/Geometries/43_Barriar_cell_BrickWheel_0.uexp" 875
"F:/fnaf-spelet/Content/Assets/trash/Geometries/44_Barriar_cell_001_BrickWheel_0.uasset" 876
"F:/fnaf-spelet/Content/Assets/trash/Geometries/44_Barriar_cell_001_BrickWheel_0.uexp" 877
"F:/fnaf-spelet/Content/Assets/trash/Geometries/45_Barriar_cell_002_BrickWheel_0.uasset" 878
"F:/fnaf-spelet/Content/Assets/trash/Geometries/45_Barriar_cell_002_BrickWheel_0.uexp" 879
"F:/fnaf-spelet/Content/Assets/trash/Geometries/46_Barriar_cell_003_BrickWheel_0.uasset" 880
"F:/fnaf-spelet/Content/Assets/trash/Geometries/46_Barriar_cell_003_BrickWheel_0.uexp" 881
"F:/fnaf-spelet/Content/Assets/trash/Geometries/47_Barriar_cell_004_BrickWheel_0.uasset" 882
"F:/fnaf-spelet/Content/Assets/trash/Geometries/47_Barriar_cell_004_BrickWheel_0.uexp" 883
"F:/fnaf-spelet/Content/Assets/trash/Geometries/48_Barriar_cell_005_BrickWheel_0.uasset" 884
"F:/fnaf-spelet/Content/Assets/trash/Geometries/48_Barriar_cell_005_BrickWheel_0.uexp" 885
"F:/fnaf-spelet/Content/Assets/trash/Geometries/49_Barriar_cell_007_BrickWheel_0.uasset" 886
"F:/fnaf-spelet/Content/Assets/trash/Geometries/49_Barriar_cell_007_BrickWheel_0.uexp" 887
"F:/fnaf-spelet/Content/Assets/trash/Geometries/4_Can_1_Crushed_RustyCans_0.uasset" 888
"F:/fnaf-spelet/Content/Assets/trash/Geometries/4_Can_1_Crushed_RustyCans_0.uexp" 889
"F:/fnaf-spelet/Content/Assets/trash/Geometries/50_Barriar_cell_008_BrickWheel_0.uasset" 890
"F:/fnaf-spelet/Content/Assets/trash/Geometries/50_Barriar_cell_008_BrickWheel_0.uexp" 891
"F:/fnaf-spelet/Content/Assets/trash/Geometries/51_Barriar_cell_009_BrickWheel_0.uasset" 892
"F:/fnaf-spelet/Content/Assets/trash/Geometries/51_Barriar_cell_009_BrickWheel_0.uexp" 893
"F:/fnaf-spelet/Content/Assets/trash/Geometries/52_Barriar_cell_010_BrickWheel_0.uasset" 894
"F:/fnaf-spelet/Content/Assets/trash/Geometries/52_Barriar_cell_010_BrickWheel_0.uexp" 895
"F:/fnaf-spelet/Content/Assets/trash/Geometries/53_Barriar_cell_011_BrickWheel_0.uasset" 896
"F:/fnaf-spelet/Content/Assets/trash/Geometries/53_Barriar_cell_011_BrickWheel_0.uexp" 897
"F:/fnaf-spelet/Content/Assets/trash/Geometries/54_Fry_Container_FastFoodTrash_0.uasset" 898
"F:/fnaf-spelet/Content/Assets/trash/Geometries/54_Fry_Container_FastFoodTrash_0.uexp" 899
"F:/fnaf-spelet/Content/Assets/trash/Textures/9_Bottles_baseColor.uasset" 900
"F:/fnaf-spelet/Content/Assets/trash/Textures/9_Bottles_baseColor.uexp" 901
"F:/fnaf-spelet/Content/Assets/trash/Textures/9_Bottles_baseColor.ubulk" 902
"F:/fnaf-spelet/Content/Assets/trash/Materials/Bottles.uasset" 903
"F:/fnaf-spelet/Content/Assets/trash/Materials/Bottles.uexp" 904
"F:/fnaf-spelet/Content/Assets/trash/Geometries/55_GasCan_Bottles_0.uasset" 905
"F:/fnaf-spelet/Content/Assets/trash/Geometries/55_GasCan_Bottles_0.uexp" 906
"F:/fnaf-spelet/Content/Assets/trash/Textures/10_GlassBottles_baseColor.uasset" 907
"F:/fnaf-spelet/Content/Assets/trash/Textures/10_GlassBottles_baseColor.uexp" 908
"F:/fnaf-spelet/Content/Assets/trash/Textures/10_GlassBottles_baseColor.ubulk" 909
"F:/fnaf-spelet/Content/Assets/trash/Materials/GlassBottles.uasset" 910
"F:/fnaf-spelet/Content/Assets/trash/Materials/GlassBottles.uexp" 911
"F:/fnaf-spelet/Content/Assets/trash/Geometries/56_GlassBottle_1_GlassBottles_0.uasset" 912
"F:/fnaf-spelet/Content/Assets/trash/Geometries/56_GlassBottle_1_GlassBottles_0.uexp" 913
"F:/fnaf-spelet/Content/Assets/trash/Geometries/57_GlassBottle_1_Broken_GlassBottles_0.uasset" 914
"F:/fnaf-spelet/Content/Assets/trash/Geometries/57_GlassBottle_1_Broken_GlassBottles_0.uexp" 915
"F:/fnaf-spelet/Content/Assets/trash/Geometries/58_GlassBottle_2_GlassBottles_0.uasset" 916
"F:/fnaf-spelet/Content/Assets/trash/Geometries/58_GlassBottle_2_GlassBottles_0.uexp" 917
"F:/fnaf-spelet/Content/Assets/trash/Geometries/59_GlassBottle_2_Broken_GlassBottles_0.uasset" 918
"F:/fnaf-spelet/Content/Assets/trash/Geometries/59_GlassBottle_2_Broken_GlassBottles_0.uexp" 919
"F:/fnaf-spelet/Content/Assets/trash/Geometries/5_Can_2_Cans_0.uasset" 920
"F:/fnaf-spelet/Content/Assets/trash/Geometries/5_Can_2_Cans_0.uexp" 921
"F:/fnaf-spelet/Content/Assets/trash/Geometries/60_GlassBottle_3_GlassBottles_0.uasset" 922
"F:/fnaf-spelet/Content/Assets/trash/Geometries/60_GlassBottle_3_GlassBottles_0.uexp" 923
"F:/fnaf-spelet/Content/Assets/trash/Geometries/61_GlassBottle_3_Broken_GlassBottles_0.uasset" 924
"F:/fnaf-spelet/Content/Assets/trash/Geometries/61_GlassBottle_3_Broken_GlassBottles_0.uexp" 925
"F:/fnaf-spelet/Content/Assets/trash/Geometries/62_GlassBottle_4_GlassBottles_0.uasset" 926
"F:/fnaf-spelet/Content/Assets/trash/Geometries/62_GlassBottle_4_GlassBottles_0.uexp" 927
"F:/fnaf-spelet/Content/Assets/trash/Geometries/63_GlassBottle_4_Broken_GlassBottles_0.uasset" 928
"F:/fnaf-spelet/Content/Assets/trash/Geometries/63_GlassBottle_4_Broken_GlassBottles_0.uexp" 929
"F:/fnaf-spelet/Content/Assets/trash/Textures/11_Glass_Shards_1_baseColor.uasset" 930
"F:/fnaf-spelet/Content/Assets/trash/Textures/11_Glass_Shards_1_baseColor.uexp" 931
"F:/fnaf-spelet/Content/Assets/trash/Textures/11_Glass_Shards_1_baseColor.ubulk" 932
"F:/fnaf-spelet/Content/Assets/trash/Materials/Glass_Shards_1.uasset" 933
"F:/fnaf-spelet/Content/Assets/trash/Materials/Glass_Shards_1.uexp" 934
"F:/fnaf-spelet/Content/Assets/trash/Geometries/64_Glass_Shards_1_Glass_Shards_1_0.uasset" 935
"F:/fnaf-spelet/Content/Assets/trash/Geometries/64_Glass_Shards_1_Glass_Shards_1_0.uexp" 936
"F:/fnaf-spelet/Content/Assets/trash/Geometries/65_Glass_Shards_2_Glass_Shards_1_0.uasset" 937
"F:/fnaf-spelet/Content/Assets/trash/Geometries/65_Glass_Shards_2_Glass_Shards_1_0.uexp" 938
"F:/fnaf-spelet/Content/Assets/trash/Textures/12_Litter_1_baseColor.uasset" 939
"F:/fnaf-spelet/Content/Assets/trash/Textures/12_Litter_1_baseColor.uexp" 940
"F:/fnaf-spelet/Content/Assets/trash/Textures/12_Litter_1_baseColor.ubulk" 941
"F:/fnaf-spelet/Content/Assets/trash/Materials/Litter_1.uasset" 942
"F:/fnaf-spelet/Content/Assets/trash/Materials/Litter_1.uexp" 943
"F:/fnaf-spelet/Content/Assets/trash/Geometries/66_Litter_1_Litter_1_0.uasset" 944
"F:/fnaf-spelet/Content/Assets/trash/Geometries/66_Litter_1_Litter_1_0.uexp" 945
"F:/fnaf-spelet/Content/Assets/trash/Textures/13_Litter_2_baseColor.uasset" 946
"F:/fnaf-spelet/Content/Assets/trash/Textures/13_Litter_2_baseColor.uexp" 947
"F:/fnaf-spelet/Content/Assets/trash/Textures/13_Litter_2_baseColor.ubulk" 948
"F:/fnaf-spelet/Content/Assets/trash/Materials/Litter_2.uasset" 949
"F:/fnaf-spelet/Content/Assets/trash/Materials/Litter_2.uexp" 950
"F:/fnaf-spelet/Content/Assets/trash/Geometries/67_Litter_2_Litter_2_0.uasset" 951
"F:/fnaf-spelet/Content/Assets/trash/Geometries/67_Litter_2_Litter_2_0.uexp" 952
"F:/fnaf-spelet/Content/Assets/trash/Geometries/68_Mask_1_MiscTrash2_0.uasset" 953
"F:/fnaf-spelet/Content/Assets/trash/Geometries/68_Mask_1_MiscTrash2_0.uexp" 954
"F:/fnaf-spelet/Content/Assets/trash/Geometries/69_Mask_2_MiscTrash2_0.uasset" 955
"F:/fnaf-spelet/Content/Assets/trash/Geometries/69_Mask_2_MiscTrash2_0.uexp" 956
"F:/fnaf-spelet/Content/Assets/trash/Geometries/6_Can_2_Crushed_Cans_0.uasset" 957
"F:/fnaf-spelet/Content/Assets/trash/Geometries/6_Can_2_Crushed_Cans_0.uexp" 958
"F:/fnaf-spelet/Content/Assets/trash/Textures/14_Newspaper_baseColor.uasset" 959
"F:/fnaf-spelet/Content/Assets/trash/Textures/14_Newspaper_baseColor.uexp" 960
"F:/fnaf-spelet/Content/Assets/trash/Textures/14_Newspaper_baseColor.ubulk" 961
"F:/fnaf-spelet/Content/Assets/trash/Materials/Newspaper.uasset" 962
"F:/fnaf-spelet/Content/Assets/trash/Materials/Newspaper.uexp" 963
"F:/fnaf-spelet/Content/Assets/trash/Geometries/70_News_1_Newspaper_0.uasset" 964
"F:/fnaf-spelet/Content/Assets/trash/Geometries/70_News_1_Newspaper_0.uexp" 965
"F:/fnaf-spelet/Content/Assets/trash/Geometries/71_News_2_Newspaper_0.uasset" 966
"F:/fnaf-spelet/Content/Assets/trash/Geometries/71_News_2_Newspaper_0.uexp" 967
"F:/fnaf-spelet/Content/Assets/trash/Geometries/72_News_3_Newspaper_0.uasset" 968
"F:/fnaf-spelet/Content/Assets/trash/Geometries/72_News_3_Newspaper_0.uexp" 969
"F:/fnaf-spelet/Content/Assets/trash/Geometries/73_News_Stack_Newspaper_0.uasset" 970
"F:/fnaf-spelet/Content/Assets/trash/Geometries/73_News_Stack_Newspaper_0.uexp" 971
"F:/fnaf-spelet/Content/Assets/trash/Geometries/74_Paper_1_CardboardPaper_0.uasset" 972
"F:/fnaf-spelet/Content/Assets/trash/Geometries/74_Paper_1_CardboardPaper_0.uexp" 973
"F:/fnaf-spelet/Content/Assets/trash/Geometries/75_Paper_2_CardboardPaper_0.uasset" 974
"F:/fnaf-spelet/Content/Assets/trash/Geometries/75_Paper_2_CardboardPaper_0.uexp" 975
"F:/fnaf-spelet/Content/Assets/trash/Geometries/76_Paper_Bag_1_FastFoodTrash_0.uasset" 976
"F:/fnaf-spelet/Content/Assets/trash/Geometries/76_Paper_Bag_1_FastFoodTrash_0.uexp" 977
"F:/fnaf-spelet/Content/Assets/trash/Geometries/77_Paper_Bag_2_FastFoodTrash_0.uasset" 978
"F:/fnaf-spelet/Content/Assets/trash/Geometries/77_Paper_Bag_2_FastFoodTrash_0.uexp" 979
"F:/fnaf-spelet/Content/Assets/trash/Geometries/78_Paper_Bag_3_FastFoodTrash_0.uasset" 980
"F:/fnaf-spelet/Content/Assets/trash/Geometries/78_Paper_Bag_3_FastFoodTrash_0.uexp" 981
"F:/fnaf-spelet/Content/Assets/trash/Textures/15_MiscTrash1_baseColor.uasset" 982
"F:/fnaf-spelet/Content/Assets/trash/Textures/15_MiscTrash1_baseColor.uexp" 983
"F:/fnaf-spelet/Content/Assets/trash/Textures/15_MiscTrash1_baseColor.ubulk" 984
"F:/fnaf-spelet/Content/Assets/trash/Materials/MiscTrash1.uasset" 985
"F:/fnaf-spelet/Content/Assets/trash/Materials/MiscTrash1.uexp" 986
"F:/fnaf-spelet/Content/Assets/trash/Geometries/79_Pills_1_MiscTrash1_0.uasset" 987
"F:/fnaf-spelet/Content/Assets/trash/Geometries/79_Pills_1_MiscTrash1_0.uexp" 988
"F:/fnaf-spelet/Content/Assets/trash/Geometries/7_Can_3_Cans_0.uasset" 989
"F:/fnaf-spelet/Content/Assets/trash/Geometries/7_Can_3_Cans_0.uexp" 990
"F:/fnaf-spelet/Content/Assets/trash/Geometries/80_Pills_2_MiscTrash1_0.uasset" 991
"F:/fnaf-spelet/Content/Assets/trash/Geometries/80_Pills_2_MiscTrash1_0.uexp" 992
"F:/fnaf-spelet/Content/Assets/trash/Geometries/81_Rebar_WoodMetal_0.uasset" 993
"F:/fnaf-spelet/Content/Assets/trash/Geometries/81_Rebar_WoodMetal_0.uexp" 994
"F:/fnaf-spelet/Content/Assets/trash/Geometries/82_ShampooBottle_Bottles_0.uasset" 995
"F:/fnaf-spelet/Content/Assets/trash/Geometries/82_ShampooBottle_Bottles_0.uexp" 996
"F:/fnaf-spelet/Content/Assets/trash/Geometries/83_Sheet_Metal_1_WoodMetal_0.uasset" 997
"F:/fnaf-spelet/Content/Assets/trash/Geometries/83_Sheet_Metal_1_WoodMetal_0.uexp" 998
"F:/fnaf-spelet/Content/Assets/trash/Geometries/84_Sheet_Metal_2_WoodMetal_0.uasset" 999
"F:/fnaf-spelet/Content/Assets/trash/Geometries/84_Sheet_Metal_2_WoodMetal_0.uexp" 1000
"F:/fnaf-spelet/Content/Assets/trash/Geometries/85_SoapBottle_Bottles_0.uasset" 1001
"F:/fnaf-spelet/Content/Assets/trash/Geometries/85_SoapBottle_Bottles_0.uexp" 1002
"F:/fnaf-spelet/Content/Assets/trash/Geometries/86_Soda_Cup_FastFoodTrash_0.uasset" 1003
"F:/fnaf-spelet/Content/Assets/trash/Geometries/86_Soda_Cup_FastFoodTrash_0.uexp" 1004
"F:/fnaf-spelet/Content/Assets/trash/Geometries/87_Soda_Cup_Crushed_FastFoodTrash_0.uasset" 1005
"F:/fnaf-spelet/Content/Assets/trash/Geometries/87_Soda_Cup_Crushed_FastFoodTrash_0.uexp" 1006
"F:/fnaf-spelet/Content/Assets/trash/Geometries/88_Soda_Cup_Lid_FastFoodTrash_0.uasset" 1007
"F:/fnaf-spelet/Content/Assets/trash/Geometries/88_Soda_Cup_Lid_FastFoodTrash_0.uexp" 1008
"F:/fnaf-spelet/Content/Assets/trash/Geometries/89_Tin_1_MiscTrash1_0.uasset" 1009
"F:/fnaf-spelet/Content/Assets/trash/Geometries/89_Tin_1_MiscTrash1_0.uexp" 1010
"F:/fnaf-spelet/Content/Assets/trash/Geometries/8_Can_3_Crushed_Cans_0.uasset" 1011
"F:/fnaf-spelet/Content/Assets/trash/Geometries/8_Can_3_Crushed_Cans_0.uexp" 1012
"F:/fnaf-spelet/Content/Assets/trash/Geometries/90_Tin_2_MiscTrash1_0.uasset" 1013
"F:/fnaf-spelet/Content/Assets/trash/Geometries/90_Tin_2_MiscTrash1_0.uexp" 1014
"F:/fnaf-spelet/Content/Assets/trash/Geometries/91_Tin_3_MiscTrash1_0.uasset" 1015
"F:/fnaf-spelet/Content/Assets/trash/Geometries/91_Tin_3_MiscTrash1_0.uexp" 1016
"F:/fnaf-spelet/Content/Assets/trash/Geometries/92_Tin_4_MiscTrash1_0.uasset" 1017
"F:/fnaf-spelet/Content/Assets/trash/Geometries/92_Tin_4_MiscTrash1_0.uexp" 1018
"F:/fnaf-spelet/Content/Assets/trash/Textures/16_TrashBag_baseColor.uasset" 1019
"F:/fnaf-spelet/Content/Assets/trash/Textures/16_TrashBag_baseColor.uexp" 1020
"F:/fnaf-spelet/Content/Assets/trash/Textures/16_TrashBag_baseColor.ubulk" 1021
"F:/fnaf-spelet/Content/Assets/trash/Materials/TrashBag.uasset" 1022
"F:/fnaf-spelet/Content/Assets/trash/Materials/TrashBag.uexp" 1023
"F:/fnaf-spelet/Content/Assets/trash/Geometries/93_TrashBag_1_TrashBag_0.uasset" 1024
"F:/fnaf-spelet/Content/Assets/trash/Geometries/93_TrashBag_1_TrashBag_0.uexp" 1025
"F:/fnaf-spelet/Content/Assets/trash/Geometries/94_TrashBag_2_TrashBag_0.uasset" 1026
"F:/fnaf-spelet/Content/Assets/trash/Geometries/94_TrashBag_2_TrashBag_0.uexp" 1027
"F:/fnaf-spelet/Content/Assets/trash/Geometries/95_WaterBottle_Bottles_0.uasset" 1028
"F:/fnaf-spelet/Content/Assets/trash/Geometries/95_WaterBottle_Bottles_0.uexp" 1029
"F:/fnaf-spelet/Content/Assets/trash/Geometries/96_Wheel_1_BrickWheel_0.uasset" 1030
"F:/fnaf-spelet/Content/Assets/trash/Geometries/96_Wheel_1_BrickWheel_0.uexp" 1031
"F:/fnaf-spelet/Content/Assets/trash/Geometries/97_Wheel_2_BrickWheel_0.uasset" 1032
"F:/fnaf-spelet/Content/Assets/trash/Geometries/97_Wheel_2_BrickWheel_0.uexp" 1033
"F:/fnaf-spelet/Content/Assets/trash/Geometries/98_Wooden_Plank_1_WoodMetal_0.uasset" 1034
"F:/fnaf-spelet/Content/Assets/trash/Geometries/98_Wooden_Plank_1_WoodMetal_0.uexp" 1035
"F:/fnaf-spelet/Content/Assets/trash/Geometries/99_Wooden_Plank_2_WoodMetal_0.uasset" 1036
"F:/fnaf-spelet/Content/Assets/trash/Geometries/99_Wooden_Plank_2_WoodMetal_0.uexp" 1037
"F:/fnaf-spelet/Content/Assets/trash/Geometries/9_Can_4_Cans_0.uasset" 1038
"F:/fnaf-spelet/Content/Assets/trash/Geometries/9_Can_4_Cans_0.uexp" 1039
"../../../Engine/Plugins/2D/Paper2D/Content/PlaceholderTextures/DummySpriteTexture.uasset" 1040
"../../../Engine/Plugins/2D/Paper2D/Content/PlaceholderTextures/DummySpriteTexture.uexp" 1041
"../../../Engine/Plugins/2D/Paper2D/Content/PlaceholderTextures/DummySpriteTexture.ubulk" 1042
"../../../Engine/Plugins/2D/Paper2D/Content/DummySprite.uasset" 1043
"../../../Engine/Plugins/2D/Paper2D/Content/DummySprite.uexp" 1044
"../../../Engine/Plugins/2D/Paper2D/Content/DefaultPaperTerrainMaterial.uasset" 1045
"../../../Engine/Plugins/2D/Paper2D/Content/DefaultPaperTerrainMaterial.uexp" 1046
"../../../Engine/Plugins/2D/Paper2D/Content/DefaultSpriteMaterial.uasset" 1047
"../../../Engine/Plugins/2D/Paper2D/Content/DefaultSpriteMaterial.uexp" 1048
"../../../Engine/Plugins/2D/Paper2D/Content/MaskedUnlitSpriteMaterial.uasset" 1049
"../../../Engine/Plugins/2D/Paper2D/Content/MaskedUnlitSpriteMaterial.uexp" 1050
"../../../Engine/Plugins/2D/Paper2D/Content/OpaqueUnlitSpriteMaterial.uasset" 1051
"../../../Engine/Plugins/2D/Paper2D/Content/OpaqueUnlitSpriteMaterial.uexp" 1052
"../../../Engine/Plugins/Editor/SpeedTreeImporter/Content/SpeedTree9/UnpackInteger3.uasset" 1053
"../../../Engine/Plugins/Editor/SpeedTreeImporter/Content/SpeedTree9/UnpackInteger3.uexp" 1054
"../../../Engine/Plugins/Editor/SpeedTreeImporter/Content/SpeedTree9/UnpackDirection.uasset" 1055
"../../../Engine/Plugins/Editor/SpeedTreeImporter/Content/SpeedTree9/UnpackDirection.uexp" 1056
"../../../Engine/Plugins/Editor/SpeedTreeImporter/Content/SpeedTree9/game_wind_noise.uasset" 1057
"../../../Engine/Plugins/Editor/SpeedTreeImporter/Content/SpeedTree9/game_wind_noise.uexp" 1058
"../../../Engine/Plugins/Editor/SpeedTreeImporter/Content/SpeedTree9/game_wind_noise.ubulk" 1059
"../../../Engine/Content/Functions/Engine_MaterialFunctions02/SafeNormalize.uasset" 1060
"../../../Engine/Content/Functions/Engine_MaterialFunctions02/SafeNormalize.uexp" 1061
"../../../Engine/Plugins/Editor/SpeedTreeImporter/Content/SpeedTree9/SpeedTreeWindMotion.uasset" 1062
"../../../Engine/Plugins/Editor/SpeedTreeImporter/Content/SpeedTree9/SpeedTreeWindMotion.uexp" 1063
"../../../Engine/Plugins/Editor/SpeedTreeImporter/Content/SpeedTree9/SpeedTreeBranchMotion.uasset" 1064
"../../../Engine/Plugins/Editor/SpeedTreeImporter/Content/SpeedTree9/SpeedTreeBranchMotion.uexp" 1065
"../../../Engine/Content/Functions/Engine_MaterialFunctions02/ObjectLocalBounds.uasset" 1066
"../../../Engine/Content/Functions/Engine_MaterialFunctions02/ObjectLocalBounds.uexp" 1067
"../../../Engine/Content/Functions/Engine_MaterialFunctions02/UVs/BoundingBoxBased_0-1_UVW.uasset" 1068
"../../../Engine/Content/Functions/Engine_MaterialFunctions02/UVs/BoundingBoxBased_0-1_UVW.uexp" 1069
"../../../Engine/Content/Functions/Engine_MaterialFunctions02/WorldPositionOffset/ObjectScale.uasset" 1070
"../../../Engine/Content/Functions/Engine_MaterialFunctions02/WorldPositionOffset/ObjectScale.uexp" 1071
"../../../Engine/Plugins/Editor/SpeedTreeImporter/Content/SpeedTree9/SpeedTreeWind.uasset" 1072
"../../../Engine/Plugins/Editor/SpeedTreeImporter/Content/SpeedTree9/SpeedTreeWind.uexp" 1073
"../../../Engine/Plugins/Editor/SpeedTreeImporter/Content/SpeedTree9/SpeedTreeBillboard.uasset" 1074
"../../../Engine/Plugins/Editor/SpeedTreeImporter/Content/SpeedTree9/SpeedTreeBillboard.uexp" 1075
"../../../Engine/Plugins/Editor/SpeedTreeImporter/Content/SpeedTree9/EmptyNormal.uasset" 1076
"../../../Engine/Plugins/Editor/SpeedTreeImporter/Content/SpeedTree9/EmptyNormal.uexp" 1077
"../../../Engine/Plugins/Editor/SpeedTreeImporter/Content/SpeedTree9/Empty.uasset" 1078
"../../../Engine/Plugins/Editor/SpeedTreeImporter/Content/SpeedTree9/Empty.uexp" 1079
"../../../Engine/Plugins/Editor/SpeedTreeImporter/Content/SpeedTree9/SpeedTreeBillboardMaster.uasset" 1080
"../../../Engine/Plugins/Editor/SpeedTreeImporter/Content/SpeedTree9/SpeedTreeBillboardMaster.uexp" 1081
"../../../Engine/Plugins/Editor/SpeedTreeImporter/Content/SpeedTree9/SpeedTreeCameraFacing.uasset" 1082
"../../../Engine/Plugins/Editor/SpeedTreeImporter/Content/SpeedTree9/SpeedTreeCameraFacing.uexp" 1083
"../../../Engine/Plugins/Editor/SpeedTreeImporter/Content/SpeedTree9/SpeedTreeMaster.uasset" 1084
"../../../Engine/Plugins/Editor/SpeedTreeImporter/Content/SpeedTree9/SpeedTreeMaster.uexp" 1085
"../../../Engine/Plugins/Enterprise/DatasmithContent/Content/Materials/TileMirrorAxis.uasset" 1086
"../../../Engine/Plugins/Enterprise/DatasmithContent/Content/Materials/TileMirrorAxis.uexp" 1087
"../../../Engine/Content/Functions/Engine_MaterialFunctions02/Texturing/CustomRotator.uasset" 1088
"../../../Engine/Content/Functions/Engine_MaterialFunctions02/Texturing/CustomRotator.uexp" 1089
"../../../Engine/Plugins/Enterprise/DatasmithContent/Content/Materials/UVEdit.uasset" 1090
"../../../Engine/Plugins/Enterprise/DatasmithContent/Content/Materials/UVEdit.uexp" 1091
"../../../Engine/Plugins/Enterprise/DatasmithContent/Content/Materials/C4DMasterUV.uasset" 1092
"../../../Engine/Plugins/Enterprise/DatasmithContent/Content/Materials/C4DMasterUV.uexp" 1093
"../../../Engine/Content/Functions/Engine_MaterialFunctions02/HueShift.uasset" 1094
"../../../Engine/Content/Functions/Engine_MaterialFunctions02/HueShift.uexp" 1095
"../../../Engine/Content/Functions/Engine_MaterialFunctions01/Texturing/FlattenNormal.uasset" 1096
"../../../Engine/Content/Functions/Engine_MaterialFunctions01/Texturing/FlattenNormal.uexp" 1097
"../../../Engine/Content/EditorLandscapeResources/WhiteSquareTexture.uasset" 1098
"../../../Engine/Content/EditorLandscapeResources/WhiteSquareTexture.uexp" 1099
"../../../Engine/Content/EngineResources/Black.uasset" 1100
"../../../Engine/Content/EngineResources/Black.uexp" 1101
"../../../Engine/Content/EngineMaterials/T_Default_Normal.uasset" 1102
"../../../Engine/Content/EngineMaterials/T_Default_Normal.uexp" 1103
"../../../Engine/Content/EngineMaterials/T_Default_Normal.ubulk" 1104
"../../../Engine/Content/ArtTools/RenderToTexture/Textures/127grey.uasset" 1105
"../../../Engine/Content/ArtTools/RenderToTexture/Textures/127grey.uexp" 1106
"../../../Engine/Plugins/Enterprise/DatasmithContent/Content/Materials/C4DMaster.uasset" 1107
"../../../Engine/Plugins/Enterprise/DatasmithContent/Content/Materials/C4DMaster.uexp" 1108
"../../../Engine/Content/EngineMaterials/FlatNormal.uasset" 1109
"../../../Engine/Content/EngineMaterials/FlatNormal.uexp" 1110
"../../../Engine/Plugins/Enterprise/DatasmithContent/Content/Materials/CE_BaseMaster.uasset" 1111
"../../../Engine/Plugins/Enterprise/DatasmithContent/Content/Materials/CE_BaseMaster.uexp" 1112
"../../../Engine/Plugins/Enterprise/DatasmithContent/Content/Materials/CE_OpacityMaster.uasset" 1113
"../../../Engine/Plugins/Enterprise/DatasmithContent/Content/Materials/CE_OpacityMaster.uexp" 1114
"../../../Engine/Plugins/Enterprise/DatasmithContent/Content/Materials/CE_OpacitySimpleMaster.uasset" 1115
"../../../Engine/Plugins/Enterprise/DatasmithContent/Content/Materials/CE_OpacitySimpleMaster.uexp" 1116
"../../../Engine/Plugins/Enterprise/DatasmithContent/Content/Materials/CE_OpaqueMaster.uasset" 1117
"../../../Engine/Plugins/Enterprise/DatasmithContent/Content/Materials/CE_OpaqueMaster.uexp" 1118
"../../../Engine/Content/Functions/Engine_MaterialFunctions03/Procedurals/NormalFromHeightmap.uasset" 1119
"../../../Engine/Content/Functions/Engine_MaterialFunctions03/Procedurals/NormalFromHeightmap.uexp" 1120
"../../../Engine/Content/EngineResources/DefaultTexture.uasset" 1121
"../../../Engine/Content/EngineResources/DefaultTexture.uexp" 1122
"../../../Engine/Content/EngineResources/DefaultTexture.ubulk" 1123
"../../../Engine/Plugins/Enterprise/DatasmithContent/Content/Materials/RevitMaster.uasset" 1124
"../../../Engine/Plugins/Enterprise/DatasmithContent/Content/Materials/RevitMaster.uexp" 1125
"../../../Engine/Plugins/Enterprise/DatasmithContent/Content/Materials/SketchUpMaster.uasset" 1126
"../../../Engine/Plugins/Enterprise/DatasmithContent/Content/Materials/SketchUpMaster.uexp" 1127
"../../../Engine/Plugins/Enterprise/DatasmithContent/Content/Materials/FBXImporter/DeltaGenUVEdit.uasset" 1128
"../../../Engine/Plugins/Enterprise/DatasmithContent/Content/Materials/FBXImporter/DeltaGenUVEdit.uexp" 1129
"../../../Engine/Plugins/Enterprise/DatasmithContent/Content/Materials/FBXImporter/DeltaGenBase.uasset" 1130
"../../../Engine/Plugins/Enterprise/DatasmithContent/Content/Materials/FBXImporter/DeltaGenBase.uexp" 1131
"../../../Engine/Plugins/Enterprise/DatasmithContent/Content/Materials/FBXImporter/DeltaGenMaster.uasset" 1132
"../../../Engine/Plugins/Enterprise/DatasmithContent/Content/Materials/FBXImporter/DeltaGenMaster.uexp" 1133
"../../../Engine/Plugins/Enterprise/DatasmithContent/Content/Materials/FBXImporter/DeltaGenMasterTransparent.uasset" 1134
"../../../Engine/Plugins/Enterprise/DatasmithContent/Content/Materials/FBXImporter/DeltaGenMasterTransparent.uexp" 1135
"../../../Engine/Plugins/Enterprise/DatasmithContent/Content/Materials/FBXImporter/VRED/VREDRepeatMode.uasset" 1136
"../../../Engine/Plugins/Enterprise/DatasmithContent/Content/Materials/FBXImporter/VRED/VREDRepeatMode.uexp" 1137
"../../../Engine/Plugins/Enterprise/DatasmithContent/Content/Materials/FBXImporter/VRED/UVMapping.uasset" 1138
"../../../Engine/Plugins/Enterprise/DatasmithContent/Content/Materials/FBXImporter/VRED/UVMapping.uexp" 1139
"../../../Engine/Content/Functions/Engine_MaterialFunctions02/WorldPositionOffset/LocalPosition.uasset" 1140
"../../../Engine/Content/Functions/Engine_MaterialFunctions02/WorldPositionOffset/LocalPosition.uexp" 1141
"../../../Engine/Plugins/Enterprise/DatasmithContent/Content/Materials/FBXImporter/VRED/TriplanarMapping.uasset" 1142
"../../../Engine/Plugins/Enterprise/DatasmithContent/Content/Materials/FBXImporter/VRED/TriplanarMapping.uexp" 1143
"../../../Engine/Plugins/Enterprise/DatasmithContent/Content/Materials/FBXImporter/VRED/PlanarMapping.uasset" 1144
"../../../Engine/Plugins/Enterprise/DatasmithContent/Content/Materials/FBXImporter/VRED/PlanarMapping.uexp" 1145
"../../../Engine/Plugins/Enterprise/DatasmithContent/Content/Materials/FBXImporter/VRED/VREDTextureRead.uasset" 1146
"../../../Engine/Plugins/Enterprise/DatasmithContent/Content/Materials/FBXImporter/VRED/VREDTextureRead.uexp" 1147
"../../../Engine/Plugins/Enterprise/DatasmithContent/Content/Materials/FBXImporter/VRED/ProcessNormal.uasset" 1148
"../../../Engine/Plugins/Enterprise/DatasmithContent/Content/Materials/FBXImporter/VRED/ProcessNormal.uexp" 1149
"../../../Engine/Content/Functions/MaterialLayerFunctions/MatLayerBlend_Simple.uasset" 1150
"../../../Engine/Content/Functions/MaterialLayerFunctions/MatLayerBlend_Simple.uexp" 1151
"../../../Engine/Content/Functions/Engine_MaterialFunctions01/Texturing/BakedDisplacement.uasset" 1152
"../../../Engine/Content/Functions/Engine_MaterialFunctions01/Texturing/BakedDisplacement.uexp" 1153
"../../../Engine/Content/Functions/Engine_MaterialFunctions02/Fresnel_Function.uasset" 1154
"../../../Engine/Content/Functions/Engine_MaterialFunctions02/Fresnel_Function.uexp" 1155
"../../../Engine/Plugins/Enterprise/DatasmithContent/Content/Materials/FBXImporter/VRED/BrushedMetal.uasset" 1156
"../../../Engine/Plugins/Enterprise/DatasmithContent/Content/Materials/FBXImporter/VRED/BrushedMetal.uexp" 1157
"../../../Engine/Plugins/Enterprise/DatasmithContent/Content/Materials/FBXImporter/VRED/Chrome.uasset" 1158
"../../../Engine/Plugins/Enterprise/DatasmithContent/Content/Materials/FBXImporter/VRED/Chrome.uexp" 1159
"../../../Engine/Content/Functions/Engine_MaterialFunctions02/Utility/DebugFloat3Values.uasset" 1160
"../../../Engine/Content/Functions/Engine_MaterialFunctions02/Utility/DebugFloat3Values.uexp" 1161
"../../../Engine/Content/Functions/Engine_MaterialFunctions02/Math/RGBtoHSV.uasset" 1162
"../../../Engine/Content/Functions/Engine_MaterialFunctions02/Math/RGBtoHSV.uexp" 1163
"../../../Engine/Plugins/Enterprise/DatasmithContent/Content/Materials/FBXImporter/VRED/Glass.uasset" 1164
"../../../Engine/Plugins/Enterprise/DatasmithContent/Content/Materials/FBXImporter/VRED/Glass.uexp" 1165
"../../../Engine/Plugins/Enterprise/DatasmithContent/Content/Materials/FBXImporter/VRED/Phong.uasset" 1166
"../../../Engine/Plugins/Enterprise/DatasmithContent/Content/Materials/FBXImporter/VRED/Phong.uexp" 1167
"../../../Engine/Plugins/Enterprise/DatasmithContent/Content/Materials/FBXImporter/VRED/Plastic.uasset" 1168
"../../../Engine/Plugins/Enterprise/DatasmithContent/Content/Materials/FBXImporter/VRED/Plastic.uexp" 1169
"../../../Engine/Content/EditorShapes/Textures/T_ShapeNormal.uasset" 1170
"../../../Engine/Content/EditorShapes/Textures/T_ShapeNormal.uexp" 1171
"../../../Engine/Content/EditorShapes/Textures/T_ShapeNormal.ubulk" 1172
"../../../Engine/Content/Functions/MaterialLayerFunctions/MatLayerBlend_Standard.uasset" 1173
"../../../Engine/Content/Functions/MaterialLayerFunctions/MatLayerBlend_Standard.uexp" 1174
"../../../Engine/Plugins/Enterprise/DatasmithContent/Content/Materials/FBXImporter/VRED/UnicolorCarpaint.uasset" 1175
"../../../Engine/Plugins/Enterprise/DatasmithContent/Content/Materials/FBXImporter/VRED/UnicolorCarpaint.uexp" 1176
"../../../Engine/Plugins/FX/Niagara/Content/Enums/EniagaraAlternateRendererModes.uasset" 1177
"../../../Engine/Plugins/FX/Niagara/Content/Enums/EniagaraAlternateRendererModes.uexp" 1178
"../../../Engine/Plugins/FX/Niagara/Content/Enums/ENiagaraAnimTrailWidthMode.uasset" 1179
"../../../Engine/Plugins/FX/Niagara/Content/Enums/ENiagaraAnimTrailWidthMode.uexp" 1180
"../../../Engine/Plugins/FX/Niagara/Content/Enums/ENiagaraArraySamplingMode.uasset" 1181
"../../../Engine/Plugins/FX/Niagara/Content/Enums/ENiagaraArraySamplingMode.uexp" 1182
"../../../Engine/Plugins/FX/Niagara/Content/Enums/ENiagaraBoneSamplingMode.uasset" 1183
"../../../Engine/Plugins/FX/Niagara/Content/Enums/ENiagaraBoneSamplingMode.uexp" 1184
"../../../Engine/Plugins/FX/Niagara/Content/Enums/ENiagaraBoneSocketSamplingMode.uasset" 1185
"../../../Engine/Plugins/FX/Niagara/Content/Enums/ENiagaraBoneSocketSamplingMode.uexp" 1186
"../../../Engine/Plugins/FX/Niagara/Content/Enums/ENiagaraBooleanLogicOps.uasset" 1187
"../../../Engine/Plugins/FX/Niagara/Content/Enums/ENiagaraBooleanLogicOps.uexp" 1188
"../../../Engine/Plugins/FX/Niagara/Content/Enums/ENiagaraBooleanLogicOps_v2.uasset" 1189
"../../../Engine/Plugins/FX/Niagara/Content/Enums/ENiagaraBooleanLogicOps_v2.uexp" 1190
"../../../Engine/Plugins/FX/Niagara/Content/Enums/ENiagaraCalculateRadiusOptions.uasset" 1191
"../../../Engine/Plugins/FX/Niagara/Content/Enums/ENiagaraCalculateRadiusOptions.uexp" 1192
"../../../Engine/Plugins/FX/Niagara/Content/Enums/ENiagaraChannelCorrelation.uasset" 1193
"../../../Engine/Plugins/FX/Niagara/Content/Enums/ENiagaraChannelCorrelation.uexp" 1194
"../../../Engine/Plugins/FX/Niagara/Content/Enums/ENiagaraCollisionRadiusOptions.uasset" 1195
"../../../Engine/Plugins/FX/Niagara/Content/Enums/ENiagaraCollisionRadiusOptions.uexp" 1196
"../../../Engine/Plugins/FX/Niagara/Content/Enums/ENiagaraCoordinateSpace.uasset" 1197
"../../../Engine/Plugins/FX/Niagara/Content/Enums/ENiagaraCoordinateSpace.uexp" 1198
"../../../Engine/Plugins/FX/Niagara/Content/Enums/ENiagaraCurlNoiseQuality.uasset" 1199
"../../../Engine/Plugins/FX/Niagara/Content/Enums/ENiagaraCurlNoiseQuality.uexp" 1200
"../../../Engine/Plugins/FX/Niagara/Content/Enums/ENiagaraEmitterLifeCycleMode.uasset" 1201
"../../../Engine/Plugins/FX/Niagara/Content/Enums/ENiagaraEmitterLifeCycleMode.uexp" 1202
"../../../Engine/Plugins/FX/Niagara/Content/Enums/ENiagaraEmitterScalabilityMode.uasset" 1203
"../../../Engine/Plugins/FX/Niagara/Content/Enums/ENiagaraEmitterScalabilityMode.uexp" 1204
"../../../Engine/Plugins/FX/Niagara/Content/Enums/ENiagaraEmitterScalabilityMode_Limited.uasset" 1205
"../../../Engine/Plugins/FX/Niagara/Content/Enums/ENiagaraEmitterScalabilityMode_Limited.uexp" 1206
"../../../Engine/Plugins/FX/Niagara/Content/Enums/ENiagaraExecutionStateManagement.uasset" 1207
"../../../Engine/Plugins/FX/Niagara/Content/Enums/ENiagaraExecutionStateManagement.uexp" 1208
"../../../Engine/Plugins/FX/Niagara/Content/Enums/ENiagaraExpansionMode.uasset" 1209
"../../../Engine/Plugins/FX/Niagara/Content/Enums/ENiagaraExpansionMode.uexp" 1210
"../../../Engine/Plugins/FX/Niagara/Content/Enums/ENiagaraFrictionMergeType.uasset" 1211
"../../../Engine/Plugins/FX/Niagara/Content/Enums/ENiagaraFrictionMergeType.uexp" 1212
"../../../Engine/Plugins/FX/Niagara/Content/Enums/ENiagaraGPUDepthResponseType.uasset" 1213
"../../../Engine/Plugins/FX/Niagara/Content/Enums/ENiagaraGPUDepthResponseType.uexp" 1214
"../../../Engine/Plugins/FX/Niagara/Content/Enums/ENiagaraGridPlacementType.uasset" 1215
"../../../Engine/Plugins/FX/Niagara/Content/Enums/ENiagaraGridPlacementType.uexp" 1216
"../../../Engine/Plugins/FX/Niagara/Content/Enums/ENiagaraInactiveMode.uasset" 1217
"../../../Engine/Plugins/FX/Niagara/Content/Enums/ENiagaraInactiveMode.uexp" 1218
"../../../Engine/Plugins/FX/Niagara/Content/Enums/ENiagaraKillVolumeOptions.uasset" 1219
"../../../Engine/Plugins/FX/Niagara/Content/Enums/ENiagaraKillVolumeOptions.uexp" 1220
"../../../Engine/Plugins/FX/Niagara/Content/Enums/ENiagaraLinearColor_Channels.uasset" 1221
"../../../Engine/Plugins/FX/Niagara/Content/Enums/ENiagaraLinearColor_Channels.uexp" 1222
"../../../Engine/Plugins/FX/Niagara/Content/Enums/ENiagaraMassByVolume.uasset" 1223
"../../../Engine/Plugins/FX/Niagara/Content/Enums/ENiagaraMassByVolume.uexp" 1224
"../../../Engine/Plugins/FX/Niagara/Content/Enums/ENiagaraMassCalculationForRendererTypes.uasset" 1225
"../../../Engine/Plugins/FX/Niagara/Content/Enums/ENiagaraMassCalculationForRendererTypes.uexp" 1226
"../../../Engine/Plugins/FX/Niagara/Content/Enums/ENiagaraMeshOrSprite.uasset" 1227
"../../../Engine/Plugins/FX/Niagara/Content/Enums/ENiagaraMeshOrSprite.uexp" 1228
"../../../Engine/Plugins/FX/Niagara/Content/Enums/ENiagaraMeshSamplingMode.uasset" 1229
"../../../Engine/Plugins/FX/Niagara/Content/Enums/ENiagaraMeshSamplingMode.uexp" 1230
"../../../Engine/Plugins/FX/Niagara/Content/Enums/ENiagaraMeshSurfaceSamplingMode.uasset" 1231
"../../../Engine/Plugins/FX/Niagara/Content/Enums/ENiagaraMeshSurfaceSamplingMode.uexp" 1232
"../../../Engine/Plugins/FX/Niagara/Content/Enums/ENiagaraMeshTransforms.uasset" 1233
"../../../Engine/Plugins/FX/Niagara/Content/Enums/ENiagaraMeshTransforms.uexp" 1234
"../../../Engine/Plugins/FX/Niagara/Content/Enums/ENiagaraMinOrMax.uasset" 1235
"../../../Engine/Plugins/FX/Niagara/Content/Enums/ENiagaraMinOrMax.uexp" 1236
"../../../Engine/Plugins/FX/Niagara/Content/Enums/ENiagaraNumericVariableTypes.uasset" 1237
"../../../Engine/Plugins/FX/Niagara/Content/Enums/ENiagaraNumericVariableTypes.uexp" 1238
"../../../Engine/Plugins/FX/Niagara/Content/Enums/ENiagaraOrientationAxis.uasset" 1239
"../../../Engine/Plugins/FX/Niagara/Content/Enums/ENiagaraOrientationAxis.uexp" 1240
"../../../Engine/Plugins/FX/Niagara/Content/Enums/ENiagaraQuaternionDerivationTechnique.uasset" 1241
"../../../Engine/Plugins/FX/Niagara/Content/Enums/ENiagaraQuaternionDerivationTechnique.uexp" 1242
"../../../Engine/Plugins/FX/Niagara/Content/Enums/ENiagaraRandomnessEvaluation.uasset" 1243
"../../../Engine/Plugins/FX/Niagara/Content/Enums/ENiagaraRandomnessEvaluation.uexp" 1244
"../../../Engine/Plugins/FX/Niagara/Content/Enums/ENiagaraRandomnessMode.uasset" 1245
"../../../Engine/Plugins/FX/Niagara/Content/Enums/ENiagaraRandomnessMode.uexp" 1246
"../../../Engine/Plugins/FX/Niagara/Content/Enums/ENiagaraRegionCoordinateSpace.uasset" 1247
"../../../Engine/Plugins/FX/Niagara/Content/Enums/ENiagaraRegionCoordinateSpace.uexp" 1248
"../../../Engine/Plugins/FX/Niagara/Content/Enums/ENiagaraRegionTransformOrder.uasset" 1249
"../../../Engine/Plugins/FX/Niagara/Content/Enums/ENiagaraRegionTransformOrder.uexp" 1250
"../../../Engine/Plugins/FX/Niagara/Content/Enums/ENiagaraRestitutionMergeType.uasset" 1251
"../../../Engine/Plugins/FX/Niagara/Content/Enums/ENiagaraRestitutionMergeType.uexp" 1252
"../../../Engine/Plugins/FX/Niagara/Content/Enums/ENiagaraScaleColorMode.uasset" 1253
"../../../Engine/Plugins/FX/Niagara/Content/Enums/ENiagaraScaleColorMode.uexp" 1254
"../../../Engine/Plugins/FX/Niagara/Content/Enums/ENiagaraSimulationTarget.uasset" 1255
"../../../Engine/Plugins/FX/Niagara/Content/Enums/ENiagaraSimulationTarget.uexp" 1256
"../../../Engine/Plugins/FX/Niagara/Content/Enums/ENiagaraSkeletalSpawning.uasset" 1257
"../../../Engine/Plugins/FX/Niagara/Content/Enums/ENiagaraSkeletalSpawning.uexp" 1258
"../../../Engine/Plugins/FX/Niagara/Content/Enums/ENiagaraSkelMeshPositionSamplingMode.uasset" 1259
"../../../Engine/Plugins/FX/Niagara/Content/Enums/ENiagaraSkelMeshPositionSamplingMode.uexp" 1260
"../../../Engine/Plugins/FX/Niagara/Content/Enums/ENiagaraSkelMeshTransforms.uasset" 1261
"../../../Engine/Plugins/FX/Niagara/Content/Enums/ENiagaraSkelMeshTransforms.uexp" 1262
"../../../Engine/Plugins/FX/Niagara/Content/Enums/ENiagaraSkelSamplingFilteringMode.uasset" 1263
"../../../Engine/Plugins/FX/Niagara/Content/Enums/ENiagaraSkelSamplingFilteringMode.uexp" 1264
"../../../Engine/Plugins/FX/Niagara/Content/Enums/ENiagaraSkelSamplingModeFull.uasset" 1265
"../../../Engine/Plugins/FX/Niagara/Content/Enums/ENiagaraSkelSamplingModeFull.uexp" 1266
"../../../Engine/Plugins/FX/Niagara/Content/Enums/ENiagaraSocketSamplingMode.uasset" 1267
"../../../Engine/Plugins/FX/Niagara/Content/Enums/ENiagaraSocketSamplingMode.uexp" 1268
"../../../Engine/Plugins/FX/Niagara/Content/Enums/ENiagaraSphereDistributionMode.uasset" 1269
"../../../Engine/Plugins/FX/Niagara/Content/Enums/ENiagaraSphereDistributionMode.uexp" 1270
"../../../Engine/Plugins/FX/Niagara/Content/Enums/ENiagaraSUbUVAnimationMode.uasset" 1271
"../../../Engine/Plugins/FX/Niagara/Content/Enums/ENiagaraSUbUVAnimationMode.uexp" 1272
"../../../Engine/Plugins/FX/Niagara/Content/Enums/ENiagaraSystemInactiveMode.uasset" 1273
"../../../Engine/Plugins/FX/Niagara/Content/Enums/ENiagaraSystemInactiveMode.uexp" 1274
"../../../Engine/Plugins/FX/Niagara/Content/Enums/ENiagaraTorusDistributionMode.uasset" 1275
"../../../Engine/Plugins/FX/Niagara/Content/Enums/ENiagaraTorusDistributionMode.uexp" 1276
"../../../Engine/Plugins/FX/Niagara/Content/Enums/ENiagaraTorusMode.uasset" 1277
"../../../Engine/Plugins/FX/Niagara/Content/Enums/ENiagaraTorusMode.uexp" 1278
"../../../Engine/Plugins/FX/Niagara/Content/Enums/ENiagaraTriangleSamplingMode.uasset" 1279
"../../../Engine/Plugins/FX/Niagara/Content/Enums/ENiagaraTriangleSamplingMode.uexp" 1280
"../../../Engine/Plugins/FX/Niagara/Content/Enums/ENiagaraVector2_Channels.uasset" 1281
"../../../Engine/Plugins/FX/Niagara/Content/Enums/ENiagaraVector2_Channels.uexp" 1282
"../../../Engine/Plugins/FX/Niagara/Content/Enums/ENiagaraVector3_Channels.uasset" 1283
"../../../Engine/Plugins/FX/Niagara/Content/Enums/ENiagaraVector3_Channels.uexp" 1284
"../../../Engine/Plugins/FX/Niagara/Content/Enums/ENiagaraVector4_Channels.uasset" 1285
"../../../Engine/Plugins/FX/Niagara/Content/Enums/ENiagaraVector4_Channels.uexp" 1286
"../../../Engine/Plugins/FX/Niagara/Content/Enums/ENiagaraVertexFilteringMode.uasset" 1287
"../../../Engine/Plugins/FX/Niagara/Content/Enums/ENiagaraVertexFilteringMode.uexp" 1288
"../../../Engine/Plugins/FX/Niagara/Content/Enums/ENiagaraVertexSamplingMode.uasset" 1289
"../../../Engine/Plugins/FX/Niagara/Content/Enums/ENiagaraVertexSamplingMode.uexp" 1290
"../../../Engine/Plugins/FX/Niagara/Content/Enums/ENiagara_AttributeSamplingApplyOutput.uasset" 1291
"../../../Engine/Plugins/FX/Niagara/Content/Enums/ENiagara_AttributeSamplingApplyOutput.uexp" 1292
"../../../Engine/Plugins/FX/Niagara/Content/Enums/ENiagara_AudioParamType.uasset" 1293
"../../../Engine/Plugins/FX/Niagara/Content/Enums/ENiagara_AudioParamType.uexp" 1294
"../../../Engine/Plugins/FX/Niagara/Content/Enums/ENiagara_BankOnTurns.uasset" 1295
"../../../Engine/Plugins/FX/Niagara/Content/Enums/ENiagara_BankOnTurns.uexp" 1296
"../../../Engine/Plugins/FX/Niagara/Content/Enums/ENiagara_CameraMeshOrientation.uasset" 1297
"../../../Engine/Plugins/FX/Niagara/Content/Enums/ENiagara_CameraMeshOrientation.uexp" 1298
"../../../Engine/Plugins/FX/Niagara/Content/Enums/ENiagara_CameraProperties.uasset" 1299
"../../../Engine/Plugins/FX/Niagara/Content/Enums/ENiagara_CameraProperties.uexp" 1300
"../../../Engine/Plugins/FX/Niagara/Content/Enums/ENiagara_CollisionType.uasset" 1301
"../../../Engine/Plugins/FX/Niagara/Content/Enums/ENiagara_CollisionType.uexp" 1302
"../../../Engine/Plugins/FX/Niagara/Content/Enums/ENiagara_ColorInitializationMode.uasset" 1303
"../../../Engine/Plugins/FX/Niagara/Content/Enums/ENiagara_ColorInitializationMode.uexp" 1304
"../../../Engine/Plugins/FX/Niagara/Content/Enums/ENiagara_CPUCollisionType.uasset" 1305
"../../../Engine/Plugins/FX/Niagara/Content/Enums/ENiagara_CPUCollisionType.uexp" 1306
"../../../Engine/Plugins/FX/Niagara/Content/Enums/ENiagara_DirectReadApplicationMode.uasset" 1307
"../../../Engine/Plugins/FX/Niagara/Content/Enums/ENiagara_DirectReadApplicationMode.uexp" 1308
"../../../Engine/Plugins/FX/Niagara/Content/Enums/ENiagara_DirectReadParticleIDSampling.uasset" 1309
"../../../Engine/Plugins/FX/Niagara/Content/Enums/ENiagara_DirectReadParticleIDSampling.uexp" 1310
"../../../Engine/Plugins/FX/Niagara/Content/Enums/ENiagara_DirectReadSamplingMode.uasset" 1311
"../../../Engine/Plugins/FX/Niagara/Content/Enums/ENiagara_DirectReadSamplingMode.uexp" 1312
"../../../Engine/Plugins/FX/Niagara/Content/Enums/ENiagara_EmitterLocSamplingMode.uasset" 1313
"../../../Engine/Plugins/FX/Niagara/Content/Enums/ENiagara_EmitterLocSamplingMode.uexp" 1314
"../../../Engine/Plugins/FX/Niagara/Content/Enums/ENiagara_EmitterStateOptions.uasset" 1315
"../../../Engine/Plugins/FX/Niagara/Content/Enums/ENiagara_EmitterStateOptions.uexp" 1316
"../../../Engine/Plugins/FX/Niagara/Content/Enums/ENiagara_FadeOperationType.uasset" 1317
"../../../Engine/Plugins/FX/Niagara/Content/Enums/ENiagara_FadeOperationType.uexp" 1318
"../../../Engine/Plugins/FX/Niagara/Content/Enums/ENiagara_Float4Channel.uasset" 1319
"../../../Engine/Plugins/FX/Niagara/Content/Enums/ENiagara_Float4Channel.uexp" 1320
"../../../Engine/Plugins/FX/Niagara/Content/Enums/ENiagara_GPUCollisionType.uasset" 1321
"../../../Engine/Plugins/FX/Niagara/Content/Enums/ENiagara_GPUCollisionType.uexp" 1322
"../../../Engine/Plugins/FX/Niagara/Content/Enums/ENiagara_IDAttributes.uasset" 1323
"../../../Engine/Plugins/FX/Niagara/Content/Enums/ENiagara_IDAttributes.uexp" 1324
"../../../Engine/Plugins/FX/Niagara/Content/Enums/ENiagara_InfiniteLoopDuration.uasset" 1325
"../../../Engine/Plugins/FX/Niagara/Content/Enums/ENiagara_InfiniteLoopDuration.uexp" 1326
"../../../Engine/Plugins/FX/Niagara/Content/Enums/ENiagara_LifetimeInheritanceOptions.uasset" 1327
"../../../Engine/Plugins/FX/Niagara/Content/Enums/ENiagara_LifetimeInheritanceOptions.uexp" 1328
"../../../Engine/Plugins/FX/Niagara/Content/Enums/ENiagara_LifetimeMode.uasset" 1329
"../../../Engine/Plugins/FX/Niagara/Content/Enums/ENiagara_LifetimeMode.uexp" 1330
"../../../Engine/Plugins/FX/Niagara/Content/Enums/ENiagara_MassInitializationMode.uasset" 1331
"../../../Engine/Plugins/FX/Niagara/Content/Enums/ENiagara_MassInitializationMode.uexp" 1332
"../../../Engine/Plugins/FX/Niagara/Content/Enums/ENiagara_MultipleLerpCount.uasset" 1333
"../../../Engine/Plugins/FX/Niagara/Content/Enums/ENiagara_MultipleLerpCount.uexp" 1334
"../../../Engine/Plugins/FX/Niagara/Content/Enums/ENiagara_PositionInitializationMode.uasset" 1335
"../../../Engine/Plugins/FX/Niagara/Content/Enums/ENiagara_PositionInitializationMode.uexp" 1336
"../../../Engine/Plugins/FX/Niagara/Content/Enums/ENiagara_RotationDefinitionApproach.uasset" 1337
"../../../Engine/Plugins/FX/Niagara/Content/Enums/ENiagara_RotationDefinitionApproach.uexp" 1338
"../../../Engine/Plugins/FX/Niagara/Content/Enums/ENiagara_SizeScaleMode.uasset" 1339
"../../../Engine/Plugins/FX/Niagara/Content/Enums/ENiagara_SizeScaleMode.uexp" 1340
"../../../Engine/Plugins/FX/Niagara/Content/Enums/ENiagara_SpawnBurstMode.uasset" 1341
"../../../Engine/Plugins/FX/Niagara/Content/Enums/ENiagara_SpawnBurstMode.uexp" 1342
"../../../Engine/Plugins/FX/Niagara/Content/Enums/ENiagara_SpriteRotationMode.uasset" 1343
"../../../Engine/Plugins/FX/Niagara/Content/Enums/ENiagara_SpriteRotationMode.uexp" 1344
"../../../Engine/Plugins/FX/Niagara/Content/Enums/ENiagara_SubUVLookupMode.uasset" 1345
"../../../Engine/Plugins/FX/Niagara/Content/Enums/ENiagara_SubUVLookupMode.uexp" 1346
"../../../Engine/Plugins/FX/Niagara/Content/Enums/ENiagara_TransformBaseOptions.uasset" 1347
"../../../Engine/Plugins/FX/Niagara/Content/Enums/ENiagara_TransformBaseOptions.uexp" 1348
"../../../Engine/Plugins/FX/Niagara/Content/Enums/ENiagara_TransformMode.uasset" 1349
"../../../Engine/Plugins/FX/Niagara/Content/Enums/ENiagara_TransformMode.uexp" 1350
"../../../Engine/Plugins/FX/Niagara/Content/Enums/ENiagara_TransformOrientationMode.uasset" 1351
"../../../Engine/Plugins/FX/Niagara/Content/Enums/ENiagara_TransformOrientationMode.uexp" 1352
"../../../Engine/Plugins/FX/Niagara/Content/Enums/ENiagara_UVFlippingMode.uasset" 1353
"../../../Engine/Plugins/FX/Niagara/Content/Enums/ENiagara_UVFlippingMode.uexp" 1354
"../../../Engine/Plugins/FX/Niagara/Content/Enums/ENiagara_WaveformBlendMode.uasset" 1355
"../../../Engine/Plugins/FX/Niagara/Content/Enums/ENiagara_WaveformBlendMode.uexp" 1356
"../../../Engine/Plugins/FX/Niagara/Content/Enums/ENiagara_WaveformCount.uasset" 1357
"../../../Engine/Plugins/FX/Niagara/Content/Enums/ENiagara_WaveformCount.uexp" 1358
"../../../Engine/Plugins/FX/Niagara/Content/Enums/ENiagara_Waveforms.uasset" 1359
"../../../Engine/Plugins/FX/Niagara/Content/Enums/ENiagara_Waveforms.uexp" 1360
"../../../Engine/Plugins/FX/Niagara/Content/Enums/ENiagara_WrapClamp.uasset" 1361
"../../../Engine/Plugins/FX/Niagara/Content/Enums/ENiagara_WrapClamp.uexp" 1362
"../../../Engine/Plugins/FX/Niagara/Content/Enums/Niagara_Units.uasset" 1363
"../../../Engine/Plugins/FX/Niagara/Content/Enums/Niagara_Units.uexp" 1364
"../../../Engine/Plugins/FX/Niagara/Content/Enums/Angles/ENiagara_AngleInput.uasset" 1365
"../../../Engine/Plugins/FX/Niagara/Content/Enums/Angles/ENiagara_AngleInput.uexp" 1366
"../../../Engine/Plugins/FX/Niagara/Content/Enums/Audio/PlayAudioMode.uasset" 1367
"../../../Engine/Plugins/FX/Niagara/Content/Enums/Audio/PlayAudioMode.uexp" 1368
"../../../Engine/Plugins/FX/Niagara/Content/Enums/CascadeConversion/ECascadeNiagaraOrbitChainMode.uasset" 1369
"../../../Engine/Plugins/FX/Niagara/Content/Enums/CascadeConversion/ECascadeNiagaraOrbitChainMode.uexp" 1370
"../../../Engine/Plugins/FX/Niagara/Content/Enums/CascadeConversion/ECascadeNiagaraTwoVectorChannels.uasset" 1371
"../../../Engine/Plugins/FX/Niagara/Content/Enums/CascadeConversion/ECascadeNiagaraTwoVectorChannels.uexp" 1372
"../../../Engine/Plugins/FX/Niagara/Content/Enums/Comparison/CompareValues.uasset" 1373
"../../../Engine/Plugins/FX/Niagara/Content/Enums/Comparison/CompareValues.uexp" 1374
"../../../Engine/Plugins/FX/Niagara/Content/Enums/Events/ENiagara_LocEventType.uasset" 1375
"../../../Engine/Plugins/FX/Niagara/Content/Enums/Events/ENiagara_LocEventType.uexp" 1376
"../../../Engine/Plugins/FX/Niagara/Content/Enums/Location/ENiagara_CylinderMode.uasset" 1377
"../../../Engine/Plugins/FX/Niagara/Content/Enums/Location/ENiagara_CylinderMode.uexp" 1378
"../../../Engine/Plugins/FX/Niagara/Content/Enums/Masks/ENiagaraDebugDrawShape.uasset" 1379
"../../../Engine/Plugins/FX/Niagara/Content/Enums/Masks/ENiagaraDebugDrawShape.uexp" 1380
"../../../Engine/Plugins/FX/Niagara/Content/Enums/Masks/ENiagaraRegionMaskValue.uasset" 1381
"../../../Engine/Plugins/FX/Niagara/Content/Enums/Masks/ENiagaraRegionMaskValue.uexp" 1382
"../../../Engine/Plugins/FX/Niagara/Content/Enums/Ribbons/ENiagara_UnsetDirectSet.uasset" 1383
"../../../Engine/Plugins/FX/Niagara/Content/Enums/Ribbons/ENiagara_UnsetDirectSet.uexp" 1384
"../../../Engine/Plugins/FX/Niagara/Content/Enums/Ribbons/ENiagara_UnsetDirectSetRandom.uasset" 1385
"../../../Engine/Plugins/FX/Niagara/Content/Enums/Ribbons/ENiagara_UnsetDirectSetRandom.uexp" 1386
"../../../Engine/Plugins/FX/Niagara/Content/Enums/SpriteRenderer/ENiagara_ScaleSpriteSize.uasset" 1387
"../../../Engine/Plugins/FX/Niagara/Content/Enums/SpriteRenderer/ENiagara_ScaleSpriteSize.uexp" 1388
"../../../Engine/Plugins/FX/Niagara/Content/Enums/Transforms/ENiagara_OffsetMode.uasset" 1389
"../../../Engine/Plugins/FX/Niagara/Content/Enums/Transforms/ENiagara_OffsetMode.uexp" 1390
"../../../Engine/Plugins/FX/Niagara/Content/Enums/Transforms/ENiagara_RotationMode.uasset" 1391
"../../../Engine/Plugins/FX/Niagara/Content/Enums/Transforms/ENiagara_RotationMode.uexp" 1392
"../../../Engine/Plugins/FX/Niagara/Content/Enums/Transforms/ENiagara_ScaleMode.uasset" 1393
"../../../Engine/Plugins/FX/Niagara/Content/Enums/Transforms/ENiagara_ScaleMode.uexp" 1394
"../../../Engine/Plugins/FX/Niagara/Content/Enums/Transforms/ENiagara_TransformOrder.uasset" 1395
"../../../Engine/Plugins/FX/Niagara/Content/Enums/Transforms/ENiagara_TransformOrder.uexp" 1396
"../../../Engine/Plugins/FX/Niagara/Content/Enums/Transforms/ENiagara_TransformType.uasset" 1397
"../../../Engine/Plugins/FX/Niagara/Content/Enums/Transforms/ENiagara_TransformType.uexp" 1398
"../../../Engine/Plugins/FX/Niagara/Content/Enums/Utility/ENiagara_TimelineAuthority.uasset" 1399
"../../../Engine/Plugins/FX/Niagara/Content/Enums/Utility/ENiagara_TimelineAuthority.uexp" 1400
"../../../Engine/Plugins/FX/Niagara/Content/Enums/Utility/ENiagara_TImelineMode.uasset" 1401
"../../../Engine/Plugins/FX/Niagara/Content/Enums/Utility/ENiagara_TImelineMode.uexp" 1402
"../../../Engine/Plugins/FX/Niagara/Content/Enums/Utility/ENiagara_TimelineOutput.uasset" 1403
"../../../Engine/Plugins/FX/Niagara/Content/Enums/Utility/ENiagara_TimelineOutput.uexp" 1404
"../../../Engine/Plugins/FX/Niagara/Content/Enums/Utility/ENiagara_TimelineOutputMode.uasset" 1405
"../../../Engine/Plugins/FX/Niagara/Content/Enums/Utility/ENiagara_TimelineOutputMode.uexp" 1406
"../../../Engine/Plugins/FX/Niagara/Content/Functions/PivotPainter/PivotPainter16bitTextureAlphaDataTypes.uasset" 1407
"../../../Engine/Plugins/FX/Niagara/Content/Functions/PivotPainter/PivotPainter16bitTextureAlphaDataTypes.uexp" 1408
"../../../Engine/Plugins/FX/Niagara/Content/Functions/PivotPainter/PivotPainter8BitTextureAlphaDataTypes.uasset" 1409
"../../../Engine/Plugins/FX/Niagara/Content/Functions/PivotPainter/PivotPainter8BitTextureAlphaDataTypes.uexp" 1410
"../../../Engine/Plugins/FX/Niagara/Content/Functions/PivotPainter/PivotPainterTextureRGBDataTypes.uasset" 1411
"../../../Engine/Plugins/FX/Niagara/Content/Functions/PivotPainter/PivotPainterTextureRGBDataTypes.uexp" 1412
"../../../Engine/Plugins/FX/Niagara/Content/Icons/S_ParticleSystem.uasset" 1413
"../../../Engine/Plugins/FX/Niagara/Content/Icons/S_ParticleSystem.uexp" 1414
"../../../Engine/Plugins/FX/Niagara/Content/Icons/S_ParticleSystem.ubulk" 1415
"../../../Engine/Plugins/Importers/USDImporter/Content/Materials/DisplayColorAndOpacity.uasset" 1416
"../../../Engine/Plugins/Importers/USDImporter/Content/Materials/DisplayColorAndOpacity.uexp" 1417
"../../../Engine/Plugins/Importers/USDImporter/Content/Materials/DisplayColorAndOpacityDoubleSided.uasset" 1418
"../../../Engine/Plugins/Importers/USDImporter/Content/Materials/DisplayColorAndOpacityDoubleSided.uexp" 1419
"../../../Engine/Content/Functions/Engine_MaterialFunctions02/Utility/MakeFloat4.uasset" 1420
"../../../Engine/Content/Functions/Engine_MaterialFunctions02/Utility/MakeFloat4.uexp" 1421
"../../../Engine/Content/Functions/Engine_MaterialFunctions02/Math/InverseTransformMatrix.uasset" 1422
"../../../Engine/Content/Functions/Engine_MaterialFunctions02/Math/InverseTransformMatrix.uexp" 1423
"../../../Engine/Plugins/Importers/USDImporter/Content/Materials/WorldSpaceNormalsToTangentSpace.uasset" 1424
"../../../Engine/Plugins/Importers/USDImporter/Content/Materials/WorldSpaceNormalsToTangentSpace.uexp" 1425
"../../../Engine/Plugins/Importers/USDImporter/Content/Materials/ChannelSelector.uasset" 1426
"../../../Engine/Plugins/Importers/USDImporter/Content/Materials/ChannelSelector.uexp" 1427
"../../../Engine/Plugins/Importers/USDImporter/Content/Materials/UsdPreviewSurface.uasset" 1428
"../../../Engine/Plugins/Importers/USDImporter/Content/Materials/UsdPreviewSurface.uexp" 1429
"../../../Engine/Plugins/Importers/USDImporter/Content/Materials/UsdPreviewSurfaceTranslucent.uasset" 1430
"../../../Engine/Plugins/Importers/USDImporter/Content/Materials/UsdPreviewSurfaceTranslucent.uexp" 1431
"../../../Engine/Plugins/Importers/USDImporter/Content/Materials/UsdPreviewSurfaceTranslucentVT.uasset" 1432
"../../../Engine/Plugins/Importers/USDImporter/Content/Materials/UsdPreviewSurfaceTranslucentVT.uexp" 1433
"../../../Engine/Plugins/Importers/USDImporter/Content/Textures/DefaultColorVT.uasset" 1434
"../../../Engine/Plugins/Importers/USDImporter/Content/Textures/DefaultColorVT.uexp" 1435
"../../../Engine/Plugins/Importers/USDImporter/Content/Textures/DefaultColorVT.ubulk" 1436
"../../../Engine/Plugins/Importers/USDImporter/Content/Textures/DefaultNormalVT.uasset" 1437
"../../../Engine/Plugins/Importers/USDImporter/Content/Textures/DefaultNormalVT.uexp" 1438
"../../../Engine/Plugins/Importers/USDImporter/Content/Textures/DefaultNormalVT.ubulk" 1439
"../../../Engine/Plugins/Importers/USDImporter/Content/Textures/DefaultLinearColorVT.uasset" 1440
"../../../Engine/Plugins/Importers/USDImporter/Content/Textures/DefaultLinearColorVT.uexp" 1441
"../../../Engine/Plugins/Importers/USDImporter/Content/Textures/DefaultLinearColorVT.ubulk" 1442
"../../../Engine/Plugins/Importers/USDImporter/Content/Materials/UsdPreviewSurfaceVT.uasset" 1443
"../../../Engine/Plugins/Importers/USDImporter/Content/Materials/UsdPreviewSurfaceVT.uexp" 1444
"../../../Engine/Content/BasicShapes/Cylinder.uasset" 1445
"../../../Engine/Content/BasicShapes/Cylinder.uexp" 1446
"../../../Engine/Content/ArtTools/RenderToTexture/Materials/Debug/M_Emissive_Color.uasset" 1447
"../../../Engine/Content/ArtTools/RenderToTexture/Materials/Debug/M_Emissive_Color.uexp" 1448
"../../../Engine/Plugins/Lumin/MagicLeapPassableWorld/Content/MagicLeapARPinInfoActor.uasset" 1449
"../../../Engine/Plugins/Lumin/MagicLeapPassableWorld/Content/MagicLeapARPinInfoActor.uexp" 1450
"../../../Engine/Plugins/Runtime/HairStrands/Content/Materials/HairCardsDefaultMaterial.uasset" 1451
"../../../Engine/Plugins/Runtime/HairStrands/Content/Materials/HairCardsDefaultMaterial.uexp" 1452
"../../../Engine/Content/EngineMaterials/HairDebugColor.uasset" 1453
"../../../Engine/Content/EngineMaterials/HairDebugColor.uexp" 1454
"../../../Engine/Content/EngineMaterials/HairColorMap.uasset" 1455
"../../../Engine/Content/EngineMaterials/HairColorMap.uexp" 1456
"../../../Engine/Plugins/Runtime/HairStrands/Content/Materials/HairDebugMaterial.uasset" 1457
"../../../Engine/Plugins/Runtime/HairStrands/Content/Materials/HairDebugMaterial.uexp" 1458
"../../../Engine/Plugins/Runtime/HairStrands/Content/Materials/HairDefaultMaterial.uasset" 1459
"../../../Engine/Plugins/Runtime/HairStrands/Content/Materials/HairDefaultMaterial.uexp" 1460
"../../../Engine/Plugins/Runtime/HairStrands/Content/Materials/HairMeshesDefaultMaterial.uasset" 1461
"../../../Engine/Plugins/Runtime/HairStrands/Content/Materials/HairMeshesDefaultMaterial.uexp" 1462
"../../../Engine/Plugins/Runtime/OpenXR/Content/Devices/GoogleDaydream/MRTexture.uasset" 1463
"../../../Engine/Plugins/Runtime/OpenXR/Content/Devices/GoogleDaydream/MRTexture.uexp" 1464
"../../../Engine/Plugins/Runtime/OpenXR/Content/Devices/GoogleDaydream/MRTexture.ubulk" 1465
"../../../Engine/Plugins/Runtime/OpenXR/Content/Devices/GoogleDaydream/BaseTexture.uasset" 1466
"../../../Engine/Plugins/Runtime/OpenXR/Content/Devices/GoogleDaydream/BaseTexture.uexp" 1467
"../../../Engine/Plugins/Runtime/OpenXR/Content/Devices/GoogleDaydream/BaseTexture.ubulk" 1468
"../../../Engine/Plugins/Runtime/OpenXR/Content/Devices/M_XRController.uasset" 1469
"../../../Engine/Plugins/Runtime/OpenXR/Content/Devices/M_XRController.uexp" 1470
"../../../Engine/Plugins/Runtime/OpenXR/Content/Devices/GoogleDaydream/MI_GoogleDaydream.uasset" 1471
"../../../Engine/Plugins/Runtime/OpenXR/Content/Devices/GoogleDaydream/MI_GoogleDaydream.uexp" 1472
"../../../Engine/Plugins/Runtime/OpenXR/Content/Devices/GoogleDaydream/GoogleDaydreamController.uasset" 1473
"../../../Engine/Plugins/Runtime/OpenXR/Content/Devices/GoogleDaydream/GoogleDaydreamController.uexp" 1474
"../../../Engine/Plugins/Runtime/OpenXR/Content/Devices/HTCVive/BaseTexture.uasset" 1475
"../../../Engine/Plugins/Runtime/OpenXR/Content/Devices/HTCVive/BaseTexture.uexp" 1476
"../../../Engine/Plugins/Runtime/OpenXR/Content/Devices/HTCVive/BaseTexture.ubulk" 1477
"../../../Engine/Plugins/Runtime/OpenXR/Content/Devices/HTCVive/MI_HTCVive.uasset" 1478
"../../../Engine/Plugins/Runtime/OpenXR/Content/Devices/HTCVive/MI_HTCVive.uexp" 1479
"../../../Engine/Plugins/Runtime/OpenXR/Content/Devices/HTCVive/HTCViveController.uasset" 1480
"../../../Engine/Plugins/Runtime/OpenXR/Content/Devices/HTCVive/HTCViveController.uexp" 1481
"../../../Engine/Plugins/Runtime/OpenXR/Content/Devices/MicrosoftMixedReality/NormalTexture.uasset" 1482
"../../../Engine/Plugins/Runtime/OpenXR/Content/Devices/MicrosoftMixedReality/NormalTexture.uexp" 1483
"../../../Engine/Plugins/Runtime/OpenXR/Content/Devices/MicrosoftMixedReality/NormalTexture.ubulk" 1484
"../../../Engine/Plugins/Runtime/OpenXR/Content/Devices/MicrosoftMixedReality/MRTexture.uasset" 1485
"../../../Engine/Plugins/Runtime/OpenXR/Content/Devices/MicrosoftMixedReality/MRTexture.uexp" 1486
"../../../Engine/Plugins/Runtime/OpenXR/Content/Devices/MicrosoftMixedReality/MRTexture.ubulk" 1487
"../../../Engine/Plugins/Runtime/OpenXR/Content/Devices/MicrosoftMixedReality/EmissiveTexture.uasset" 1488
"../../../Engine/Plugins/Runtime/OpenXR/Content/Devices/MicrosoftMixedReality/EmissiveTexture.uexp" 1489
"../../../Engine/Plugins/Runtime/OpenXR/Content/Devices/MicrosoftMixedReality/EmissiveTexture.ubulk" 1490
"../../../Engine/Plugins/Runtime/OpenXR/Content/Devices/MicrosoftMixedReality/BaseTexture.uasset" 1491
"../../../Engine/Plugins/Runtime/OpenXR/Content/Devices/MicrosoftMixedReality/BaseTexture.uexp" 1492
"../../../Engine/Plugins/Runtime/OpenXR/Content/Devices/MicrosoftMixedReality/BaseTexture.ubulk" 1493
"../../../Engine/Plugins/Runtime/OpenXR/Content/Devices/MicrosoftMixedReality/MI_MicrosoftMixedReality.uasset" 1494
"../../../Engine/Plugins/Runtime/OpenXR/Content/Devices/MicrosoftMixedReality/MI_MicrosoftMixedReality.uexp" 1495
"../../../Engine/Plugins/Runtime/OpenXR/Content/Devices/MicrosoftMixedReality/Left/left_MicrosoftMixedRealityController.uasset" 1496
"../../../Engine/Plugins/Runtime/OpenXR/Content/Devices/MicrosoftMixedReality/Left/left_MicrosoftMixedRealityController.uexp" 1497
"../../../Engine/Plugins/Runtime/OpenXR/Content/Devices/MicrosoftMixedReality/Right/right_MicrosoftMixedRealityController.uasset" 1498
"../../../Engine/Plugins/Runtime/OpenXR/Content/Devices/MicrosoftMixedReality/Right/right_MicrosoftMixedRealityController.uexp" 1499
"../../../Engine/Plugins/Runtime/OpenXR/Content/Devices/OculusGo/BaseTexture.uasset" 1500
"../../../Engine/Plugins/Runtime/OpenXR/Content/Devices/OculusGo/BaseTexture.uexp" 1501
"../../../Engine/Plugins/Runtime/OpenXR/Content/Devices/OculusGo/BaseTexture.ubulk" 1502
"../../../Engine/Plugins/Runtime/OpenXR/Content/Devices/OculusGo/MI_OculusGo.uasset" 1503
"../../../Engine/Plugins/Runtime/OpenXR/Content/Devices/OculusGo/MI_OculusGo.uexp" 1504
"../../../Engine/Plugins/Runtime/OpenXR/Content/Devices/OculusGo/OculusGoController.uasset" 1505
"../../../Engine/Plugins/Runtime/OpenXR/Content/Devices/OculusGo/OculusGoController.uexp" 1506
"../../../Engine/Plugins/Runtime/OpenXR/Content/Devices/OculusTouch/MRTexture.uasset" 1507
"../../../Engine/Plugins/Runtime/OpenXR/Content/Devices/OculusTouch/MRTexture.uexp" 1508
"../../../Engine/Plugins/Runtime/OpenXR/Content/Devices/OculusTouch/MRTexture.ubulk" 1509
"../../../Engine/Plugins/Runtime/OpenXR/Content/Devices/OculusTouch/BaseTexture.uasset" 1510
"../../../Engine/Plugins/Runtime/OpenXR/Content/Devices/OculusTouch/BaseTexture.uexp" 1511
"../../../Engine/Plugins/Runtime/OpenXR/Content/Devices/OculusTouch/BaseTexture.ubulk" 1512
"../../../Engine/Plugins/Runtime/OpenXR/Content/Devices/OculusTouch/MI_OculusTouch.uasset" 1513
"../../../Engine/Plugins/Runtime/OpenXR/Content/Devices/OculusTouch/MI_OculusTouch.uexp" 1514
"../../../Engine/Plugins/Runtime/OpenXR/Content/Devices/OculusTouch/Left/left_OculusTouchController.uasset" 1515
"../../../Engine/Plugins/Runtime/OpenXR/Content/Devices/OculusTouch/Left/left_OculusTouchController.uexp" 1516
"../../../Engine/Plugins/Runtime/OpenXR/Content/Devices/OculusTouch/Right/right_OculusTouchController.uasset" 1517
"../../../Engine/Plugins/Runtime/OpenXR/Content/Devices/OculusTouch/Right/right_OculusTouchController.uexp" 1518
"../../../Engine/Plugins/Runtime/OpenXR/Content/Devices/OculusTouch_v2/MRTexture.uasset" 1519
"../../../Engine/Plugins/Runtime/OpenXR/Content/Devices/OculusTouch_v2/MRTexture.uexp" 1520
"../../../Engine/Plugins/Runtime/OpenXR/Content/Devices/OculusTouch_v2/MRTexture.ubulk" 1521
"../../../Engine/Plugins/Runtime/OpenXR/Content/Devices/OculusTouch_v2/BaseTexture.uasset" 1522
"../../../Engine/Plugins/Runtime/OpenXR/Content/Devices/OculusTouch_v2/BaseTexture.uexp" 1523
"../../../Engine/Plugins/Runtime/OpenXR/Content/Devices/OculusTouch_v2/BaseTexture.ubulk" 1524
"../../../Engine/Plugins/Runtime/OpenXR/Content/Devices/OculusTouch_v2/MI_OculusTouch_v2.uasset" 1525
"../../../Engine/Plugins/Runtime/OpenXR/Content/Devices/OculusTouch_v2/MI_OculusTouch_v2.uexp" 1526
"../../../Engine/Plugins/Runtime/OpenXR/Content/Devices/OculusTouch_v2/Left/left_OculusTouch_v2Controller.uasset" 1527
"../../../Engine/Plugins/Runtime/OpenXR/Content/Devices/OculusTouch_v2/Left/left_OculusTouch_v2Controller.uexp" 1528
"../../../Engine/Plugins/Runtime/OpenXR/Content/Devices/OculusTouch_v2/Right/right_OculusTouch_v2Controller.uasset" 1529
"../../../Engine/Plugins/Runtime/OpenXR/Content/Devices/OculusTouch_v2/Right/right_OculusTouch_v2Controller.uexp" 1530
"../../../Engine/Plugins/Runtime/OpenXR/Content/Devices/OculusTouch_v3/MRTexture.uasset" 1531
"../../../Engine/Plugins/Runtime/OpenXR/Content/Devices/OculusTouch_v3/MRTexture.uexp" 1532
"../../../Engine/Plugins/Runtime/OpenXR/Content/Devices/OculusTouch_v3/MRTexture.ubulk" 1533
"../../../Engine/Plugins/Runtime/OpenXR/Content/Devices/OculusTouch_v3/BaseTexture.uasset" 1534
"../../../Engine/Plugins/Runtime/OpenXR/Content/Devices/OculusTouch_v3/BaseTexture.uexp" 1535
"../../../Engine/Plugins/Runtime/OpenXR/Content/Devices/OculusTouch_v3/BaseTexture.ubulk" 1536
"../../../Engine/Plugins/Runtime/OpenXR/Content/Devices/OculusTouch_v3/MI_OculusTouch_v3.uasset" 1537
"../../../Engine/Plugins/Runtime/OpenXR/Content/Devices/OculusTouch_v3/MI_OculusTouch_v3.uexp" 1538
"../../../Engine/Plugins/Runtime/OpenXR/Content/Devices/OculusTouch_v3/Left/left_OculusTouch_v3Controller.uasset" 1539
"../../../Engine/Plugins/Runtime/OpenXR/Content/Devices/OculusTouch_v3/Left/left_OculusTouch_v3Controller.uexp" 1540
"../../../Engine/Plugins/Runtime/OpenXR/Content/Devices/OculusTouch_v3/Right/right_OculusTouch_v3Controller.uasset" 1541
"../../../Engine/Plugins/Runtime/OpenXR/Content/Devices/OculusTouch_v3/Right/right_OculusTouch_v3Controller.uexp" 1542
"../../../Engine/Plugins/Runtime/OpenXR/Content/Devices/ValveIndex/MRTexture.uasset" 1543
"../../../Engine/Plugins/Runtime/OpenXR/Content/Devices/ValveIndex/MRTexture.uexp" 1544
"../../../Engine/Plugins/Runtime/OpenXR/Content/Devices/ValveIndex/MRTexture.ubulk" 1545
"../../../Engine/Plugins/Runtime/OpenXR/Content/Devices/ValveIndex/BaseTexture.uasset" 1546
"../../../Engine/Plugins/Runtime/OpenXR/Content/Devices/ValveIndex/BaseTexture.uexp" 1547
"../../../Engine/Plugins/Runtime/OpenXR/Content/Devices/ValveIndex/BaseTexture.ubulk" 1548
"../../../Engine/Plugins/Runtime/OpenXR/Content/Devices/ValveIndex/Left/MI_left_ValveIndex.uasset" 1549
"../../../Engine/Plugins/Runtime/OpenXR/Content/Devices/ValveIndex/Left/MI_left_ValveIndex.uexp" 1550
"../../../Engine/Plugins/Runtime/OpenXR/Content/Devices/ValveIndex/Left/left_ValveIndexController.uasset" 1551
"../../../Engine/Plugins/Runtime/OpenXR/Content/Devices/ValveIndex/Left/left_ValveIndexController.uexp" 1552
"../../../Engine/Plugins/Runtime/OpenXR/Content/Devices/ValveIndex/Right/MI_right_ValveIndex.uasset" 1553
"../../../Engine/Plugins/Runtime/OpenXR/Content/Devices/ValveIndex/Right/MI_right_ValveIndex.uexp" 1554
"../../../Engine/Plugins/Runtime/OpenXR/Content/Devices/ValveIndex/Right/right_ValveIndexController.uasset" 1555
"../../../Engine/Plugins/Runtime/OpenXR/Content/Devices/ValveIndex/Right/right_ValveIndexController.uexp" 1556
"../../../Engine/Plugins/Experimental/Enterprise/DatasmithRuntime/Content/Materials/M_Cutout.uasset" 1557
"../../../Engine/Plugins/Experimental/Enterprise/DatasmithRuntime/Content/Materials/M_Cutout.uexp" 1558
"../../../Engine/Plugins/Experimental/Enterprise/DatasmithRuntime/Content/Materials/M_Opaque.uasset" 1559
"../../../Engine/Plugins/Experimental/Enterprise/DatasmithRuntime/Content/Materials/M_Opaque.uexp" 1560
"../../../Engine/Plugins/Experimental/Enterprise/DatasmithRuntime/Content/Materials/M_PbrOpaque.uasset" 1561
"../../../Engine/Plugins/Experimental/Enterprise/DatasmithRuntime/Content/Materials/M_PbrOpaque.uexp" 1562
"../../../Engine/Plugins/Experimental/Enterprise/DatasmithRuntime/Content/Materials/M_PbrOpaque_2Sided.uasset" 1563
"../../../Engine/Plugins/Experimental/Enterprise/DatasmithRuntime/Content/Materials/M_PbrOpaque_2Sided.uexp" 1564
"../../../Engine/Plugins/Experimental/Enterprise/DatasmithRuntime/Content/Materials/M_PbrTranslucent.uasset" 1565
"../../../Engine/Plugins/Experimental/Enterprise/DatasmithRuntime/Content/Materials/M_PbrTranslucent.uexp" 1566
"../../../Engine/Plugins/Experimental/Enterprise/DatasmithRuntime/Content/Materials/M_PbrTranslucent_2Sided.uasset" 1567
"../../../Engine/Plugins/Experimental/Enterprise/DatasmithRuntime/Content/Materials/M_PbrTranslucent_2Sided.uexp" 1568
"../../../Engine/Plugins/Experimental/Enterprise/DatasmithRuntime/Content/Materials/M_Transparent.uasset" 1569
"../../../Engine/Plugins/Experimental/Enterprise/DatasmithRuntime/Content/Materials/M_Transparent.uexp" 1570
"../../../Engine/Content/Functions/Engine_MaterialFunctions02/Utility/BreakOutFloat4Components.uasset" 1571
"../../../Engine/Content/Functions/Engine_MaterialFunctions02/Utility/BreakOutFloat4Components.uexp" 1572
"../../../Engine/Plugins/Runtime/Oculus/OculusVR/Content/Materials/OculusMR_ChromaKey.uasset" 1573
"../../../Engine/Plugins/Runtime/Oculus/OculusVR/Content/Materials/OculusMR_ChromaKey.uexp" 1574
"../../../Engine/Plugins/Runtime/Oculus/OculusVR/Content/Materials/OculusMR_OpaqueColoredMaterial.uasset" 1575
"../../../Engine/Plugins/Runtime/Oculus/OculusVR/Content/Materials/OculusMR_OpaqueColoredMaterial.uexp" 1576
"../../../Engine/Plugins/Runtime/Oculus/OculusVR/Content/Materials/PokeAHoleMaterial.uasset" 1577
"../../../Engine/Plugins/Runtime/Oculus/OculusVR/Content/Materials/PokeAHoleMaterial.uexp" 1578
"../../../Engine/Plugins/Runtime/Oculus/OculusVR/Content/Textures/touchController_controlmap.uasset" 1579
"../../../Engine/Plugins/Runtime/Oculus/OculusVR/Content/Textures/touchController_controlmap.uexp" 1580
"../../../Engine/Plugins/Runtime/Oculus/OculusVR/Content/Textures/touchController_controlmap.ubulk" 1581
"../../../Engine/Plugins/Runtime/Oculus/OculusVR/Content/Textures/touchController_albedo.uasset" 1582
"../../../Engine/Plugins/Runtime/Oculus/OculusVR/Content/Textures/touchController_albedo.uexp" 1583
"../../../Engine/Plugins/Runtime/Oculus/OculusVR/Content/Textures/touchController_albedo.ubulk" 1584
"../../../Engine/Plugins/Runtime/Oculus/OculusVR/Content/Materials/touchController_mat.uasset" 1585
"../../../Engine/Plugins/Runtime/Oculus/OculusVR/Content/Materials/touchController_mat.uexp" 1586
"../../../Engine/Plugins/Runtime/Oculus/OculusVR/Content/Meshes/LeftTouchController.uasset" 1587
"../../../Engine/Plugins/Runtime/Oculus/OculusVR/Content/Meshes/LeftTouchController.uexp" 1588
"../../../Engine/Plugins/Runtime/Oculus/OculusVR/Content/Textures/TouchForQuestRiftSController_albedo.uasset" 1589
"../../../Engine/Plugins/Runtime/Oculus/OculusVR/Content/Textures/TouchForQuestRiftSController_albedo.uexp" 1590
"../../../Engine/Plugins/Runtime/Oculus/OculusVR/Content/Textures/TouchForQuestRiftSController_albedo.ubulk" 1591
"../../../Engine/Plugins/Runtime/Oculus/OculusVR/Content/Materials/TouchForQuestRiftSControllerMaterial.uasset" 1592
"../../../Engine/Plugins/Runtime/Oculus/OculusVR/Content/Materials/TouchForQuestRiftSControllerMaterial.uexp" 1593
"../../../Engine/Plugins/Runtime/Oculus/OculusVR/Content/Meshes/LeftTouchForQuestRiftSController.uasset" 1594
"../../../Engine/Plugins/Runtime/Oculus/OculusVR/Content/Meshes/LeftTouchForQuestRiftSController.uexp" 1595
"../../../Engine/Plugins/Runtime/Oculus/OculusVR/Content/Meshes/RiftHMD.uasset" 1596
"../../../Engine/Plugins/Runtime/Oculus/OculusVR/Content/Meshes/RiftHMD.uexp" 1597
"../../../Engine/Plugins/Runtime/Oculus/OculusVR/Content/Meshes/RightTouchController.uasset" 1598
"../../../Engine/Plugins/Runtime/Oculus/OculusVR/Content/Meshes/RightTouchController.uexp" 1599
"../../../Engine/Plugins/Runtime/Oculus/OculusVR/Content/Meshes/RightTouchForQuestRiftSController.uasset" 1600
"../../../Engine/Plugins/Runtime/Oculus/OculusVR/Content/Meshes/RightTouchForQuestRiftSController.uexp" 1601
"../../../Engine/Content/Maps/Entry_BuiltData.uasset" 1602
"../../../Engine/Content/Maps/Entry_BuiltData.uexp" 1603
"../../../Engine/Content/Maps/Entry.uexp" 1604
"../../../Engine/Content/Maps/Entry.umap" 1605
"../../../Engine/Plugins/Importers/USDImporter/Content/Materials/DisplayColor.uasset" 1606
"../../../Engine/Plugins/Importers/USDImporter/Content/Materials/DisplayColor.uexp" 1607
"../../../Engine/Plugins/Importers/USDImporter/Content/Materials/DisplayColorDoubleSided.uasset" 1608
"../../../Engine/Plugins/Importers/USDImporter/Content/Materials/DisplayColorDoubleSided.uexp" 1609
"F:/fnaf-spelet/Content/Assets/elevator_2/Materials/M_DisplayColor.uasset" 1610
"F:/fnaf-spelet/Content/Assets/elevator_2/Materials/M_DisplayColor.uexp" 1611
"F:/fnaf-spelet/Content/Assets/elevator_2/StaticMeshes/SM_polySurfaceShape49.uasset" 1612
"F:/fnaf-spelet/Content/Assets/elevator_2/StaticMeshes/SM_polySurfaceShape49.uexp" 1613
"F:/fnaf-spelet/Content/Assets/elevator_2/StaticMeshes/SM_polySurfaceShape175.uasset" 1614
"F:/fnaf-spelet/Content/Assets/elevator_2/StaticMeshes/SM_polySurfaceShape175.uexp" 1615
"F:/fnaf-spelet/Content/Assets/elevator_2/StaticMeshes/SM_polySurfaceShape174.uasset" 1616
"F:/fnaf-spelet/Content/Assets/elevator_2/StaticMeshes/SM_polySurfaceShape174.uexp" 1617
"F:/fnaf-spelet/Content/Assets/elevator_2/StaticMeshes/SM_polySurfaceShape173.uasset" 1618
"F:/fnaf-spelet/Content/Assets/elevator_2/StaticMeshes/SM_polySurfaceShape173.uexp" 1619
"F:/fnaf-spelet/Content/Assets/elevator_2/StaticMeshes/SM_polySurfaceShape171.uasset" 1620
"F:/fnaf-spelet/Content/Assets/elevator_2/StaticMeshes/SM_polySurfaceShape171.uexp" 1621
"F:/fnaf-spelet/Content/Assets/elevator_2/StaticMeshes/SM_polySurfaceShape170.uasset" 1622
"F:/fnaf-spelet/Content/Assets/elevator_2/StaticMeshes/SM_polySurfaceShape170.uexp" 1623
"F:/fnaf-spelet/Content/Assets/elevator_2/StaticMeshes/SM_polySurfaceShape168.uasset" 1624
"F:/fnaf-spelet/Content/Assets/elevator_2/StaticMeshes/SM_polySurfaceShape168.uexp" 1625
"F:/fnaf-spelet/Content/Assets/elevator_2/StaticMeshes/SM_polySurfaceShape167.uasset" 1626
"F:/fnaf-spelet/Content/Assets/elevator_2/StaticMeshes/SM_polySurfaceShape167.uexp" 1627
"F:/fnaf-spelet/Content/Assets/elevator_2/StaticMeshes/SM_polySurfaceShape165.uasset" 1628
"F:/fnaf-spelet/Content/Assets/elevator_2/StaticMeshes/SM_polySurfaceShape165.uexp" 1629
"F:/fnaf-spelet/Content/Assets/elevator_2/StaticMeshes/SM_polySurfaceShape164.uasset" 1630
"F:/fnaf-spelet/Content/Assets/elevator_2/StaticMeshes/SM_polySurfaceShape164.uexp" 1631
"F:/fnaf-spelet/Content/Textures/bark_brown/bark_brown_02_diff_2k.uasset" 1632
"F:/fnaf-spelet/Content/Textures/bark_brown/bark_brown_02_diff_2k.uexp" 1633
"F:/fnaf-spelet/Content/Textures/bark_brown/bark_brown_02_diff_2k.ubulk" 1634
"../../../Engine/Content/Functions/Engine_MaterialFunctions01/Gradient/LinearGradient.uasset" 1635
"../../../Engine/Content/Functions/Engine_MaterialFunctions01/Gradient/LinearGradient.uexp" 1636
"../../../Engine/Content/Functions/Engine_MaterialFunctions01/ImageAdjustment/CheapContrast.uasset" 1637
"../../../Engine/Content/Functions/Engine_MaterialFunctions01/ImageAdjustment/CheapContrast.uexp" 1638
"../../../Engine/Content/Functions/Engine_MaterialFunctions01/Texturing/WorldAlignedTexture.uasset" 1639
"../../../Engine/Content/Functions/Engine_MaterialFunctions01/Texturing/WorldAlignedTexture.uexp" 1640
"F:/fnaf-spelet/Content/Materials/M_Triplanar.uasset" 1641
"F:/fnaf-spelet/Content/Materials/M_Triplanar.uexp" 1642
"F:/fnaf-spelet/Content/Materials/M_Wood.uasset" 1643
"F:/fnaf-spelet/Content/Materials/M_Wood.uexp" 1644
"F:/fnaf-spelet/Content/Textures/rusty_metal_05_diff_2k.uasset" 1645
"F:/fnaf-spelet/Content/Textures/rusty_metal_05_diff_2k.uexp" 1646
"F:/fnaf-spelet/Content/Textures/rusty_metal_05_diff_2k.ubulk" 1647
"F:/fnaf-spelet/Content/Materials/M_RustyMetal.uasset" 1648
"F:/fnaf-spelet/Content/Materials/M_RustyMetal.uexp" 1649
"F:/fnaf-spelet/Content/Textures/rock_face_03_diff_2k.uasset" 1650
"F:/fnaf-spelet/Content/Textures/rock_face_03_diff_2k.uexp" 1651
"F:/fnaf-spelet/Content/Textures/rock_face_03_diff_2k.ubulk" 1652
"F:/fnaf-spelet/Content/Materials/M_RockTriplanar.uasset" 1653
"F:/fnaf-spelet/Content/Materials/M_RockTriplanar.uexp" 1654
"F:/fnaf-spelet/Content/Textures/corrugated_iron/corrugated_iron_03_diff_2k.uasset" 1655
"F:/fnaf-spelet/Content/Textures/corrugated_iron/corrugated_iron_03_diff_2k.uexp" 1656
"F:/fnaf-spelet/Content/Textures/corrugated_iron/corrugated_iron_03_diff_2k.ubulk" 1657
"F:/fnaf-spelet/Content/Materials/M_Iron.uasset" 1658
"F:/fnaf-spelet/Content/Materials/M_Iron.uexp" 1659
"F:/fnaf-spelet/Content/Materials/M_Camera.uasset" 1660
"F:/fnaf-spelet/Content/Materials/M_Camera.uexp" 1661
"F:/fnaf-spelet/Content/Levels/_GENERATED/williamcronquist/Submesh_FFFD2031.uasset" 1662
"F:/fnaf-spelet/Content/Levels/_GENERATED/williamcronquist/Submesh_FFFD2031.uexp" 1663
"F:/fnaf-spelet/Content/Levels/_GENERATED/williamcronquist/Submesh_18C94152.uasset" 1664
"F:/fnaf-spelet/Content/Levels/_GENERATED/williamcronquist/Submesh_18C94152.uexp" 1665
"F:/fnaf-spelet/Content/Textures/low_tide_rocks_diff_2k.uasset" 1666
"F:/fnaf-spelet/Content/Textures/low_tide_rocks_diff_2k.uexp" 1667
"F:/fnaf-spelet/Content/Textures/low_tide_rocks_diff_2k.ubulk" 1668
"F:/fnaf-spelet/Content/Materials/M_LowTideRocks.uasset" 1669
"F:/fnaf-spelet/Content/Materials/M_LowTideRocks.uexp" 1670
"F:/fnaf-spelet/Content/Blueprints/Player/BP_PlayerCharacter.uasset" 1671
"F:/fnaf-spelet/Content/Blueprints/Player/BP_PlayerCharacter.uexp" 1672
"F:/fnaf-spelet/Content/Blueprints/Player/PlayerGameMode.uasset" 1673
"F:/fnaf-spelet/Content/Blueprints/Player/PlayerGameMode.uexp" 1674
"../../../Engine/Content/Tutorial/SubEditors/TutorialAssets/Character/TutorialTPP_Skeleton.uasset" 1675
"../../../Engine/Content/Tutorial/SubEditors/TutorialAssets/Character/TutorialTPP_Skeleton.uexp" 1676
"../../../Engine/Content/Tutorial/SubEditors/TutorialAssets/Character/TutorialTPP_PhysicsAsset.uasset" 1677
"../../../Engine/Content/Tutorial/SubEditors/TutorialAssets/Character/TutorialTPP_PhysicsAsset.uexp" 1678
"../../../Engine/Content/Tutorial/SubEditors/TutorialAssets/Character/TutorialTPP_Mat.uasset" 1679
"../../../Engine/Content/Tutorial/SubEditors/TutorialAssets/Character/TutorialTPP_Mat.uexp" 1680
"../../../Engine/Content/Tutorial/SubEditors/TutorialAssets/Character/TutorialTPP.uasset" 1681
"../../../Engine/Content/Tutorial/SubEditors/TutorialAssets/Character/TutorialTPP.uexp" 1682
"F:/fnaf-spelet/Content/Blueprints/Animatronics/BP_TestAnimatronic.uasset" 1683
"F:/fnaf-spelet/Content/Blueprints/Animatronics/BP_TestAnimatronic.uexp" 1684
"F:/fnaf-spelet/Content/Assets/lampa/Materials/M_standardSurface4SG.uasset" 1685
"F:/fnaf-spelet/Content/Assets/lampa/Materials/M_standardSurface4SG.uexp" 1686
"F:/fnaf-spelet/Content/Assets/lampa/Materials/M_standardSurface3SG.uasset" 1687
"F:/fnaf-spelet/Content/Assets/lampa/Materials/M_standardSurface3SG.uexp" 1688
"F:/fnaf-spelet/Content/Assets/lampa/Materials/M_standardSurface2SG.uasset" 1689
"F:/fnaf-spelet/Content/Assets/lampa/Materials/M_standardSurface2SG.uexp" 1690
"F:/fnaf-spelet/Content/Assets/lampa/StaticMeshes/SM_pSphere3.uasset" 1691
"F:/fnaf-spelet/Content/Assets/lampa/StaticMeshes/SM_pSphere3.uexp" 1692
"F:/fnaf-spelet/Content/Blueprints/BP_Light1.uasset" 1693
"F:/fnaf-spelet/Content/Blueprints/BP_Light1.uexp" 1694
"F:/fnaf-spelet/Content/Materials/M_Button.uasset" 1695
"F:/fnaf-spelet/Content/Materials/M_Button.uexp" 1696
"../../../Engine/Content/EngineFonts/Faces/DroidSansMono.uasset" 1697
"../../../Engine/Content/EngineFonts/Faces/DroidSansMono.uexp" 1698
"../../../Engine/Content/EngineFonts/Faces/DroidSansMono.ufont" 1699
"../../../Engine/Content/EngineFonts/DroidSansMono.uasset" 1700
"../../../Engine/Content/EngineFonts/DroidSansMono.uexp" 1701
"../../../Engine/Content/BasicShapes/Cube.uasset" 1702
"../../../Engine/Content/BasicShapes/Cube.uexp" 1703
"F:/fnaf-spelet/Content/Blueprints/bp_dOOR.uasset" 1704
"F:/fnaf-spelet/Content/Blueprints/bp_dOOR.uexp" 1705
"F:/fnaf-spelet/Content/UI/WB_CameraUI.uasset" 1706
"F:/fnaf-spelet/Content/UI/WB_CameraUI.uexp" 1707
"F:/fnaf-spelet/Content/Blueprints/BP_CameraTrigger.uasset" 1708
"F:/fnaf-spelet/Content/Blueprints/BP_CameraTrigger.uexp" 1709
"F:/fnaf-spelet/Content/Blueprints/BP_CameraTarget.uasset" 1710
"F:/fnaf-spelet/Content/Blueprints/BP_CameraTarget.uexp" 1711
"../../../Engine/Content/Functions/Engine_MaterialFunctions02/Math/Transform3x3Matrix.uasset" 1712
"../../../Engine/Content/Functions/Engine_MaterialFunctions02/Math/Transform3x3Matrix.uexp" 1713
"../../../Engine/Content/Functions/Engine_MaterialFunctions02/Math/CreateThirdOrthogonalVector.uasset" 1714
"../../../Engine/Content/Functions/Engine_MaterialFunctions02/Math/CreateThirdOrthogonalVector.uexp" 1715
"../../../Engine/Content/Functions/Engine_MaterialFunctions02/WorldAlignedNormals_HighQuality.uasset" 1716
"../../../Engine/Content/Functions/Engine_MaterialFunctions02/WorldAlignedNormals_HighQuality.uexp" 1717
"../../../Engine/Content/EngineMaterials/DefaultNormal_Uncompressed.uasset" 1718
"../../../Engine/Content/EngineMaterials/DefaultNormal_Uncompressed.uexp" 1719
"../../../Engine/Content/EngineMaterials/DefaultNormal_Uncompressed.ubulk" 1720
"../../../Engine/Content/Functions/Engine_MaterialFunctions01/Texturing/WorldAlignedNormal.uasset" 1721
"../../../Engine/Content/Functions/Engine_MaterialFunctions01/Texturing/WorldAlignedNormal.uexp" 1722
"../../../Engine/Content/EngineMaterials/DefaultNormal.uasset" 1723
"../../../Engine/Content/EngineMaterials/DefaultNormal.uexp" 1724
"../../../Engine/Content/EngineMaterials/DefaultNormal.ubulk" 1725
"F:/fnaf-spelet/Content/Materials/M_Triplanar_Arm.uasset" 1726
"F:/fnaf-spelet/Content/Materials/M_Triplanar_Arm.uexp" 1727
"F:/fnaf-spelet/Content/Textures/metal_plate_2k/textures/metal_plate_nor_dx_2k.uasset" 1728
"F:/fnaf-spelet/Content/Textures/metal_plate_2k/textures/metal_plate_nor_dx_2k.uexp" 1729
"F:/fnaf-spelet/Content/Textures/metal_plate_2k/textures/metal_plate_nor_dx_2k.ubulk" 1730
"F:/fnaf-spelet/Content/Textures/metal_plate_2k/textures/metal_plate_diff_2k.uasset" 1731
"F:/fnaf-spelet/Content/Textures/metal_plate_2k/textures/metal_plate_diff_2k.uexp" 1732
"F:/fnaf-spelet/Content/Textures/metal_plate_2k/textures/metal_plate_diff_2k.ubulk" 1733
"F:/fnaf-spelet/Content/Textures/metal_plate_2k/textures/metal_plate_arm_2k.uasset" 1734
"F:/fnaf-spelet/Content/Textures/metal_plate_2k/textures/metal_plate_arm_2k.uexp" 1735
"F:/fnaf-spelet/Content/Textures/metal_plate_2k/textures/metal_plate_arm_2k.ubulk" 1736
"F:/fnaf-spelet/Content/Materials/M_RustyMetal_2.uasset" 1737
"F:/fnaf-spelet/Content/Materials/M_RustyMetal_2.uexp" 1738
"F:/fnaf-spelet/Content/Textures/worn_corrugated_iron/worn_corrugated_iron_nor_gl_2k.uasset" 1739
"F:/fnaf-spelet/Content/Textures/worn_corrugated_iron/worn_corrugated_iron_nor_gl_2k.uexp" 1740
"F:/fnaf-spelet/Content/Textures/worn_corrugated_iron/worn_corrugated_iron_nor_gl_2k.ubulk" 1741
"F:/fnaf-spelet/Content/Textures/worn_corrugated_iron/worn_corrugated_iron_diff_2k.uasset" 1742
"F:/fnaf-spelet/Content/Textures/worn_corrugated_iron/worn_corrugated_iron_diff_2k.uexp" 1743
"F:/fnaf-spelet/Content/Textures/worn_corrugated_iron/worn_corrugated_iron_diff_2k.ubulk" 1744
"F:/fnaf-spelet/Content/Textures/worn_corrugated_iron/worn_corrugated_iron_arm_2k.uasset" 1745
"F:/fnaf-spelet/Content/Textures/worn_corrugated_iron/worn_corrugated_iron_arm_2k.uexp" 1746
"F:/fnaf-spelet/Content/Textures/worn_corrugated_iron/worn_corrugated_iron_arm_2k.ubulk" 1747
"F:/fnaf-spelet/Content/Materials/M_MetalWall_Arm.uasset" 1748
"F:/fnaf-spelet/Content/Materials/M_MetalWall_Arm.uexp" 1749
"F:/fnaf-spelet/Content/Textures/concrete_floor_worn_001_2k/textures/concrete_floor_worn_001_nor_gl_2k.uasset" 1750
"F:/fnaf-spelet/Content/Textures/concrete_floor_worn_001_2k/textures/concrete_floor_worn_001_nor_gl_2k.uexp" 1751
"F:/fnaf-spelet/Content/Textures/concrete_floor_worn_001_2k/textures/concrete_floor_worn_001_nor_gl_2k.ubulk" 1752
"F:/fnaf-spelet/Content/Textures/concrete_floor_worn_001_2k/textures/concrete_floor_worn_001_diff_2k.uasset" 1753
"F:/fnaf-spelet/Content/Textures/concrete_floor_worn_001_2k/textures/concrete_floor_worn_001_diff_2k.uexp" 1754
"F:/fnaf-spelet/Content/Textures/concrete_floor_worn_001_2k/textures/concrete_floor_worn_001_diff_2k.ubulk" 1755
"F:/fnaf-spelet/Content/Textures/concrete_floor_worn_001_2k/textures/concrete_floor_worn_001_arm_2k.uasset" 1756
"F:/fnaf-spelet/Content/Textures/concrete_floor_worn_001_2k/textures/concrete_floor_worn_001_arm_2k.uexp" 1757
"F:/fnaf-spelet/Content/Textures/concrete_floor_worn_001_2k/textures/concrete_floor_worn_001_arm_2k.ubulk" 1758
"F:/fnaf-spelet/Content/Materials/M_ConcreteFloor.uasset" 1759
"F:/fnaf-spelet/Content/Materials/M_ConcreteFloor.uexp" 1760
"F:/fnaf-spelet/Content/Assets/office/standardSurface11.uasset" 1761
"F:/fnaf-spelet/Content/Assets/office/standardSurface11.uexp" 1762
"F:/fnaf-spelet/Content/Assets/office/pCylinder34.uasset" 1763
"F:/fnaf-spelet/Content/Assets/office/pCylinder34.uexp" 1764
"F:/fnaf-spelet/Content/Assets/office/pCylinder33.uasset" 1765
"F:/fnaf-spelet/Content/Assets/office/pCylinder33.uexp" 1766
"F:/fnaf-spelet/Content/Assets/office/pCylinder32.uasset" 1767
"F:/fnaf-spelet/Content/Assets/office/pCylinder32.uexp" 1768
"F:/fnaf-spelet/Content/Assets/office/pCylinder31.uasset" 1769
"F:/fnaf-spelet/Content/Assets/office/pCylinder31.uexp" 1770
"F:/fnaf-spelet/Content/Assets/office/pCylinder30.uasset" 1771
"F:/fnaf-spelet/Content/Assets/office/pCylinder30.uexp" 1772
"F:/fnaf-spelet/Content/Assets/office/pCylinder29.uasset" 1773
"F:/fnaf-spelet/Content/Assets/office/pCylinder29.uexp" 1774
"F:/fnaf-spelet/Content/Assets/office/pCylinder28.uasset" 1775
"F:/fnaf-spelet/Content/Assets/office/pCylinder28.uexp" 1776
"F:/fnaf-spelet/Content/Assets/office/pCylinder27.uasset" 1777
"F:/fnaf-spelet/Content/Assets/office/pCylinder27.uexp" 1778
"F:/fnaf-spelet/Content/Assets/office/pCylinder26.uasset" 1779
"F:/fnaf-spelet/Content/Assets/office/pCylinder26.uexp" 1780
"F:/fnaf-spelet/Content/Assets/office/pCylinder24.uasset" 1781
"F:/fnaf-spelet/Content/Assets/office/pCylinder24.uexp" 1782
"F:/fnaf-spelet/Content/Assets/office/pCylinder23.uasset" 1783
"F:/fnaf-spelet/Content/Assets/office/pCylinder23.uexp" 1784
"F:/fnaf-spelet/Content/Assets/office/standardSurface6.uasset" 1785
"F:/fnaf-spelet/Content/Assets/office/standardSurface6.uexp" 1786
"F:/fnaf-spelet/Content/Assets/office/pCylinder19.uasset" 1787
"F:/fnaf-spelet/Content/Assets/office/pCylinder19.uexp" 1788
"F:/fnaf-spelet/Content/Assets/office/pCylinder18.uasset" 1789
"F:/fnaf-spelet/Content/Assets/office/pCylinder18.uexp" 1790
"F:/fnaf-spelet/Content/Assets/office/standardSurface5.uasset" 1791
"F:/fnaf-spelet/Content/Assets/office/standardSurface5.uexp" 1792
"F:/fnaf-spelet/Content/Assets/office/standardSurface4.uasset" 1793
"F:/fnaf-spelet/Content/Assets/office/standardSurface4.uexp" 1794
"F:/fnaf-spelet/Content/Assets/office/pCylinder17.uasset" 1795
"F:/fnaf-spelet/Content/Assets/office/pCylinder17.uexp" 1796
"F:/fnaf-spelet/Content/Assets/office/pCylinder15.uasset" 1797
"F:/fnaf-spelet/Content/Assets/office/pCylinder15.uexp" 1798
"F:/fnaf-spelet/Content/Assets/office/standardSurface8.uasset" 1799
"F:/fnaf-spelet/Content/Assets/office/standardSurface8.uexp" 1800
"F:/fnaf-spelet/Content/Assets/office/pCube39.uasset" 1801
"F:/fnaf-spelet/Content/Assets/office/pCube39.uexp" 1802
"F:/fnaf-spelet/Content/Assets/office/standardSurface28.uasset" 1803
"F:/fnaf-spelet/Content/Assets/office/standardSurface28.uexp" 1804
"F:/fnaf-spelet/Content/Assets/office/standardSurface27.uasset" 1805
"F:/fnaf-spelet/Content/Assets/office/standardSurface27.uexp" 1806
"F:/fnaf-spelet/Content/Assets/office/pCube38.uasset" 1807
"F:/fnaf-spelet/Content/Assets/office/pCube38.uexp" 1808
"F:/fnaf-spelet/Content/Assets/office/standardSurface19.uasset" 1809
"F:/fnaf-spelet/Content/Assets/office/standardSurface19.uexp" 1810
"F:/fnaf-spelet/Content/Assets/office/pCube23.uasset" 1811
"F:/fnaf-spelet/Content/Assets/office/pCube23.uexp" 1812
"F:/fnaf-spelet/Content/Assets/office/standardSurface25.uasset" 1813
"F:/fnaf-spelet/Content/Assets/office/standardSurface25.uexp" 1814
"F:/fnaf-spelet/Content/Assets/office/pCube2.uasset" 1815
"F:/fnaf-spelet/Content/Assets/office/pCube2.uexp" 1816
"F:/fnaf-spelet/Content/Assets/office/standardSurface2.uasset" 1817
"F:/fnaf-spelet/Content/Assets/office/standardSurface2.uexp" 1818
"F:/fnaf-spelet/Content/Assets/office/pCube179.uasset" 1819
"F:/fnaf-spelet/Content/Assets/office/pCube179.uexp" 1820
"F:/fnaf-spelet/Content/Assets/office/pCube178.uasset" 1821
"F:/fnaf-spelet/Content/Assets/office/pCube178.uexp" 1822
"F:/fnaf-spelet/Content/Assets/office/pCube177.uasset" 1823
"F:/fnaf-spelet/Content/Assets/office/pCube177.uexp" 1824
"F:/fnaf-spelet/Content/Assets/office/pCube176.uasset" 1825
"F:/fnaf-spelet/Content/Assets/office/pCube176.uexp" 1826
"F:/fnaf-spelet/Content/Assets/office/pCube175.uasset" 1827
"F:/fnaf-spelet/Content/Assets/office/pCube175.uexp" 1828
"F:/fnaf-spelet/Content/Assets/office/pCube174.uasset" 1829
"F:/fnaf-spelet/Content/Assets/office/pCube174.uexp" 1830
"F:/fnaf-spelet/Content/Assets/office/pCube173.uasset" 1831
"F:/fnaf-spelet/Content/Assets/office/pCube173.uexp" 1832
"F:/fnaf-spelet/Content/Assets/office/pCylinder25.uasset" 1833
"F:/fnaf-spelet/Content/Assets/office/pCylinder25.uexp" 1834
"F:/fnaf-spelet/Content/Assets/office/standardSurface7.uasset" 1835
"F:/fnaf-spelet/Content/Assets/office/standardSurface7.uexp" 1836
"F:/fnaf-spelet/Content/Assets/office/pCube168.uasset" 1837
"F:/fnaf-spelet/Content/Assets/office/pCube168.uexp" 1838
"F:/fnaf-spelet/Content/Assets/office/standardSurface10.uasset" 1839
"F:/fnaf-spelet/Content/Assets/office/standardSurface10.uexp" 1840
"F:/fnaf-spelet/Content/Assets/office/pCube12.uasset" 1841
"F:/fnaf-spelet/Content/Assets/office/pCube12.uexp" 1842
"F:/fnaf-spelet/Content/Assets/office/pCube11.uasset" 1843
"F:/fnaf-spelet/Content/Assets/office/pCube11.uexp" 1844
"F:/fnaf-spelet/Content/Assets/office/pCube1.uasset" 1845
"F:/fnaf-spelet/Content/Assets/office/pCube1.uexp" 1846
"F:/fnaf-spelet/Content/Assets/office/standardSurface24.uasset" 1847
"F:/fnaf-spelet/Content/Assets/office/standardSurface24.uexp" 1848
"F:/fnaf-spelet/Content/Assets/office/sweep2.uasset" 1849
"F:/fnaf-spelet/Content/Assets/office/sweep2.uexp" 1850
"F:/fnaf-spelet/Content/Assets/office/sweep1.uasset" 1851
"F:/fnaf-spelet/Content/Assets/office/sweep1.uexp" 1852
"F:/fnaf-spelet/Content/Assets/office/standardSurface9.uasset" 1853
"F:/fnaf-spelet/Content/Assets/office/standardSurface9.uexp" 1854
"F:/fnaf-spelet/Content/Assets/office/pPlane7.uasset" 1855
"F:/fnaf-spelet/Content/Assets/office/pPlane7.uexp" 1856
"F:/fnaf-spelet/Content/Assets/office/pPlane6.uasset" 1857
"F:/fnaf-spelet/Content/Assets/office/pPlane6.uexp" 1858
"F:/fnaf-spelet/Content/Assets/office/standardSurface15.uasset" 1859
"F:/fnaf-spelet/Content/Assets/office/standardSurface15.uexp" 1860
"F:/fnaf-spelet/Content/Assets/office/pPlane5.uasset" 1861
"F:/fnaf-spelet/Content/Assets/office/pPlane5.uexp" 1862
"F:/fnaf-spelet/Content/Assets/office/standardSurface12.uasset" 1863
"F:/fnaf-spelet/Content/Assets/office/standardSurface12.uexp" 1864
"F:/fnaf-spelet/Content/Assets/office/pPlane4.uasset" 1865
"F:/fnaf-spelet/Content/Assets/office/pPlane4.uexp" 1866
"F:/fnaf-spelet/Content/Assets/office/standardSurface23.uasset" 1867
"F:/fnaf-spelet/Content/Assets/office/standardSurface23.uexp" 1868
"F:/fnaf-spelet/Content/Assets/office/pPlane3.uasset" 1869
"F:/fnaf-spelet/Content/Assets/office/pPlane3.uexp" 1870
"F:/fnaf-spelet/Content/Assets/office/standardSurface13.uasset" 1871
"F:/fnaf-spelet/Content/Assets/office/standardSurface13.uexp" 1872
"F:/fnaf-spelet/Content/Assets/office/pPlane2.uasset" 1873
"F:/fnaf-spelet/Content/Assets/office/pPlane2.uexp" 1874
"F:/fnaf-spelet/Content/Assets/office/standardSurface14.uasset" 1875
"F:/fnaf-spelet/Content/Assets/office/standardSurface14.uexp" 1876
"F:/fnaf-spelet/Content/Assets/office/pPlane1.uasset" 1877
"F:/fnaf-spelet/Content/Assets/office/pPlane1.uexp" 1878
"F:/fnaf-spelet/Content/Assets/office/standardSurface16.uasset" 1879
"F:/fnaf-spelet/Content/Assets/office/standardSurface16.uexp" 1880
"F:/fnaf-spelet/Content/Assets/office/polySurface87.uasset" 1881
"F:/fnaf-spelet/Content/Assets/office/polySurface87.uexp" 1882
"F:/fnaf-spelet/Content/Assets/office/standardSurface17.uasset" 1883
"F:/fnaf-spelet/Content/Assets/office/standardSurface17.uexp" 1884
"F:/fnaf-spelet/Content/Assets/office/polySurface64.uasset" 1885
"F:/fnaf-spelet/Content/Assets/office/polySurface64.uexp" 1886
"F:/fnaf-spelet/Content/Assets/office/polySurface63.uasset" 1887
"F:/fnaf-spelet/Content/Assets/office/polySurface63.uexp" 1888
"F:/fnaf-spelet/Content/Assets/office/standardSurface20.uasset" 1889
"F:/fnaf-spelet/Content/Assets/office/standardSurface20.uexp" 1890
"F:/fnaf-spelet/Content/Assets/office/polySurface133.uasset" 1891
"F:/fnaf-spelet/Content/Assets/office/polySurface133.uexp" 1892
"F:/fnaf-spelet/Content/Assets/office/standardSurface22.uasset" 1893
"F:/fnaf-spelet/Content/Assets/office/standardSurface22.uexp" 1894
"F:/fnaf-spelet/Content/Assets/office/polySurface132.uasset" 1895
"F:/fnaf-spelet/Content/Assets/office/polySurface132.uexp" 1896
"F:/fnaf-spelet/Content/Assets/office/FbxScene_office.uasset" 1897
"F:/fnaf-spelet/Content/Assets/office/FbxScene_office.uexp" 1898
"F:/fnaf-spelet/Content/Assets/elevator_2/StaticMeshes/SM_polySurfaceShape163.uasset" 1899
"F:/fnaf-spelet/Content/Assets/elevator_2/StaticMeshes/SM_polySurfaceShape163.uexp" 1900
"F:/fnaf-spelet/Content/Assets/elevator_2/StaticMeshes/SM_polySurfaceShape162.uasset" 1901
"F:/fnaf-spelet/Content/Assets/elevator_2/StaticMeshes/SM_polySurfaceShape162.uexp" 1902
"F:/fnaf-spelet/Content/Assets/elevator_2/StaticMeshes/SM_polySurfaceShape161.uasset" 1903
"F:/fnaf-spelet/Content/Assets/elevator_2/StaticMeshes/SM_polySurfaceShape161.uexp" 1904
"F:/fnaf-spelet/Content/Assets/elevator_2/StaticMeshes/SM_polySurfaceShape160.uasset" 1905
"F:/fnaf-spelet/Content/Assets/elevator_2/StaticMeshes/SM_polySurfaceShape160.uexp" 1906
"F:/fnaf-spelet/Content/Assets/elevator_2/StaticMeshes/SM_polySurfaceShape159.uasset" 1907
"F:/fnaf-spelet/Content/Assets/elevator_2/StaticMeshes/SM_polySurfaceShape159.uexp" 1908
"F:/fnaf-spelet/Content/Assets/elevator_2/StaticMeshes/SM_polySurfaceShape158.uasset" 1909
"F:/fnaf-spelet/Content/Assets/elevator_2/StaticMeshes/SM_polySurfaceShape158.uexp" 1910
"F:/fnaf-spelet/Content/Assets/elevator_2/StaticMeshes/SM_polySurfaceShape157.uasset" 1911
"F:/fnaf-spelet/Content/Assets/elevator_2/StaticMeshes/SM_polySurfaceShape157.uexp" 1912
"F:/fnaf-spelet/Content/Assets/elevator_2/StaticMeshes/SM_polySurfaceShape156.uasset" 1913
"F:/fnaf-spelet/Content/Assets/elevator_2/StaticMeshes/SM_polySurfaceShape156.uexp" 1914
"F:/fnaf-spelet/Content/Assets/elevator_2/StaticMeshes/SM_polySurfaceShape155.uasset" 1915
"F:/fnaf-spelet/Content/Assets/elevator_2/StaticMeshes/SM_polySurfaceShape155.uexp" 1916
"F:/fnaf-spelet/Content/Assets/elevator_2/StaticMeshes/SM_polySurfaceShape154.uasset" 1917
"F:/fnaf-spelet/Content/Assets/elevator_2/StaticMeshes/SM_polySurfaceShape154.uexp" 1918
"F:/fnaf-spelet/Content/Assets/elevator_2/StaticMeshes/SM_polySurfaceShape151.uasset" 1919
"F:/fnaf-spelet/Content/Assets/elevator_2/StaticMeshes/SM_polySurfaceShape151.uexp" 1920
"F:/fnaf-spelet/Content/Assets/elevator_2/StaticMeshes/SM_polySurfaceShape150.uasset" 1921
"F:/fnaf-spelet/Content/Assets/elevator_2/StaticMeshes/SM_polySurfaceShape150.uexp" 1922
"F:/fnaf-spelet/Content/Assets/elevator_2/StaticMeshes/SM_polySurfaceShape149.uasset" 1923
"F:/fnaf-spelet/Content/Assets/elevator_2/StaticMeshes/SM_polySurfaceShape149.uexp" 1924
"F:/fnaf-spelet/Content/Assets/elevator_2/StaticMeshes/SM_polySurfaceShape148.uasset" 1925
"F:/fnaf-spelet/Content/Assets/elevator_2/StaticMeshes/SM_polySurfaceShape148.uexp" 1926
"F:/fnaf-spelet/Content/Assets/elevator_2/StaticMeshes/SM_polySurfaceShape147.uasset" 1927
"F:/fnaf-spelet/Content/Assets/elevator_2/StaticMeshes/SM_polySurfaceShape147.uexp" 1928
"F:/fnaf-spelet/Content/Assets/elevator_2/StaticMeshes/SM_polySurfaceShape146.uasset" 1929
"F:/fnaf-spelet/Content/Assets/elevator_2/StaticMeshes/SM_polySurfaceShape146.uexp" 1930
"F:/fnaf-spelet/Content/Assets/elevator_2/StaticMeshes/SM_polySurfaceShape145.uasset" 1931
"F:/fnaf-spelet/Content/Assets/elevator_2/StaticMeshes/SM_polySurfaceShape145.uexp" 1932
"F:/fnaf-spelet/Content/Assets/elevator_2/StaticMeshes/SM_polySurfaceShape144.uasset" 1933
"F:/fnaf-spelet/Content/Assets/elevator_2/StaticMeshes/SM_polySurfaceShape144.uexp" 1934
"F:/fnaf-spelet/Content/Assets/elevator_2/StaticMeshes/SM_polySurfaceShape143.uasset" 1935
"F:/fnaf-spelet/Content/Assets/elevator_2/StaticMeshes/SM_polySurfaceShape143.uexp" 1936
"F:/fnaf-spelet/Content/Assets/elevator_2/StaticMeshes/SM_polySurfaceShape142.uasset" 1937
"F:/fnaf-spelet/Content/Assets/elevator_2/StaticMeshes/SM_polySurfaceShape142.uexp" 1938
"F:/fnaf-spelet/Content/Assets/elevator_2/StaticMeshes/SM_polySurfaceShape141.uasset" 1939
"F:/fnaf-spelet/Content/Assets/elevator_2/StaticMeshes/SM_polySurfaceShape141.uexp" 1940
"F:/fnaf-spelet/Content/Assets/elevator_2/StaticMeshes/SM_polySurfaceShape139.uasset" 1941
"F:/fnaf-spelet/Content/Assets/elevator_2/StaticMeshes/SM_polySurfaceShape139.uexp" 1942
"F:/fnaf-spelet/Content/Assets/elevator_2/StaticMeshes/SM_polySurfaceShape137.uasset" 1943
"F:/fnaf-spelet/Content/Assets/elevator_2/StaticMeshes/SM_polySurfaceShape137.uexp" 1944
"F:/fnaf-spelet/Content/Assets/elevator_2/StaticMeshes/SM_polySurfaceShape136.uasset" 1945
"F:/fnaf-spelet/Content/Assets/elevator_2/StaticMeshes/SM_polySurfaceShape136.uexp" 1946
"F:/fnaf-spelet/Content/Assets/elevator_2/StaticMeshes/SM_polySurfaceShape135.uasset" 1947
"F:/fnaf-spelet/Content/Assets/elevator_2/StaticMeshes/SM_polySurfaceShape135.uexp" 1948
"F:/fnaf-spelet/Content/Assets/elevator_2/StaticMeshes/SM_polySurfaceShape134.uasset" 1949
"F:/fnaf-spelet/Content/Assets/elevator_2/StaticMeshes/SM_polySurfaceShape134.uexp" 1950
"F:/fnaf-spelet/Content/Assets/elevator_2/StaticMeshes/SM_polySurfaceShape133.uasset" 1951
"F:/fnaf-spelet/Content/Assets/elevator_2/StaticMeshes/SM_polySurfaceShape133.uexp" 1952
"F:/fnaf-spelet/Content/Assets/elevator_2/StaticMeshes/SM_polySurfaceShape132.uasset" 1953
"F:/fnaf-spelet/Content/Assets/elevator_2/StaticMeshes/SM_polySurfaceShape132.uexp" 1954
"F:/fnaf-spelet/Content/Assets/elevator_2/StaticMeshes/SM_polySurfaceShape129.uasset" 1955
"F:/fnaf-spelet/Content/Assets/elevator_2/StaticMeshes/SM_polySurfaceShape129.uexp" 1956
"F:/fnaf-spelet/Content/Assets/elevator_2/StaticMeshes/SM_polySurfaceShape122.uasset" 1957
"F:/fnaf-spelet/Content/Assets/elevator_2/StaticMeshes/SM_polySurfaceShape122.uexp" 1958
"F:/fnaf-spelet/Content/Assets/elevator_2/StaticMeshes/SM_polySurface99Shape.uasset" 1959
"F:/fnaf-spelet/Content/Assets/elevator_2/StaticMeshes/SM_polySurface99Shape.uexp" 1960
"F:/fnaf-spelet/Content/Assets/elevator_2/StaticMeshes/SM_polySurface98Shape.uasset" 1961
"F:/fnaf-spelet/Content/Assets/elevator_2/StaticMeshes/SM_polySurface98Shape.uexp" 1962
"F:/fnaf-spelet/Content/Assets/elevator_2/StaticMeshes/SM_polySurface51Shape.uasset" 1963
"F:/fnaf-spelet/Content/Assets/elevator_2/StaticMeshes/SM_polySurface51Shape.uexp" 1964
"F:/fnaf-spelet/Content/Assets/elevator_2/StaticMeshes/SM_polySurface48Shape.uasset" 1965
"F:/fnaf-spelet/Content/Assets/elevator_2/StaticMeshes/SM_polySurface48Shape.uexp" 1966
"F:/fnaf-spelet/Content/Assets/elevator_2/StaticMeshes/SM_polySurface44Shape.uasset" 1967
"F:/fnaf-spelet/Content/Assets/elevator_2/StaticMeshes/SM_polySurface44Shape.uexp" 1968
"F:/fnaf-spelet/Content/Assets/elevator_2/StaticMeshes/SM_polySurface42Shape.uasset" 1969
"F:/fnaf-spelet/Content/Assets/elevator_2/StaticMeshes/SM_polySurface42Shape.uexp" 1970
"F:/fnaf-spelet/Content/Assets/elevator_2/StaticMeshes/SM_polySurface152Shape.uasset" 1971
"F:/fnaf-spelet/Content/Assets/elevator_2/StaticMeshes/SM_polySurface152Shape.uexp" 1972
"F:/fnaf-spelet/Content/Assets/elevator_2/StaticMeshes/SM_polySurface130Shape.uasset" 1973
"F:/fnaf-spelet/Content/Assets/elevator_2/StaticMeshes/SM_polySurface130Shape.uexp" 1974
"F:/fnaf-spelet/Content/Assets/elevator_2/StaticMeshes/SM_polySurfaceShape140.uasset" 1975
"F:/fnaf-spelet/Content/Assets/elevator_2/StaticMeshes/SM_polySurfaceShape140.uexp" 1976
"F:/fnaf-spelet/Content/Assets/elevator_2/StaticMeshes/SM_polySurface128Shape.uasset" 1977
"F:/fnaf-spelet/Content/Assets/elevator_2/StaticMeshes/SM_polySurface128Shape.uexp" 1978
"F:/fnaf-spelet/Content/Assets/elevator_2/StaticMeshes/SM_polySurface115Shape.uasset" 1979
"F:/fnaf-spelet/Content/Assets/elevator_2/StaticMeshes/SM_polySurface115Shape.uexp" 1980
"F:/fnaf-spelet/Content/Assets/elevator_2/StaticMeshes/SM_polySurfaceShape138.uasset" 1981
"F:/fnaf-spelet/Content/Assets/elevator_2/StaticMeshes/SM_polySurfaceShape138.uexp" 1982
"F:/fnaf-spelet/Content/Assets/elevator_2/StaticMeshes/SM_pCubeShape40.uasset" 1983
"F:/fnaf-spelet/Content/Assets/elevator_2/StaticMeshes/SM_pCubeShape40.uexp" 1984
"F:/fnaf-spelet/Content/Assets/elevator_2/StaticMeshes/SM_pCubeShape32.uasset" 1985
"F:/fnaf-spelet/Content/Assets/elevator_2/StaticMeshes/SM_pCubeShape32.uexp" 1986
"F:/fnaf-spelet/Content/Assets/elevator_2/StaticMeshes/SM_pCubeShape29.uasset" 1987
"F:/fnaf-spelet/Content/Assets/elevator_2/StaticMeshes/SM_pCubeShape29.uexp" 1988
"../../../Engine/Content/Tutorial/SubEditors/TutorialAssets/Character/Tutorial_Walk_Fwd.uasset" 1989
"../../../Engine/Content/Tutorial/SubEditors/TutorialAssets/Character/Tutorial_Walk_Fwd.uexp" 1990
"../../../Engine/Content/Tutorial/SubEditors/TutorialAssets/Character/Tutorial_Idle.uasset" 1991
"../../../Engine/Content/Tutorial/SubEditors/TutorialAssets/Character/Tutorial_Idle.uexp" 1992
"F:/fnaf-spelet/Content/Levels/Game_BuiltData.uasset" 1993
"F:/fnaf-spelet/Content/Levels/Game_BuiltData.uexp" 1994
"F:/fnaf-spelet/Content/Levels/Game_BuiltData.ubulk" 1995
"F:/fnaf-spelet/Content/Levels/Game.uexp" 1996
"F:/fnaf-spelet/Content/Levels/Game.umap" 1997
