"../../../Engine/Config/Android/DataDrivenPlatformInfo.ini" 1
"../../../Engine/Config/HoloLens/DataDrivenPlatformInfo.ini" 2
"../../../Engine/Config/IOS/DataDrivenPlatformInfo.ini" 3
"../../../Engine/Config/Base.ini" 4
"../../../Engine/Config/BaseEngine.ini" 5
"../../../Engine/Config/IOS/BaseIOSEngine.ini" 6
"C:/Users/willi/Documents/GitHub/fnaf-spelet/Config/DefaultEngine.ini" 7
"../../../Engine/Config/IOS/IOSEngine.ini" 8
"../../../Engine/Config/Linux/DataDrivenPlatformInfo.ini" 9
"../../../Engine/Config/LinuxAArch64/DataDrivenPlatformInfo.ini" 10
"../../../Engine/Config/Lumin/DataDrivenPlatformInfo.ini" 11
"../../../Engine/Config/Mac/DataDrivenPlatformInfo.ini" 12
"../../../Engine/Config/TVOS/DataDrivenPlatformInfo.ini" 13
"../../../Engine/Config/Windows/DataDrivenPlatformInfo.ini" 14
"C:/Users/willi/Documents/GitHub/fnaf-spelet/spelet.uproject" 15
"C:/Users/willi/Documents/GitHub/fnaf-spelet/Binaries/Win64/UE4Editor.modules" 16
"../../../Engine/Plugins/MeshPainting/MeshPainting.uplugin" 17
"../../../Engine/Plugins/2D/Paper2D/Paper2D.uplugin" 18
"../../../Engine/Plugins/VisualStudioTools/VisualStudioTools.uplugin" 19
"../../../Engine/Plugins/Animation/GameplayInsights/GameplayInsights.uplugin" 20
"../../../Engine/Plugins/Animation/RigLogic/RigLogic.uplugin" 21
"../../../Engine/Plugins/BlueprintFileUtils/BlueprintFileUtils.uplugin" 22
"../../../Engine/Plugins/Animation/LiveLinkCurveDebugUI/LiveLinkCurveDebugUI.uplugin" 23
"../../../Engine/Plugins/Animation/LiveLink/LiveLink.uplugin" 24
"../../../Engine/Plugins/ScriptPlugin/ScriptPlugin.uplugin" 25
"../../../Engine/Plugins/AI/HTNPlanner/HTNPlanner.uplugin" 26
"../../../Engine/Plugins/AI/UE4ML/UE4ML.uplugin" 27
"../../../Engine/Plugins/Cameras/CameraShakePreviewer/CameraShakePreviewer.uplugin" 28
"../../../Engine/Plugins/Compression/OodleData/OodleData.uplugin" 29
"../../../Engine/Plugins/Blendables/LightPropagationVolume/LightPropagationVolume.uplugin" 30
"../../../Engine/Plugins/Developer/BlankPlugin/BlankPlugin.uplugin" 31
"../../../Engine/Plugins/XGEController/XGEController.uplugin" 32
"../../../Engine/Plugins/Developer/CLionSourceCodeAccess/CLionSourceCodeAccess.uplugin" 33
"../../../Engine/Plugins/Developer/CodeLiteSourceCodeAccess/CodeLiteSourceCodeAccess.uplugin" 34
"../../../Engine/Plugins/Developer/AnimationSharing/AnimationSharing.uplugin" 35
"../../../Engine/Plugins/Developer/KDevelopSourceCodeAccess/KDevelopSourceCodeAccess.uplugin" 36
"../../../Engine/Plugins/Developer/OneSkyLocalizationService/OneSkyLocalizationService.uplugin" 37
"../../../Engine/Plugins/Developer/GitSourceControl/GitSourceControl.uplugin" 38
"../../../Engine/Plugins/Developer/PixWinPlugin/PixWinPlugin.uplugin" 39
"../../../Engine/Plugins/Developer/PlasticSourceControl/PlasticSourceControl.uplugin" 40
"../../../Engine/Plugins/Developer/PluginUtils/PluginUtils.uplugin" 41
"../../../Engine/Plugins/Cameras/GameplayCameras/GameplayCameras.uplugin" 42
"../../../Engine/Plugins/Developer/NullSourceCodeAccess/NullSourceCodeAccess.uplugin" 43
"../../../Engine/Plugins/Enterprise/AxFImporter/AxFImporter.uplugin" 44
"../../../Engine/Plugins/Developer/PropertyAccessNode/PropertyAccessNode.uplugin" 45
"../../../Engine/Plugins/AI/AISupport/AISupport.uplugin" 46
"../../../Engine/Plugins/Developer/SubversionSourceControl/SubversionSourceControl.uplugin" 47
"../../../Engine/Plugins/Developer/RiderSourceCodeAccess/RiderSourceCodeAccess.uplugin" 48
"../../../Engine/Plugins/Compression/OodleNetwork/OodleNetwork.uplugin" 49
"../../../Engine/Plugins/Developer/TraceDataFiltering/TraceDataFilters.uplugin" 50
"../../../Engine/Plugins/Developer/TraceSourceFiltering/TraceSourceFilters.uplugin" 51
"../../../Engine/Plugins/Developer/UObjectPlugin/UObjectPlugin.uplugin" 52
"../../../Engine/Plugins/Developer/VisualStudioCodeSourceCodeAccess/VisualStudioCodeSourceCodeAccess.uplugin" 53
"../../../Engine/Plugins/Enterprise/DataprepEditor/DataprepEditor.uplugin" 54
"../../../Engine/Plugins/Developer/XCodeSourceCodeAccess/XCodeSourceCodeAccess.uplugin" 55
"../../../Engine/Plugins/Enterprise/DatasmithCADImporter/DatasmithCADImporter.uplugin" 56
"../../../Engine/Plugins/Enterprise/DatasmithC4DImporter/DatasmithC4DImporter.uplugin" 57
"../../../Engine/Plugins/Developer/TextureFormatOodle/TextureFormatOodle.uplugin" 58
"../../../Engine/Plugins/Enterprise/DatasmithContent/DatasmithContent.uplugin" 59
"../../../Engine/Plugins/Enterprise/DatasmithFBXImporter/DatasmithFBXImporter.uplugin" 60
"../../../Engine/Plugins/Enterprise/DatasmithGLTFImporter/DatasmithGLTFImporter.uplugin" 61
"../../../Engine/Plugins/Enterprise/DatasmithIFCImporter/DatasmithIFCImporter.uplugin" 62
"../../../Engine/Plugins/Enterprise/DatasmithImporter/DatasmithImporter.uplugin" 63
"../../../Engine/Plugins/Enterprise/LidarPointCloud/LidarPointCloud.uplugin" 64
"../../../Engine/Plugins/Enterprise/MDLImporter/MDLImporter.uplugin" 65
"../../../Engine/Plugins/Enterprise/StaticMeshEditorExtension/StaticMeshEditorExtension.uplugin" 66
"../../../Engine/Plugins/Enterprise/VariantManager/VariantManager.uplugin" 67
"../../../Engine/Plugins/Compositing/Composure/Composure.uplugin" 68
"../../../Engine/Plugins/Developer/RenderDocPlugin/RenderDocPlugin.uplugin" 69
"../../../Engine/Plugins/Compositing/LensDistortion/LensDistortion.uplugin" 70
"../../../Engine/Plugins/Developer/PerforceSourceControl/PerforceSourceControl.uplugin" 71
"../../../Engine/Plugins/Compositing/OpenColorIO/OpenColorIO.uplugin" 72
"../../../Engine/Plugins/Compositing/OpenCVLensDistortion/OpenCVLensDistortion.uplugin" 73
"../../../Engine/Plugins/FX/NiagaraExtras/NiagaraExtras.uplugin" 74
"../../../Engine/Plugins/Importers/AlembicHairImporter/AlembicHairImporter.uplugin" 75
"../../../Engine/Plugins/Importers/USDImporter/USDImporter.uplugin" 76
"../../../Engine/Plugins/Importers/USDMultiUser/USDMultiUser.uplugin" 77
"../../../Engine/Plugins/Lumin/MagicLeap/MagicLeap.uplugin" 78
"../../../Engine/Plugins/Lumin/LuminPlatformFeatures/LuminPlatformFeatures.uplugin" 79
"../../../Engine/Plugins/Lumin/MagicLeapCamera/MagicLeapCamera.uplugin" 80
"../../../Engine/Plugins/Lumin/MagicLeapConnections/MagicLeapConnections.uplugin" 81
"../../../Engine/Plugins/Lumin/MagicLeapBLE/MagicLeapBLE.uplugin" 82
"../../../Engine/Plugins/Lumin/MagicLeapContacts/MagicLeapContacts.uplugin" 83
"../../../Engine/Plugins/Lumin/MagicLeapLightEstimation/MagicLeapLightEstimation.uplugin" 84
"../../../Engine/Plugins/Lumin/MagicLeapDispatch/MagicLeapDispatch.uplugin" 85
"../../../Engine/Plugins/Developer/VisualStudioSourceCodeAccess/VisualStudioSourceCodeAccess.uplugin" 86
"../../../Engine/Plugins/Lumin/MagicLeapLocation/MagicLeapLocation.uplugin" 87
"../../../Engine/Plugins/Lumin/MagicLeapMedia/MagicLeapMedia.uplugin" 88
"../../../Engine/Plugins/Lumin/MagicLeapNetworking/MagicLeapNetworking.uplugin" 89
"../../../Engine/Plugins/Enterprise/VariantManagerContent/VariantManagerContent.uplugin" 90
"../../../Engine/Plugins/Lumin/MagicLeapMusicService/MagicLeapMusicService.uplugin" 91
"../../../Engine/Plugins/Lumin/MagicLeapSharedFile/MagicLeapSharedFile.uplugin" 92
"../../../Engine/Plugins/Lumin/MagicLeapTablet/MagicLeapTablet.uplugin" 93
"../../../Engine/Plugins/Lumin/MLSDK/MLSDK.uplugin" 94
"../../../Engine/Plugins/Media/AjaMedia/AjaMedia.uplugin" 95
"../../../Engine/Plugins/Lumin/MagicLeapPassableWorld/MagicLeapPassableWorld.uplugin" 96
"../../../Engine/Plugins/Media/AndroidCamera/AndroidCamera.uplugin" 97
"../../../Engine/Plugins/Media/AudioCaptureTimecodeProvider/AudioCaptureTimecodeProvider.uplugin" 98
"../../../Engine/Plugins/Media/AndroidMedia/AndroidMedia.uplugin" 99
"../../../Engine/Plugins/Media/AppleProResMedia/AppleProResMedia.uplugin" 100
"../../../Engine/Plugins/FX/CascadeToNiagaraConverter/CascadeToNiagaraConverter.uplugin" 101
"../../../Engine/Plugins/Media/BinkMedia/BinkMedia.uplugin" 102
"../../../Engine/Plugins/Media/AvfMedia/AvfMedia.uplugin" 103
"../../../Engine/Plugins/Media/BlackmagicMedia/BlackmagicMedia.uplugin" 104
"../../../Engine/Plugins/Media/ElectraCDM/ElectraCDM.uplugin" 105
"../../../Engine/Plugins/Media/ElectraPlayer/ElectraPlayer.uplugin" 106
"../../../Engine/Plugins/Media/ElectraUtil/ElectraUtil.uplugin" 107
"../../../Engine/Plugins/Media/HAPMedia/HAPMedia.uplugin" 108
"../../../Engine/Plugins/Media/HardwareEncoders/HardwareEncoders.uplugin" 109
"../../../Engine/Plugins/Media/LinearTimecode/LinearTimecode.uplugin" 110
"../../../Engine/Plugins/Media/HLMedia/HLMedia.uplugin" 111
"../../../Engine/Plugins/Media/ImgMedia/ImgMedia.uplugin" 112
"../../../Engine/Plugins/Media/MediaCompositing/MediaCompositing.uplugin" 113
"../../../Engine/Plugins/Messaging/MessagingDebugger/MessagingDebugger.uplugin" 114
"../../../Engine/Plugins/Media/MediaIOFramework/MediaIOFramework.uplugin" 115
"../../../Engine/Plugins/Messaging/UdpMessaging/UdpMessaging.uplugin" 116
"../../../Engine/Plugins/Messaging/TcpMessaging/TcpMessaging.uplugin" 117
"../../../Engine/Plugins/Media/MfMedia/MfMedia.uplugin" 118
"../../../Engine/Plugins/Lumin/MagicLeapMovement/MagicLeapMovement.uplugin" 119
"../../../Engine/Plugins/Media/MediaPlayerEditor/MediaPlayerEditor.uplugin" 120
"../../../Engine/Plugins/Media/MediaFrameworkUtilities/MediaFrameworkUtilities.uplugin" 121
"../../../Engine/Plugins/Media/PixelStreaming/PixelStreaming.uplugin" 122
"../../../Engine/Plugins/Media/AvidDNxMedia/AvidDNxMedia.uplugin" 123
"../../../Engine/Plugins/Media/TimecodeSynchronizer/TimecodeSynchronizer.uplugin" 124
"../../../Engine/Plugins/Media/WmfMedia/WmfMedia.uplugin" 125
"../../../Engine/Plugins/Media/WebMMedia/WebMMedia.uplugin" 126
"../../../Engine/Plugins/MovieScene/ActorSequence/ActorSequence.uplugin" 127
"../../../Engine/Plugins/NetcodeUnitTest/NetcodeUnitTest/NetcodeUnitTest.uplugin" 128
"../../../Engine/Plugins/NetcodeUnitTest/NUTUnrealEngine4/NUTUnrealEngine4.uplugin" 129
"../../../Engine/Plugins/MovieScene/CustomizableSequencerTracks/CustomizableSequencerTracks.uplugin" 130
"../../../Engine/Plugins/MovieScene/MatineeToLevelSequence/MatineeToLevelSequence.uplugin" 131
"../../../Engine/Plugins/MovieScene/MoviePipelineMaskRenderPass/MoviePipelineMaskRenderPass.uplugin" 132
"../../../Engine/Plugins/MovieScene/MovieRenderPipeline/MovieRenderPipeline.uplugin" 133
"../../../Engine/Plugins/Performance/PerformanceMonitor/PerformanceMonitor.uplugin" 134
"../../../Engine/Plugins/MovieScene/LevelSequenceEditor/LevelSequenceEditor.uplugin" 135
"../../../Engine/Plugins/MovieScene/ReplayTracks/ReplayTracks.uplugin" 136
"../../../Engine/Plugins/MovieScene/SequencerScripting/SequencerScripting.uplugin" 137
"../../../Engine/Plugins/MovieScene/TemplateSequence/TemplateSequence.uplugin" 138
"../../../Engine/Plugins/Portal/LauncherChunkInstaller/LauncherChunkInstaller.uplugin" 139
"../../../Engine/Plugins/FX/Niagara/Niagara.uplugin" 140
"../../../Engine/Plugins/Online/OnlineSubsystem/OnlineSubsystem.uplugin" 141
"../../../Engine/Plugins/Runtime/AndroidDeviceProfileSelector/AndroidDeviceProfileSelector.uplugin" 142
"../../../Engine/Plugins/Online/EOSShared/EOSShared.uplugin" 143
"../../../Engine/Plugins/Runtime/AndroidMoviePlayer/AndroidMoviePlayer.uplugin" 144
"../../../Engine/Plugins/Media/MediaMovieStreamer/MediaMovieStreamer.uplugin" 145
"../../../Engine/Plugins/Runtime/AndroidPermission/AndroidPermission.uplugin" 146
"../../../Engine/Plugins/Runtime/AnimDistanceMatching/AnimDistanceMatching.uplugin" 147
"../../../Engine/Plugins/Online/OnlineSubsystemApple/OnlineSubsystemApple.uplugin" 148
"../../../Engine/Plugins/Online/OnlineSubsystemAmazon/OnlineSubsystemAmazon.uplugin" 149
"../../../Engine/Plugins/Runtime/ActorLayerUtilities/ActorLayerUtilities.uplugin" 150
"../../../Engine/Plugins/Runtime/AnimationBudgetAllocator/AnimationBudgetAllocator.uplugin" 151
"../../../Engine/Plugins/Runtime/ApexDestruction/ApexDestruction.uplugin" 152
"../../../Engine/Plugins/Online/OnlineSubsystemFacebook/OnlineSubsystemFacebook.uplugin" 153
"../../../Engine/Plugins/Runtime/AppleImageUtils/AppleImageUtils.uplugin" 154
"../../../Engine/Plugins/Online/OnlineSubsystemEOS/OnlineSubsystemEOS.uplugin" 155
"../../../Engine/Plugins/Runtime/AppleMoviePlayer/AppleMoviePlayer.uplugin" 156
"../../../Engine/Plugins/Runtime/ArchVisCharacter/ArchVisCharacter.uplugin" 157
"../../../Engine/Plugins/Online/OnlineSubsystemGoogle/OnlineSubsystemGoogle.uplugin" 158
"../../../Engine/Plugins/Online/OnlineSubsystemNull/OnlineSubsystemNull.uplugin" 159
"../../../Engine/Plugins/Runtime/AssetTags/AssetTags.uplugin" 160
"../../../Engine/Plugins/Runtime/AudioCapture/AudioCapture.uplugin" 161
"../../../Engine/Plugins/Online/OnlineSubsystemTencent/OnlineSubsystemTencent.uplugin" 162
"../../../Engine/Plugins/Runtime/AudioSynesthesia/AudioSynesthesia.uplugin" 163
"../../../Engine/Plugins/Runtime/CableComponent/CableComponent.uplugin" 164
"../../../Engine/Plugins/Runtime/AudioModulation/AudioModulation.uplugin" 165
"../../../Engine/Plugins/Runtime/ChunkDownloader/ChunkDownloader.uplugin" 166
"../../../Engine/Plugins/Online/OnlineSubsystemSteam/OnlineSubsystemSteam.uplugin" 167
"../../../Engine/Plugins/Online/OnlineSubsystemUtils/OnlineSubsystemUtils.uplugin" 168
"../../../Engine/Plugins/Runtime/DataRegistry/DataRegistry.uplugin" 169
"../../../Engine/Plugins/Runtime/Firebase/Firebase.uplugin" 170
"../../../Engine/Plugins/Online/OnlineSubsystemOculus/OnlineSubsystemOculus.uplugin" 171
"../../../Engine/Plugins/Runtime/GoogleCloudMessaging/GoogleCloudMessaging.uplugin" 172
"../../../Engine/Plugins/Runtime/ExampleDeviceProfileSelector/ExampleDeviceProfileSelector.uplugin" 173
"../../../Engine/Plugins/Runtime/GooglePAD/GooglePAD.uplugin" 174
"../../../Engine/Plugins/Runtime/EditableMesh/EditableMesh.uplugin" 175
"../../../Engine/Plugins/Online/OnlineFramework/OnlineFramework.uplugin" 176
"../../../Engine/Plugins/Runtime/CustomMeshComponent/CustomMeshComponent.uplugin" 177
"../../../Engine/Plugins/Runtime/HPMotionController/HPMotionController.uplugin" 178
"../../../Engine/Plugins/Online/WebAuth/WebAuth.uplugin" 179
"../../../Engine/Plugins/Runtime/HDRIBackdrop/HDRIBackdrop.uplugin" 180
"../../../Engine/Plugins/Slate/SlateRemote/SlateRemote.uplugin" 181
"../../../Engine/Plugins/Runtime/IOSDeviceProfileSelector/IOSDeviceProfileSelector.uplugin" 182
"../../../Engine/Plugins/Slate/SlateInsights/SlateInsights.uplugin" 183
"../../../Engine/Plugins/Runtime/IOSReplayKit/IOSReplayKit.uplugin" 184
"../../../Engine/Plugins/Runtime/GeoReferencing/GeoReferencing.uplugin" 185
"../../../Engine/Plugins/Runtime/HairStrands/HairStrands.uplugin" 186
"../../../Engine/Plugins/Runtime/LocationServicesBPLibrary/LocationServicesBPLibrary.uplugin" 187
"../../../Engine/Plugins/Runtime/HTTPChunkInstaller/HTTPChunkInstaller.uplugin" 188
"../../../Engine/Plugins/Runtime/LocationServicesAndroidImpl/LocationServicesAndroidImpl.uplugin" 189
"../../../Engine/Plugins/Runtime/LiveLinkOvernDisplay/LiveLinkOverNDisplay.uplugin" 190
"../../../Engine/Plugins/Runtime/MicrosoftSpatialAudio/MicroSoftSpatialSound.uplugin" 191
"../../../Engine/Plugins/Runtime/LocationServicesIOSImpl/LocationServicesIOSImpl.uplugin" 192
"../../../Engine/Plugins/Runtime/MixedRealityCaptureFramework/MixedRealityCaptureFramework.uplugin" 193
"../../../Engine/Plugins/Tests/EditorTests/EditorTests.uplugin" 194
"../../../Engine/Plugins/Runtime/MobilePatchingUtils/MobilePatchingUtils.uplugin" 195
"../../../Engine/Plugins/Runtime/nDisplay/nDisplay.uplugin" 196
"../../../Engine/Plugins/Runtime/NetworkPrediction/NetworkPrediction.uplugin" 197
"../../../Engine/Plugins/Runtime/MIDIDevice/MIDIDevice.uplugin" 198
"../../../Engine/Plugins/Runtime/NetworkPredictionExtras/NetworkPredictionExtras.uplugin" 199
"../../../Engine/Plugins/Runtime/OpenXRHandTracking/OpenXRHandTracking.uplugin" 200
"../../../Engine/Plugins/Runtime/OpenXR/OpenXR.uplugin" 201
"../../../Engine/Plugins/Runtime/GameplayAbilities/GameplayAbilities.uplugin" 202
"../../../Engine/Plugins/Runtime/NetworkPredictionInsights/NetworkPredictionInsights.uplugin" 203
"../../../Engine/Plugins/Runtime/OpenXRMsftHandInteraction/OpenXRMsftHandInteraction.uplugin" 204
"../../../Engine/Plugins/Runtime/OptionalMobileFeaturesBPLibrary/OptionalMobileFeaturesBPLibrary.uplugin" 205
"../../../Engine/Plugins/Runtime/OSC/OSC.uplugin" 206
"../../../Engine/Plugins/Runtime/PhysXVehicles/PhysXVehicles.uplugin" 207
"../../../Engine/Plugins/Tests/FbxAutomationTestBuilder/FbxAutomationTestBuilder.uplugin" 208
"../../../Engine/Plugins/Runtime/OSCModulationMixing/OSCModulationMixing.uplugin" 209
"../../../Engine/Plugins/Runtime/LinuxDeviceProfileSelector/LinuxDeviceProfileSelector.uplugin" 210
"../../../Engine/Plugins/Tests/ScreenshotTools/ScreenshotTools.uplugin" 211
"../../../Engine/Plugins/Runtime/PostSplashScreen/PostSplashScreen.uplugin" 212
"../../../Engine/Plugins/Tests/RHITests/RHITests.uplugin" 213
"../../../Engine/Plugins/Tests/FunctionalTestingEditor/FunctionalTestingEditor.uplugin" 214
"../../../Engine/Plugins/Runtime/PropertyAccess/PropertyAccessEditor.uplugin" 215
"../../../Engine/Plugins/Online/OnlineSubsystemTwitch/OnlineSubsystemTwitch.uplugin" 216
"../../../Engine/Plugins/Runtime/OpenXREyeTracker/OpenXREyeTracker.uplugin" 217
"../../../Engine/Plugins/Tests/PythonAutomationTest/PythonAutomationTest.uplugin" 218
"../../../Engine/Plugins/Runtime/PreLoadScreenMoviePlayer/PreLoadScreenMoviePlayer.uplugin" 219
"../../../Engine/Plugins/Tests/RuntimeTests/RuntimeTests.uplugin" 220
"../../../Engine/Plugins/Runtime/ResonanceAudio/ResonanceAudio.uplugin" 221
"../../../Engine/Plugins/Runtime/ReplicationGraph/ReplicationGraph.uplugin" 222
"../../../Engine/Plugins/Runtime/RuntimePhysXCooking/RuntimePhysXCooking.uplugin" 223
"../../../Engine/Plugins/Runtime/SignificanceManager/SignificanceManager.uplugin" 224
"../../../Engine/Plugins/Runtime/SoundFields/SoundFields.uplugin" 225
"../../../Engine/Plugins/Runtime/SoundMod/SoundMod.uplugin" 226
"../../../Engine/Plugins/Runtime/SoundCueTemplates/SoundCueTemplates.uplugin" 227
"../../../Engine/Plugins/VirtualProduction/DataCharts/DataCharts.uplugin" 228
"../../../Engine/Plugins/VirtualProduction/CameraCalibration/CameraCalibration.uplugin" 229
"../../../Engine/Plugins/VirtualProduction/CompositePlane/CompositePlane.uplugin" 230
"../../../Engine/Plugins/Runtime/SoundUtilities/SoundUtilities.uplugin" 231
"../../../Engine/Plugins/VirtualProduction/CameraCalibrationCore/CameraCalibrationCore.uplugin" 232
"../../../Engine/Plugins/Runtime/SoundVisualizations/SoundVisualizations.uplugin" 233
"../../../Engine/Plugins/VirtualProduction/ICVFX/ICVFX.uplugin" 234
"../../../Engine/Plugins/Runtime/Spatialization/Spatialization.uplugin" 235
"../../../Engine/Plugins/Runtime/Synthesis/Synthesis.uplugin" 236
"../../../Engine/Plugins/VirtualProduction/LiveLinkLens/LiveLinkLens.uplugin" 237
"../../../Engine/Plugins/VirtualProduction/LiveLinkPrestonMDR/LiveLinkPrestonMDR.uplugin" 238
"../../../Engine/Plugins/Runtime/TextureShare/TextureShare.uplugin" 239
"../../../Engine/Plugins/Runtime/ProceduralMeshComponent/ProceduralMeshComponent.uplugin" 240
"../../../Engine/Plugins/Runtime/SunPosition/SunPosition.uplugin" 241
"../../../Engine/Plugins/VirtualProduction/LiveLinkFreeD/LiveLinkFreeD.uplugin" 242
"../../../Engine/Plugins/VirtualProduction/LevelSnapshots/LevelSnapshots.uplugin" 243
"../../../Engine/Plugins/VirtualProduction/LiveLinkCamera/LiveLinkCamera.uplugin" 244
"../../../Engine/Plugins/VirtualProduction/LiveLinkXR/LiveLinkXR.uplugin" 245
"../../../Engine/Plugins/VirtualProduction/LiveLinkMasterLockit/LiveLinkMasterLockit.uplugin" 246
"../../../Engine/Plugins/VirtualProduction/MultiUserTakes/MultiUserTakes.uplugin" 247
"../../../Engine/Plugins/VirtualProduction/LiveLinkVRPN/LiveLinkVRPN.uplugin" 248
"../../../Engine/Plugins/Runtime/WarpUtils/WarpUtils.uplugin" 249
"../../../Engine/Plugins/Runtime/WebBrowserWidget/WebBrowserWidget.uplugin" 250
"../../../Engine/Plugins/Runtime/TimeSynth/TimeSynth.uplugin" 251
"../../../Engine/Plugins/VirtualProduction/nDisplaySupportForLevelSnapshots/nDisplaySupportForLevelSnapshots.uplugin" 252
"../../../Engine/Plugins/Runtime/WebMMoviePlayer/WebMMoviePlayer.uplugin" 253
"../../../Engine/Plugins/Runtime/WindowsMixedReality/WindowsMixedReality.uplugin" 254
"../../../Engine/Plugins/Runtime/WindowsDeviceProfileSelector/WindowsDeviceProfileSelector.uplugin" 255
"../../../Engine/Plugins/Runtime/WebBrowserNativeProxy/WebBrowserNativeProxy.uplugin" 256
"../../../Engine/Plugins/VirtualProduction/RemoteControlProtocolMIDI/RemoteControlProtocolMIDI.uplugin" 257
"../../../Engine/Plugins/VirtualProduction/RemoteControlProtocolDMX/RemoteControlProtocolDMX.uplugin" 258
"../../../Engine/Plugins/VirtualProduction/RemoteControlInterception/RemoteControlInterception.uplugin" 259
"../../../Engine/Plugins/VirtualProduction/RemoteControlWebInterface/RemoteControlWebInterface.uplugin" 260
"../../../Engine/Plugins/VirtualProduction/RemoteControlProtocolOSC/RemoteControlProtocolOSC.uplugin" 261
"../../../Engine/Plugins/Runtime/WindowsMoviePlayer/WindowsMoviePlayer.uplugin" 262
"../../../Engine/Plugins/VirtualProduction/Takes/Takes.uplugin" 263
"../../../Engine/Plugins/VirtualProduction/Switchboard/Switchboard.uplugin" 264
"../../../Engine/Plugins/Editor/AssetManagerEditor/AssetManagerEditor.uplugin" 265
"../../../Engine/Plugins/VirtualProduction/TimedDataMonitor/TimedDataMonitor.uplugin" 266
"../../../Engine/Plugins/VirtualProduction/RemoteControl/RemoteControl.uplugin" 267
"../../../Engine/Plugins/Editor/AssetSearch/AssetSearch.uplugin" 268
"../../../Engine/Plugins/Editor/BlueprintMaterialTextureNodes/BlueprintMaterialTextureNodes.uplugin" 269
"../../../Engine/Plugins/Editor/CurveEditorTools/CurveEditorTools.uplugin" 270
"../../../Engine/Plugins/Editor/CryptoKeys/CryptoKeys.uplugin" 271
"../../../Engine/Plugins/Editor/DataValidation/DataValidation.uplugin" 272
"../../../Engine/Plugins/Editor/FacialAnimation/FacialAnimation.uplugin" 273
"../../../Engine/Plugins/Editor/GLTFImporter/GLTFImporter.uplugin" 274
"../../../Engine/Plugins/Editor/GameplayTagsEditor/GameplayTagsEditor.uplugin" 275
"../../../Engine/Plugins/Editor/MacGraphicsSwitching/MacGraphicsSwitching.uplugin" 276
"../../../Engine/Plugins/Editor/GeometryMode/GeometryMode.uplugin" 277
"../../../Engine/Plugins/Editor/MeshEditor/MeshEditor.uplugin" 278
"../../../Engine/Plugins/Editor/MaterialAnalyzer/MaterialAnalyzer.uplugin" 279
"../../../Engine/Plugins/Editor/MobileLauncherProfileWizard/MobileLauncherProfileWizard.uplugin" 280
"../../../Engine/Plugins/Editor/StylusInput/StylusInput.uplugin" 281
"../../../Engine/Plugins/Experimental/ActorPalette/ActorPalette.uplugin" 282
"../../../Engine/Plugins/Editor/SpeedTreeImporter/SpeedTreeImporter.uplugin" 283
"../../../Engine/Plugins/Editor/PluginBrowser/PluginBrowser.uplugin" 284
"../../../Engine/Plugins/Experimental/AlembicImporter/AlembicImporter.uplugin" 285
"../../../Engine/Plugins/Experimental/AppleVision/AppleVision.uplugin" 286
"../../../Engine/Plugins/Experimental/AutomationUtils/AutomationUtils.uplugin" 287
"../../../Engine/Plugins/Experimental/BackChannel/BackChannel.uplugin" 288
"../../../Engine/Plugins/Experimental/BlastPlugin/BlastPlugin.uplugin" 289
"../../../Engine/Plugins/Experimental/ChaosCloth/ChaosCloth.uplugin" 290
"../../../Engine/Plugins/VirtualProduction/StageMonitoring/StageMonitoring.uplugin" 291
"../../../Engine/Plugins/Experimental/ChaosEditor/ChaosEditor.uplugin" 292
"../../../Engine/Plugins/Experimental/ChaosClothEditor/ChaosClothEditor.uplugin" 293
"../../../Engine/Plugins/Experimental/ChaosNiagara/ChaosNiagara.uplugin" 294
"../../../Engine/Plugins/Experimental/ChaosSolverPlugin/ChaosSolverPlugin.uplugin" 295
"../../../Engine/Plugins/Experimental/CharacterAI/CharacterAI.uplugin" 296
"../../../Engine/Plugins/Experimental/CodeView/CodeView.uplugin" 297
"../../../Engine/Plugins/Experimental/CodeEditor/CodeEditor.uplugin" 298
"../../../Engine/Plugins/Experimental/ColorCorrectRegions/ColorCorrectRegions.uplugin" 299
"../../../Engine/Plugins/Experimental/CommonConversation/CommonConversation.uplugin" 300
"../../../Engine/Plugins/Experimental/ControlRig/ControlRig.uplugin" 301
"../../../Engine/Plugins/Experimental/EnhancedInput/EnhancedInput.uplugin" 302
"../../../Engine/Plugins/Experimental/FieldSystemPlugin/FieldSystemPlugin.uplugin" 303
"../../../Engine/Plugins/Experimental/ExampleAssetEditor/ExampleAssetEditor.uplugin" 304
"../../../Engine/Plugins/Experimental/ChaosCaching/ChaosCaching.uplugin" 305
"../../../Engine/Plugins/Experimental/FullBodyIK/FullBodyIK.uplugin" 306
"../../../Engine/Plugins/Experimental/GameFeatures/GameFeatures.uplugin" 307
"../../../Engine/Plugins/Experimental/Gauntlet/Gauntlet.uplugin" 308
"../../../Engine/Plugins/Experimental/GeometryCollectionPlugin/GeometryCollectionPlugin.uplugin" 309
"../../../Engine/Plugins/Editor/EditorScriptingUtilities/EditorScriptingUtilities.uplugin" 310
"../../../Engine/Plugins/Experimental/BlueprintStats/BlueprintStats.uplugin" 311
"../../../Engine/Plugins/Experimental/GeometryCacheAbcFile/GeometryCacheAbcFile.uplugin" 312
"../../../Engine/Plugins/Experimental/GizmoEdMode/GizmoEdMode.uplugin" 313
"../../../Engine/Plugins/Experimental/GeometryProcessing/GeometryProcessing.uplugin" 314
"../../../Engine/Plugins/Experimental/GizmoFramework/GizmoFramework.uplugin" 315
"../../../Engine/Plugins/Experimental/GPULightmass/GPULightmass.uplugin" 316
"../../../Engine/Plugins/Experimental/Landmass/Landmass.uplugin" 317
"../../../Engine/Plugins/Experimental/ImagePlate/ImagePlate.uplugin" 318
"../../../Engine/Plugins/Experimental/ImpostorBaker/ImpostorBaker.uplugin" 319
"../../../Engine/Plugins/Experimental/LiveLinkControlRig/LiveLinkControlRig.uplugin" 320
"../../../Engine/Plugins/Experimental/MeshModelingToolset/MeshModelingToolset.uplugin" 321
"../../../Engine/Plugins/Experimental/MotionTrailEditorMode/MotionTrailEditorMode.uplugin" 322
"../../../Engine/Plugins/Experimental/ModularGameplay/ModularGameplay.uplugin" 323
"../../../Engine/Plugins/Experimental/GeometryCache/GeometryCache.uplugin" 324
"../../../Engine/Plugins/Experimental/PanoramicCapture/PanoramicCapture.uplugin" 325
"../../../Engine/Plugins/Experimental/MotoSynth/MotoSynth.uplugin" 326
"../../../Engine/Plugins/Experimental/ChaosVehiclesPlugin/ChaosVehiclesPlugin.uplugin" 327
"../../../Engine/Plugins/Experimental/PlanarCutPlugin/PlanarCut.uplugin" 328
"../../../Engine/Plugins/Experimental/CommonUI/CommonUI.uplugin" 329
"../../../Engine/Plugins/Experimental/ModelingToolsEditorMode/ModelingToolsEditorMode.uplugin" 330
"../../../Engine/Plugins/Experimental/PlatformCrypto/PlatformCrypto.uplugin" 331
"../../../Engine/Plugins/Experimental/ProxyLODPlugin/ProxyLODPlugin.uplugin" 332
"../../../Engine/Plugins/Experimental/RawInput/RawInput.uplugin" 333
"../../../Engine/Plugins/Experimental/RemoteSession/RemoteSession.uplugin" 334
"../../../Engine/Plugins/Experimental/SampleToolsEditorMode/SampleToolsEditorMode.uplugin" 335
"../../../Engine/Plugins/Experimental/ShallowWater/ShallowWater.uplugin" 336
"../../../Engine/Plugins/Experimental/PythonScriptPlugin/PythonScriptPlugin.uplugin" 337
"../../../Engine/Plugins/Experimental/Shotgun/Shotgun.uplugin" 338
"../../../Engine/Plugins/Experimental/SimpleHMD/SimpleHMD.uplugin" 339
"../../../Engine/Plugins/Experimental/Text3D/Text3D.uplugin" 340
"../../../Engine/Plugins/Experimental/SkeletalReduction/SkeletalReduction.uplugin" 341
"../../../Engine/Plugins/Experimental/VirtualCamera/VirtualCamera.uplugin" 342
"../../../Engine/Plugins/Experimental/OpenImageDenoise/OpenImageDenoise.uplugin" 343
"../../../Engine/Plugins/Experimental/Volumetrics/Volumetrics.uplugin" 344
"../../../Engine/Plugins/Experimental/VirtualProductionUtilities/VirtualProductionUtilities.uplugin" 345
"../../../Engine/Plugins/Experimental/Water/Water.uplugin" 346
"../../../Engine/Plugins/Experimental/WebSocketNetworking/WebSocketNetworking.uplugin" 347
"../../../Engine/Plugins/AI/EnvironmentQueryEditor/EnvironmentQueryEditor.uplugin" 348
"../../../Engine/Plugins/Developer/Concert/DisasterRecoveryClient/DisasterRecoveryClient.uplugin" 349
"../../../Engine/Plugins/Developer/Concert/MultiUserClient/MultiUserClient.uplugin" 350
"../../../Engine/Plugins/Developer/Concert/ConcertMain/ConcertMain.uplugin" 351
"../../../Engine/Plugins/Online/Android/OnlineSubsystemGameCircle/OnlineSubsystemGameCircle.uplugin" 352
"../../../Engine/Plugins/Online/Android/OnlineSubsystemGooglePlay/OnlineSubsystemGooglePlay.uplugin" 353
"../../../Engine/Plugins/Online/IOS/OnlineSubsystemIOS/OnlineSubsystemIOS.uplugin" 354
"../../../Engine/Plugins/Runtime/Analytics/Adjust/Adjust.uplugin" 355
"../../../Engine/Plugins/Runtime/Analytics/AnalyticsMulticast/AnalyticsMulticast.uplugin" 356
"../../../Engine/Plugins/Runtime/Analytics/AnalyticsBlueprintLibrary/AnalyticsBlueprintLibrary.uplugin" 357
"../../../Engine/Plugins/Runtime/Analytics/Flurry/Flurry.uplugin" 358
"../../../Engine/Plugins/Runtime/Analytics/FileLogging/FileLogging.uplugin" 359
"../../../Engine/Plugins/Runtime/AR/ARUtilities/ARUtilities.uplugin" 360
"../../../Engine/Plugins/Runtime/AR/AzureSpatialAnchors/AzureSpatialAnchors.uplugin" 361
"../../../Engine/Plugins/Runtime/AR/AzureSpatialAnchorsForARCore/AzureSpatialAnchorsForARCore.uplugin" 362
"../../../Engine/Plugins/Runtime/Database/RemoteDatabaseSupport/RemoteDatabaseSupport.uplugin" 363
"../../../Engine/Plugins/Runtime/AR/AzureSpatialAnchorsForWMR/AzureSpatialAnchorsForWMR.uplugin" 364
"../../../Engine/Plugins/Runtime/Database/DatabaseSupport/DatabaseSupport.uplugin" 365
"../../../Engine/Plugins/Runtime/Database/SQLiteSupport/SQLiteSupport.uplugin" 366
"../../../Engine/Plugins/Online/VoiceChat/EOSVoiceChat/EOSVoiceChat.uplugin" 367
"../../../Engine/Plugins/Runtime/Advertising/IOSTapJoy/IOSTapJoy.uplugin" 368
"../../../Engine/Plugins/Runtime/Database/ADOSupport/ADOSupport.uplugin" 369
"../../../Engine/Plugins/Runtime/GoogleVR/GoogleVRController/GoogleVRController.uplugin" 370
"../../../Engine/Plugins/Runtime/AR/AzureSpatialAnchorsForARKit/AzureSpatialAnchorsForARKit.uplugin" 371
"../../../Engine/Plugins/Runtime/GoogleVR/GoogleVRTransition2D/GoogleVRTransition2D.uplugin" 372
"../../../Engine/Plugins/Runtime/Database/SQLiteCore/SQLiteCore.uplugin" 373
"../../../Engine/Plugins/Runtime/GoogleVR/GoogleVRHMD/GoogleVRHMD.uplugin" 374
"../../../Engine/Plugins/Runtime/MeshReconstruction/DummyMeshReconstructor/DummyMeshReconstructor.uplugin" 375
"../../../Engine/Plugins/Runtime/Nvidia/Ansel/Ansel.uplugin" 376
"../../../Engine/Plugins/Runtime/Nvidia/Reflex/Reflex.uplugin" 377
"../../../Engine/Plugins/Runtime/Oculus/OculusAudio/OculusAudio.uplugin" 378
"../../../Engine/Plugins/Online/VoiceChat/VivoxVoiceChat/VivoxVoiceChat.uplugin" 379
"../../../Engine/Plugins/Runtime/Oculus/OculusOpenXR/OculusOpenXR.uplugin" 380
"../../../Engine/Plugins/Runtime/PacketHandlers/AESGCMHandlerComponent/AESGCMHandlerComponent.uplugin" 381
"../../../Engine/Plugins/Runtime/PacketHandlers/AESHandlerComponent/AESHandlerComponent.uplugin" 382
"../../../Engine/Plugins/Runtime/PacketHandlers/DTLSHandlerComponent/DTLSHandlerComponent.uplugin" 383
"../../../Engine/Plugins/VirtualProduction/DMX/DMXEngine/DMXEngine.uplugin" 384
"../../../Engine/Plugins/Online/VoiceChat/VoiceChat/VoiceChat.uplugin" 385
"../../../Engine/Plugins/VirtualProduction/DMX/DMXProtocol/DMXProtocol.uplugin" 386
"../../../Engine/Plugins/VirtualProduction/DMX/DMXPixelMapping/DMXPixelMapping.uplugin" 387
"../../../Engine/Plugins/Runtime/Oculus/OculusVR/OculusVR.uplugin" 388
"../../../Engine/Plugins/VirtualProduction/DMX/DMXDisplayCluster/DMXDisplayCluster.uplugin" 389
"../../../Engine/Plugins/VirtualProduction/DMX/DMXFixtures/DMXFixtures.uplugin" 390
"../../../Engine/Plugins/Runtime/Steam/SteamAudio/SteamAudio.uplugin" 391
"../../../Engine/Plugins/Runtime/Steam/SteamController/SteamController.uplugin" 392
"../../../Engine/Plugins/Runtime/Steam/SteamShared/SteamShared.uplugin" 393
"../../../Engine/Plugins/Runtime/Steam/SteamSockets/SteamSockets.uplugin" 394
"../../../Engine/Plugins/Runtime/Steam/SteamVR/SteamVR.uplugin" 395
"../../../Engine/Plugins/Runtime/Windows/WinDualShock/WinDualShock.uplugin" 396
"../../../Engine/Plugins/Editor/ContentBrowser/ContentBrowserAssetDataSource/ContentBrowserAssetDataSource.uplugin" 397
"../../../Engine/Plugins/Editor/ContentBrowser/ContentBrowserClassDataSource/ContentBrowserClassDataSource.uplugin" 398
"../../../Engine/Plugins/Experimental/VirtualHeightfieldMesh/VirtualHeightfieldMesh.uplugin" 399
"../../../Engine/Plugins/Experimental/Enterprise/DatasmithRuntime/DatasmithRuntime.uplugin" 400
"../../../Engine/Plugins/Experimental/VirtualProduction/LedWallCalibration/LedWallCalibration.uplugin" 401
"../../../Engine/Plugins/Developer/Concert/ConcertSync/ConcertSyncClient/ConcertSyncClient.uplugin" 402
"../../../Engine/Plugins/Developer/Concert/ConcertSync/ConcertSyncTest/ConcertSyncTest.uplugin" 403
"../../../Engine/Plugins/Experimental/AR/PointCloud/PointCloud.uplugin" 404
"../../../Engine/Plugins/Runtime/AR/AppleAR/AppleARKit/AppleARKit.uplugin" 405
"../../../Engine/Plugins/Runtime/XR/XRVisualization/XRVisualization.uplugin" 406
"../../../Engine/Plugins/Experimental/Enterprise/DataprepGeometryOperations/DataprepGeometryOperations.uplugin" 407
"../../../Engine/Plugins/Developer/Concert/ConcertSync/ConcertSyncServer/ConcertSyncServer.uplugin" 408
"../../../Engine/Plugins/Developer/Concert/ConcertSync/ConcertSyncCore/ConcertSyncCore.uplugin" 409
"../../../Engine/Plugins/Runtime/AR/AppleAR/AppleARKitFaceSupport/AppleARKitFaceSupport.uplugin" 410
"../../../Engine/Plugins/Editor/ContentBrowser/ContentBrowserFileDataSource/ContentBrowserFileDataSource.uplugin" 411
"../../../Engine/Plugins/Runtime/AR/Google/GoogleARCore/GoogleARCore.uplugin" 412
"../../../Engine/Plugins/Runtime/AR/Google/GoogleARCoreServices/GoogleARCoreServices.uplugin" 413
"../../../Engine/Plugins/Runtime/AR/Microsoft/HoloLensAR/HoloLensAR.uplugin" 414
"../../../Engine/Content/Internationalization/icudt64l/cnvalias.icu" 415
"../../../Engine/Content/Internationalization/icudt64l/res_index.res" 416
"../../../Engine/Content/Internationalization/icudt64l/plurals.res" 417
"../../../Engine/Content/Internationalization/icudt64l/lang/en_SE.res" 418
"../../../Engine/Content/Internationalization/icudt64l/lang/pool.res" 419
"../../../Engine/Content/Internationalization/icudt64l/lang/en_150.res" 420
"../../../Engine/Content/Internationalization/icudt64l/lang/en_001.res" 421
"../../../Engine/Content/Internationalization/icudt64l/lang/en.res" 422
"../../../Engine/Content/Internationalization/icudt64l/lang/root.res" 423
"../../../Engine/Content/Internationalization/icudt64l/region/en_SE.res" 424
"../../../Engine/Content/Internationalization/icudt64l/region/pool.res" 425
"../../../Engine/Content/Internationalization/icudt64l/region/en_150.res" 426
"../../../Engine/Content/Internationalization/icudt64l/region/en.res" 427
"../../../Engine/Content/Internationalization/icudt64l/region/root.res" 428
"../../../Engine/Content/Internationalization/icudt64l/windowsZones.res" 429
"../../../Engine/Content/Internationalization/icudt64l/zoneinfo64.res" 430
"../../../Engine/Content/Internationalization/icudt64l/keyTypeData.res" 431
"../../../Engine/Content/Internationalization/icudt64l/timezoneTypes.res" 432
"../../../Engine/Content/Internationalization/icudt64l/likelySubtags.res" 433
"../../../Engine/Content/Internationalization/icudt64l/en_US.res" 434
"../../../Engine/Content/Internationalization/icudt64l/pool.res" 435
"../../../Engine/Content/Internationalization/icudt64l/en.res" 436
"../../../Engine/Content/Internationalization/icudt64l/root.res" 437
"../../../Engine/Content/Internationalization/icudt64l/supplementalData.res" 438
"C:/Users/willi/AppData/Local/UnrealEngine/4.27/Saved/Config/Windows/Manifest.ini" 439
"../../../Engine/Config/Windows/BaseWindowsEngine.ini" 440
"../../../Engine/Config/Windows/WindowsEngine.ini" 441
"C:/Users/willi/Documents/GitHub/fnaf-spelet/Saved/Config/Windows/Engine.ini" 442
"../../../Engine/Config/BaseGame.ini" 443
"C:/Users/willi/Documents/GitHub/fnaf-spelet/Config/DefaultGame.ini" 444
"../../../Engine/Config/Windows/WindowsGame.ini" 445
"C:/Users/willi/Documents/GitHub/fnaf-spelet/Saved/Config/Windows/Game.ini" 446
"../../../Engine/Config/BaseInput.ini" 447
"C:/Users/willi/Documents/GitHub/fnaf-spelet/Config/DefaultInput.ini" 448
"C:/Users/willi/Documents/GitHub/fnaf-spelet/Saved/Config/Windows/Input.ini" 449
"../../../Engine/Config/BaseEditor.ini" 450
"C:/Users/willi/Documents/GitHub/fnaf-spelet/Config/DefaultEditor.ini" 451
"C:/Users/willi/Documents/GitHub/fnaf-spelet/Saved/Config/Windows/Editor.ini" 452
"../../../Engine/Config/BaseEditorPerProjectUserSettings.ini" 453
"C:/Users/willi/Documents/GitHub/fnaf-spelet/Saved/Config/Windows/EditorPerProjectUserSettings.ini" 454
"../../../Engine/Config/BaseEditorSettings.ini" 455
"C:/Users/willi/AppData/Local/UnrealEngine/4.27/Saved/Config/Windows/EditorSettings.ini" 456
"../../../Engine/Config/BaseEditorKeyBindings.ini" 457
"C:/Users/willi/AppData/Local/UnrealEngine/4.27/Saved/Config/Windows/EditorKeyBindings.ini" 458
"C:/Users/willi/AppData/Local/UnrealEngine/4.27/Saved/Config/Windows/EditorLayout.ini" 459
"../../../Engine/Config/BaseCompat.ini" 460
"C:/Users/willi/Documents/GitHub/fnaf-spelet/Saved/Config/Windows/Compat.ini" 461
"../../../Engine/Config/BaseLightmass.ini" 462
"C:/Users/willi/Documents/GitHub/fnaf-spelet/Saved/Config/Windows/Lightmass.ini" 463
"../../../Engine/Config/BaseScalability.ini" 464
"C:/Users/willi/Documents/GitHub/fnaf-spelet/Saved/Config/Windows/Scalability.ini" 465
"../../../Engine/Config/BaseHardware.ini" 466
"C:/Users/willi/Documents/GitHub/fnaf-spelet/Saved/Config/Windows/Hardware.ini" 467
"../../../Engine/Config/BaseRuntimeOptions.ini" 468
"C:/Users/willi/Documents/GitHub/fnaf-spelet/Saved/Config/Windows/RuntimeOptions.ini" 469
"../../../Engine/Config/BaseInstallBundle.ini" 470
"../../../Engine/Config/BaseDeviceProfiles.ini" 471
"C:/Users/willi/Documents/GitHub/fnaf-spelet/Saved/Config/Windows/DeviceProfiles.ini" 472
"../../../Engine/Config/BaseGameUserSettings.ini" 473
"C:/Users/willi/Documents/GitHub/fnaf-spelet/Saved/Config/Windows/GameUserSettings.ini" 474
"C:/Users/willi/Documents/GitHub/fnaf-spelet/Binaries/Win64/spelet-Win64-Shipping.target" 475
"C:/Users/willi/Documents/GitHub/fnaf-spelet/Binaries/Win64/speletEditor.target" 476
"../../../Engine/Plugins/2D/Paper2D/Config/BasePaper2D.ini" 477
"C:/Users/willi/Documents/GitHub/fnaf-spelet/Saved/Config/Windows/Paper2D.ini" 478
"../../../Engine/Plugins/Animation/LiveLink/Config/BaseLiveLink.ini" 479
"C:/Users/willi/Documents/GitHub/fnaf-spelet/Saved/Config/Windows/LiveLink.ini" 480
"../../../Engine/Plugins/Enterprise/DataprepEditor/Config/BaseDataprepEditor.ini" 481
"C:/Users/willi/Documents/GitHub/fnaf-spelet/Saved/Config/Windows/DataprepEditor.ini" 482
"../../../Engine/Plugins/Enterprise/DatasmithImporter/Config/BaseDatasmithImporter.ini" 483
"C:/Users/willi/Documents/GitHub/fnaf-spelet/Saved/Config/Windows/DatasmithImporter.ini" 484
"../../../Engine/Plugins/Enterprise/MDLImporter/Config/BaseMDLImporter.ini" 485
"C:/Users/willi/Documents/GitHub/fnaf-spelet/Saved/Config/Windows/MDLImporter.ini" 486
"../../../Engine/Plugins/Enterprise/VariantManagerContent/Config/BaseVariantManagerContent.ini" 487
"C:/Users/willi/Documents/GitHub/fnaf-spelet/Saved/Config/Windows/VariantManagerContent.ini" 488
"../../../Engine/Plugins/Lumin/MagicLeap/Config/BaseMagicLeap.ini" 489
"C:/Users/willi/Documents/GitHub/fnaf-spelet/Saved/Config/Windows/MagicLeap.ini" 490
"../../../Engine/Plugins/Lumin/MagicLeapLightEstimation/Config/BaseMagicLeapLightEstimation.ini" 491
"C:/Users/willi/Documents/GitHub/fnaf-spelet/Saved/Config/Windows/MagicLeapLightEstimation.ini" 492
"../../../Engine/Plugins/FX/Niagara/Config/BaseNiagara.ini" 493
"C:/Users/willi/Documents/GitHub/fnaf-spelet/Saved/Config/Windows/Niagara.ini" 494
"../../../Engine/Plugins/Runtime/HairStrands/Config/BaseHairStrands.ini" 495
"C:/Users/willi/Documents/GitHub/fnaf-spelet/Saved/Config/Windows/HairStrands.ini" 496
"../../../Engine/Plugins/Runtime/PhysXVehicles/Config/BasePhysXVehicles.ini" 497
"C:/Users/willi/Documents/GitHub/fnaf-spelet/Saved/Config/Windows/PhysXVehicles.ini" 498
"../../../Engine/Plugins/Runtime/PostSplashScreen/Config/BasePostSplashScreen.ini" 499
"C:/Users/willi/Documents/GitHub/fnaf-spelet/Saved/Config/Windows/PostSplashScreen.ini" 500
"../../../Engine/Plugins/Runtime/Synthesis/Config/BaseSynthesis.ini" 501
"C:/Users/willi/Documents/GitHub/fnaf-spelet/Saved/Config/Windows/Synthesis.ini" 502
"../../../Engine/Plugins/Editor/EditorScriptingUtilities/Config/BaseEditorScriptingUtilities.ini" 503
"C:/Users/willi/Documents/GitHub/fnaf-spelet/Saved/Config/Windows/EditorScriptingUtilities.ini" 504
"../../../Engine/Plugins/Experimental/MotoSynth/Config/BaseMotoSynth.ini" 505
"C:/Users/willi/Documents/GitHub/fnaf-spelet/Saved/Config/Windows/MotoSynth.ini" 506
"../../../Engine/Plugins/Runtime/Oculus/OculusVR/Config/BaseOculusVR.ini" 507
"C:/Users/willi/Documents/GitHub/fnaf-spelet/Saved/Config/Windows/OculusVR.ini" 508
"../../../Engine/Plugins/Editor/GLTFImporter/Binaries/Win64/UE4Editor.modules" 509
"../../../Engine/Plugins/Enterprise/DatasmithGLTFImporter/Binaries/Win64/UE4Editor.modules" 510
"../../../Engine/Plugins/Enterprise/DatasmithImporter/Binaries/Win64/UE4Editor.modules" 511
"../../../Engine/Plugins/Enterprise/DatasmithContent/Binaries/Win64/UE4Editor.modules" 512
"../../../Engine/Plugins/Editor/EditorScriptingUtilities/Binaries/Win64/UE4Editor.modules" 513
"../../../Engine/Plugins/Enterprise/DataprepEditor/Binaries/Win64/UE4Editor.modules" 514
"../../../Engine/Plugins/Enterprise/VariantManagerContent/Binaries/Win64/UE4Editor.modules" 515
"../../../Engine/Plugins/Enterprise/VariantManager/Binaries/Win64/UE4Editor.modules" 516
"../../../Engine/Plugins/Enterprise/StaticMeshEditorExtension/Binaries/Win64/UE4Editor.modules" 517
"../../../Engine/Plugins/Runtime/EditableMesh/Binaries/Win64/UE4Editor.modules" 518
"../../../Engine/Plugins/Editor/MeshEditor/Binaries/Win64/UE4Editor.modules" 519
"../../../Engine/Plugins/Experimental/ProxyLODPlugin/Binaries/Win64/UE4Editor.modules" 520
"../../../Engine/Plugins/Experimental/BlastPlugin/Binaries/Win64/UE4Editor.modules" 521
"../../../Engine/Plugins/Experimental/GeometryCollectionPlugin/Binaries/Win64/UE4Editor.modules" 522
"../../../Engine/Plugins/Runtime/ProceduralMeshComponent/Binaries/Win64/UE4Editor.modules" 523
"../../../Engine/Plugins/Experimental/ChaosSolverPlugin/Binaries/Win64/UE4Editor.modules" 524
"../../../Engine/Plugins/Enterprise/DatasmithFBXImporter/Binaries/Win64/UE4Editor.modules" 525
"../../../Engine/Plugins/Experimental/Enterprise/DatasmithRuntime/Binaries/Win64/UE4Editor.modules" 526
"../../../Engine/Plugins/Runtime/RuntimePhysXCooking/Binaries/Win64/UE4Editor.modules" 527
"../../../Engine/Plugins/Messaging/UdpMessaging/Binaries/Win64/UE4Editor.modules" 528
"../../../Engine/Plugins/Experimental/GPULightmass/Binaries/Win64/UE4Editor.modules" 529
"../../../Engine/Plugins/Importers/USDImporter/Binaries/Win64/UE4Editor.modules" 530
"../../../Engine/Plugins/Experimental/GeometryCache/Binaries/Win64/UE4Editor.modules" 531
"../../../Engine/Plugins/MovieScene/LevelSequenceEditor/Binaries/Win64/UE4Editor.modules" 532
"../../../Engine/Plugins/Enterprise/MDLImporter/Binaries/Win64/UE4Editor.modules" 533
"../../../Engine/Plugins/Experimental/PythonScriptPlugin/Binaries/Win64/UE4Editor.modules" 534
"../../../Engine/Plugins/MovieScene/SequencerScripting/Binaries/Win64/UE4Editor.modules" 535
"../../../Engine/Plugins/Editor/ContentBrowser/ContentBrowserFileDataSource/Binaries/Win64/UE4Editor.modules" 536
"../../../Engine/Plugins/MovieScene/TemplateSequence/Binaries/Win64/UE4Editor.modules" 537
"../../../Engine/Plugins/Experimental/ModelingToolsEditorMode/Binaries/Win64/UE4Editor.modules" 538
"../../../Engine/Plugins/Experimental/MeshModelingToolset/Binaries/Win64/UE4Editor.modules" 539
"../../../Engine/Plugins/Editor/StylusInput/Binaries/Win64/UE4Editor.modules" 540
"../../../Engine/Plugins/Experimental/GeometryProcessing/Binaries/Win64/UE4Editor.modules" 541
"../../../Engine/Plugins/Runtime/HairStrands/Binaries/Win64/UE4Editor.modules" 542
"../../../Engine/Plugins/FX/Niagara/Binaries/Win64/UE4Editor.modules" 543
"../../../Engine/Plugins/VisualStudioTools/Binaries/Win64/UE4Editor.modules" 544
"../../../Engine/Plugins/Media/ElectraUtil/Binaries/Win64/UE4Editor.modules" 545
"../../../Engine/Plugins/MeshPainting/Binaries/Win64/UE4Editor.modules" 546
"../../../Engine/Plugins/XGEController/Binaries/Win64/UE4Editor.modules" 547
"../../../Engine/Plugins/2D/Paper2D/Binaries/Win64/UE4Editor.modules" 548
"../../../Engine/Plugins/AI/AISupport/Binaries/Win64/UE4Editor.modules" 549
"../../../Engine/Plugins/Cameras/CameraShakePreviewer/Binaries/Win64/UE4Editor.modules" 550
"../../../Engine/Plugins/Cameras/GameplayCameras/Binaries/Win64/UE4Editor.modules" 551
"../../../Engine/Plugins/Compression/OodleData/Binaries/Win64/UE4Editor.modules" 552
"../../../Engine/Plugins/Developer/AnimationSharing/Binaries/Win64/UE4Editor.modules" 553
"../../../Engine/Plugins/Runtime/SignificanceManager/Binaries/Win64/UE4Editor.modules" 554
"../../../Engine/Plugins/Blendables/LightPropagationVolume/Binaries/Win64/UE4Editor.modules" 555
"../../../Engine/Plugins/Developer/CLionSourceCodeAccess/Binaries/Win64/UE4Editor.modules" 556
"../../../Engine/Plugins/Developer/GitSourceControl/Binaries/Win64/UE4Editor.modules" 557
"../../../Engine/Plugins/Developer/PixWinPlugin/Binaries/Win64/UE4Editor.modules" 558
"../../../Engine/Plugins/Compression/OodleNetwork/Binaries/Win64/UE4Editor.modules" 559
"../../../Engine/Plugins/Developer/PlasticSourceControl/Binaries/Win64/UE4Editor.modules" 560
"../../../Engine/Plugins/Developer/PluginUtils/Binaries/Win64/UE4Editor.modules" 561
"../../../Engine/Plugins/Developer/PropertyAccessNode/Binaries/Win64/UE4Editor.modules" 562
"../../../Engine/Plugins/Runtime/PropertyAccess/Binaries/Win64/UE4Editor.modules" 563
"../../../Engine/Plugins/Developer/SubversionSourceControl/Binaries/Win64/UE4Editor.modules" 564
"../../../Engine/Plugins/Developer/RiderSourceCodeAccess/Binaries/Win64/UE4Editor.modules" 565
"../../../Engine/Plugins/Developer/TextureFormatOodle/Binaries/Win64/UE4Editor.modules" 566
"../../../Engine/Plugins/Developer/UObjectPlugin/Binaries/Win64/UE4Editor.modules" 567
"../../../Engine/Plugins/Developer/VisualStudioCodeSourceCodeAccess/Binaries/Win64/UE4Editor.modules" 568
"../../../Engine/Plugins/Developer/VisualStudioSourceCodeAccess/Binaries/Win64/UE4Editor.modules" 569
"../../../Engine/Plugins/Developer/PerforceSourceControl/Binaries/Win64/UE4Editor.modules" 570
"../../../Engine/Plugins/Lumin/MLSDK/Binaries/Win64/UE4Editor.modules" 571
"../../../Engine/Plugins/Lumin/MagicLeap/Binaries/Win64/UE4Editor.modules" 572
"../../../Engine/Plugins/Lumin/MagicLeapPassableWorld/Binaries/Win64/UE4Editor.modules" 573
"../../../Engine/Plugins/Lumin/MagicLeapLightEstimation/Binaries/Win64/UE4Editor.modules" 574
"../../../Engine/Plugins/Lumin/MagicLeapMedia/Binaries/Win64/UE4Editor.modules" 575
"../../../Engine/Plugins/Media/AndroidMedia/Binaries/Win64/UE4Editor.modules" 576
"../../../Engine/Plugins/Media/AvfMedia/Binaries/Win64/UE4Editor.modules" 577
"../../../Engine/Plugins/Media/ImgMedia/Binaries/Win64/UE4Editor.modules" 578
"../../../Engine/Plugins/Media/MediaCompositing/Binaries/Win64/UE4Editor.modules" 579
"../../../Engine/Plugins/Messaging/TcpMessaging/Binaries/Win64/UE4Editor.modules" 580
"../../../Engine/Plugins/Media/MediaPlayerEditor/Binaries/Win64/UE4Editor.modules" 581
"../../../Engine/Plugins/Media/WmfMedia/Binaries/Win64/UE4Editor.modules" 582
"../../../Engine/Plugins/MovieScene/ActorSequence/Binaries/Win64/UE4Editor.modules" 583
"../../../Engine/Plugins/MovieScene/MatineeToLevelSequence/Binaries/Win64/UE4Editor.modules" 584
"../../../Engine/Plugins/Portal/LauncherChunkInstaller/Binaries/Win64/UE4Editor.modules" 585
"../../../Engine/Plugins/Online/OnlineSubsystem/Binaries/Win64/UE4Editor.modules" 586
"../../../Engine/Plugins/Runtime/AndroidDeviceProfileSelector/Binaries/Win64/UE4Editor.modules" 587
"../../../Engine/Plugins/Runtime/AndroidPermission/Binaries/Win64/UE4Editor.modules" 588
"../../../Engine/Plugins/Runtime/ActorLayerUtilities/Binaries/Win64/UE4Editor.modules" 589
"../../../Engine/Plugins/Runtime/AppleImageUtils/Binaries/Win64/UE4Editor.modules" 590
"../../../Engine/Plugins/Runtime/ArchVisCharacter/Binaries/Win64/UE4Editor.modules" 591
"../../../Engine/Plugins/Online/OnlineSubsystemNull/Binaries/Win64/UE4Editor.modules" 592
"../../../Engine/Plugins/Online/OnlineSubsystemUtils/Binaries/Win64/UE4Editor.modules" 593
"../../../Engine/Plugins/Runtime/AssetTags/Binaries/Win64/UE4Editor.modules" 594
"../../../Engine/Plugins/Runtime/AudioCapture/Binaries/Win64/UE4Editor.modules" 595
"../../../Engine/Plugins/Runtime/CableComponent/Binaries/Win64/UE4Editor.modules" 596
"../../../Engine/Plugins/Runtime/ChunkDownloader/Binaries/Win64/UE4Editor.modules" 597
"../../../Engine/Plugins/Runtime/CustomMeshComponent/Binaries/Win64/UE4Editor.modules" 598
"../../../Engine/Plugins/Runtime/ExampleDeviceProfileSelector/Binaries/Win64/UE4Editor.modules" 599
"../../../Engine/Plugins/Runtime/GooglePAD/Binaries/Win64/UE4Editor.modules" 600
"../../../Engine/Plugins/Runtime/LocationServicesBPLibrary/Binaries/Win64/UE4Editor.modules" 601
"../../../Engine/Plugins/Runtime/MobilePatchingUtils/Binaries/Win64/UE4Editor.modules" 602
"../../../Engine/Plugins/Runtime/OpenXRHandTracking/Binaries/Win64/UE4Editor.modules" 603
"../../../Engine/Plugins/Runtime/OpenXR/Binaries/Win64/UE4Editor.modules" 604
"../../../Engine/Plugins/Animation/LiveLink/Binaries/Win64/UE4Editor.modules" 605
"../../../Engine/Plugins/VirtualProduction/Takes/Binaries/Win64/UE4Editor.modules" 606
"../../../Engine/Plugins/Runtime/PhysXVehicles/Binaries/Win64/UE4Editor.modules" 607
"../../../Engine/Plugins/Runtime/OpenXREyeTracker/Binaries/Win64/UE4Editor.modules" 608
"../../../Engine/Plugins/Runtime/SoundFields/Binaries/Win64/UE4Editor.modules" 609
"../../../Engine/Plugins/Runtime/Synthesis/Binaries/Win64/UE4Editor.modules" 610
"../../../Engine/Plugins/Runtime/AudioSynesthesia/Binaries/Win64/UE4Editor.modules" 611
"../../../Engine/Plugins/Runtime/WebMMoviePlayer/Binaries/Win64/UE4Editor.modules" 612
"../../../Engine/Plugins/Media/WebMMedia/Binaries/Win64/UE4Editor.modules" 613
"../../../Engine/Plugins/Runtime/WindowsMoviePlayer/Binaries/Win64/UE4Editor.modules" 614
"../../../Engine/Plugins/Editor/AssetManagerEditor/Binaries/Win64/UE4Editor.modules" 615
"../../../Engine/Plugins/Editor/CurveEditorTools/Binaries/Win64/UE4Editor.modules" 616
"../../../Engine/Plugins/Editor/CryptoKeys/Binaries/Win64/UE4Editor.modules" 617
"../../../Engine/Plugins/Editor/DataValidation/Binaries/Win64/UE4Editor.modules" 618
"../../../Engine/Plugins/Editor/FacialAnimation/Binaries/Win64/UE4Editor.modules" 619
"../../../Engine/Plugins/Editor/GeometryMode/Binaries/Win64/UE4Editor.modules" 620
"../../../Engine/Plugins/Editor/GameplayTagsEditor/Binaries/Win64/UE4Editor.modules" 621
"../../../Engine/Plugins/Editor/MaterialAnalyzer/Binaries/Win64/UE4Editor.modules" 622
"../../../Engine/Plugins/Editor/MobileLauncherProfileWizard/Binaries/Win64/UE4Editor.modules" 623
"../../../Engine/Plugins/Editor/SpeedTreeImporter/Binaries/Win64/UE4Editor.modules" 624
"../../../Engine/Plugins/Editor/PluginBrowser/Binaries/Win64/UE4Editor.modules" 625
"../../../Engine/Plugins/Experimental/AlembicImporter/Binaries/Win64/UE4Editor.modules" 626
"../../../Engine/Plugins/Experimental/AutomationUtils/Binaries/Win64/UE4Editor.modules" 627
"../../../Engine/Plugins/Tests/ScreenshotTools/Binaries/Win64/UE4Editor.modules" 628
"../../../Engine/Plugins/Experimental/BackChannel/Binaries/Win64/UE4Editor.modules" 629
"../../../Engine/Plugins/Experimental/ChaosCloth/Binaries/Win64/UE4Editor.modules" 630
"../../../Engine/Plugins/Experimental/ChaosEditor/Binaries/Win64/UE4Editor.modules" 631
"../../../Engine/Plugins/Experimental/PlanarCutPlugin/Binaries/Win64/UE4Editor.modules" 632
"../../../Engine/Plugins/Experimental/ChaosClothEditor/Binaries/Win64/UE4Editor.modules" 633
"../../../Engine/Plugins/Experimental/ChaosNiagara/Binaries/Win64/UE4Editor.modules" 634
"../../../Engine/Plugins/Experimental/CharacterAI/Binaries/Win64/UE4Editor.modules" 635
"../../../Engine/Plugins/Experimental/MotoSynth/Binaries/Win64/UE4Editor.modules" 636
"../../../Engine/Plugins/Experimental/OpenImageDenoise/Binaries/Win64/UE4Editor.modules" 637
"../../../Engine/Plugins/Experimental/PlatformCrypto/Binaries/Win64/UE4Editor.modules" 638
"../../../Engine/Plugins/Experimental/SkeletalReduction/Binaries/Win64/UE4Editor.modules" 639
"../../../Engine/Plugins/AI/EnvironmentQueryEditor/Binaries/Win64/UE4Editor.modules" 640
"../../../Engine/Plugins/Runtime/Oculus/OculusVR/Binaries/Win64/UE4Editor.modules" 641
"../../../Engine/Plugins/Runtime/Steam/SteamVR/Binaries/Win64/UE4Editor.modules" 642
"../../../Engine/Plugins/Editor/ContentBrowser/ContentBrowserAssetDataSource/Binaries/Win64/UE4Editor.modules" 643
"../../../Engine/Plugins/Editor/ContentBrowser/ContentBrowserClassDataSource/Binaries/Win64/UE4Editor.modules" 644
"../../../Engine/Content/Certificates/ThirdParty/cacert.pem" 645
"../../../Engine/Config/ConsoleVariables.ini" 646
"../../../Engine/Binaries/Win64/Android/UE4Editor.modules" 647
"../../../Engine/Binaries/Win64/IOS/UE4Editor.modules" 648
"../../../Engine/Binaries/Win64/Linux/UE4Editor.modules" 649
"../../../Engine/Binaries/Win64/Lumin/UE4Editor.modules" 650
"../../../Engine/Config/Android/BaseAndroidEngine.ini" 651
"../../../Engine/Config/Android/AndroidEngine.ini" 652
"../../../Engine/Config/Unix/UnixEngine.ini" 653
"../../../Engine/Config/Linux/LinuxEngine.ini" 654
"../../../Engine/Config/LinuxAArch64/LinuxAArch64Engine.ini" 655
"../../../Engine/Config/Lumin/LuminEngine.ini" 656
"../../../Engine/Config/Mac/BaseMacEngine.ini" 657
"../../../Engine/Config/Mac/MacEngine.ini" 658
"../../../Engine/Content/Localization/Editor/en/Editor.locres" 659
"../../../Engine/Content/Localization/EditorTutorials/en/EditorTutorials.locres" 660
"../../../Engine/Content/Localization/Keywords/en/Keywords.locres" 661
"../../../Engine/Content/Localization/Category/en/Category.locres" 662
"../../../Engine/Content/Localization/ToolTips/en/ToolTips.locres" 663
"../../../Engine/Content/Localization/PropertyNames/en/PropertyNames.locres" 664
"../../../Engine/Content/Localization/Engine/en/Engine.locres" 665
"../../../Engine/Plugins/Online/OnlineSubsystem/Content/Localization/OnlineSubsystem/en/OnlineSubsystem.locres" 666
"../../../Engine/Plugins/Online/OnlineSubsystemUtils/Content/Localization/OnlineSubsystemUtils/en/OnlineSubsystemUtils.locres" 667
"../../../Engine/Plugins/Online/Android/OnlineSubsystemGooglePlay/Content/Localization/OnlineSubsystemGooglePlay/en/OnlineSubsystemGooglePlay.locres" 668
"../../../Engine/Plugins/Online/IOS/OnlineSubsystemIOS/Content/Localization/OnlineSubsystemIOS/en/OnlineSubsystemIOS.locres" 669
"../../../Engine/Content/Internationalization/icudt64l/en_SE.res" 670
"../../../Engine/Content/Internationalization/icudt64l/en_150.res" 671
"../../../Engine/Content/Internationalization/icudt64l/en_001.res" 672
"../../../Engine/Content/Internationalization/icudt64l/numberingSystems.res" 673
"../../../Engine/Content/Internationalization/icudt64l/curr/supplementalData.res" 674
"../../../Engine/Content/Internationalization/icudt64l/curr/en_SE.res" 675
"../../../Engine/Content/Internationalization/icudt64l/curr/pool.res" 676
"../../../Engine/Content/Internationalization/icudt64l/curr/en_150.res" 677
"../../../Engine/Content/Internationalization/icudt64l/curr/en_001.res" 678
"../../../Engine/Content/Internationalization/icudt64l/curr/en.res" 679
"../../../Engine/Content/Internationalization/icudt64l/curr/root.res" 680
"../../../Engine/Content/Internationalization/icudt64l/lang/af.res" 681
"../../../Engine/Content/Internationalization/icudt64l/region/af.res" 682
"../../../Engine/Content/Internationalization/icudt64l/lang/agq.res" 683
"../../../Engine/Content/Internationalization/icudt64l/region/agq.res" 684
"../../../Engine/Content/Internationalization/icudt64l/lang/ak.res" 685
"../../../Engine/Content/Internationalization/icudt64l/region/ak.res" 686
"../../../Engine/Content/Internationalization/icudt64l/lang/am.res" 687
"../../../Engine/Content/Internationalization/icudt64l/region/am.res" 688
"../../../Engine/Content/Internationalization/icudt64l/lang/ar.res" 689
"../../../Engine/Content/Internationalization/icudt64l/region/ar.res" 690
"../../../Engine/Content/Internationalization/icudt64l/region/ar_AE.res" 691
"../../../Engine/Content/Internationalization/icudt64l/lang/ar_EG.res" 692
"../../../Engine/Content/Internationalization/icudt64l/lang/ar_LY.res" 693
"../../../Engine/Content/Internationalization/icudt64l/region/ar_LY.res" 694
"../../../Engine/Content/Internationalization/icudt64l/lang/ar_SA.res" 695
"../../../Engine/Content/Internationalization/icudt64l/region/ar_SA.res" 696
"../../../Engine/Content/Internationalization/icudt64l/lang/as.res" 697
"../../../Engine/Content/Internationalization/icudt64l/region/as.res" 698
"../../../Engine/Content/Internationalization/icudt64l/lang/asa.res" 699
"../../../Engine/Content/Internationalization/icudt64l/region/asa.res" 700
"../../../Engine/Content/Internationalization/icudt64l/lang/ast.res" 701
"../../../Engine/Content/Internationalization/icudt64l/region/ast.res" 702
"../../../Engine/Content/Internationalization/icudt64l/lang/az.res" 703
"../../../Engine/Content/Internationalization/icudt64l/lang/az_Cyrl.res" 704
"../../../Engine/Content/Internationalization/icudt64l/lang/az_AZ.res" 705
"../../../Engine/Content/Internationalization/icudt64l/lang/az_Latn_AZ.res" 706
"../../../Engine/Content/Internationalization/icudt64l/lang/az_Latn.res" 707
"../../../Engine/Content/Internationalization/icudt64l/region/az_AZ.res" 708
"../../../Engine/Content/Internationalization/icudt64l/region/az_Latn_AZ.res" 709
"../../../Engine/Content/Internationalization/icudt64l/region/az_Latn.res" 710
"../../../Engine/Content/Internationalization/icudt64l/region/az.res" 711
"../../../Engine/Content/Internationalization/icudt64l/region/az_Cyrl.res" 712
"../../../Engine/Content/Internationalization/icudt64l/lang/bas.res" 713
"../../../Engine/Content/Internationalization/icudt64l/region/bas.res" 714
"../../../Engine/Content/Internationalization/icudt64l/lang/be.res" 715
"../../../Engine/Content/Internationalization/icudt64l/region/be.res" 716
"../../../Engine/Content/Internationalization/icudt64l/lang/bem.res" 717
"../../../Engine/Content/Internationalization/icudt64l/region/bem.res" 718
"../../../Engine/Content/Internationalization/icudt64l/lang/bez.res" 719
"../../../Engine/Content/Internationalization/icudt64l/region/bez.res" 720
"../../../Engine/Content/Internationalization/icudt64l/lang/bg.res" 721
"../../../Engine/Content/Internationalization/icudt64l/region/bg.res" 722
"../../../Engine/Content/Internationalization/icudt64l/lang/bm.res" 723
"../../../Engine/Content/Internationalization/icudt64l/region/bm.res" 724
"../../../Engine/Content/Internationalization/icudt64l/lang/bn.res" 725
"../../../Engine/Content/Internationalization/icudt64l/region/bn.res" 726
"../../../Engine/Content/Internationalization/icudt64l/lang/bn_IN.res" 727
"../../../Engine/Content/Internationalization/icudt64l/region/bn_IN.res" 728
"../../../Engine/Content/Internationalization/icudt64l/lang/bo.res" 729
"../../../Engine/Content/Internationalization/icudt64l/region/bo.res" 730
"../../../Engine/Content/Internationalization/icudt64l/region/bo_IN.res" 731
"../../../Engine/Content/Internationalization/icudt64l/lang/br.res" 732
"../../../Engine/Content/Internationalization/icudt64l/region/br.res" 733
"../../../Engine/Content/Internationalization/icudt64l/lang/brx.res" 734
"../../../Engine/Content/Internationalization/icudt64l/region/brx.res" 735
"../../../Engine/Content/Internationalization/icudt64l/lang/bs.res" 736
"../../../Engine/Content/Internationalization/icudt64l/lang/bs_Cyrl.res" 737
"../../../Engine/Content/Internationalization/icudt64l/lang/bs_BA.res" 738
"../../../Engine/Content/Internationalization/icudt64l/lang/bs_Latn_BA.res" 739
"../../../Engine/Content/Internationalization/icudt64l/lang/bs_Latn.res" 740
"../../../Engine/Content/Internationalization/icudt64l/region/bs_BA.res" 741
"../../../Engine/Content/Internationalization/icudt64l/region/bs_Latn_BA.res" 742
"../../../Engine/Content/Internationalization/icudt64l/region/bs_Latn.res" 743
"../../../Engine/Content/Internationalization/icudt64l/region/bs.res" 744
"../../../Engine/Content/Internationalization/icudt64l/region/bs_Cyrl.res" 745
"../../../Engine/Content/Internationalization/icudt64l/lang/ca.res" 746
"../../../Engine/Content/Internationalization/icudt64l/region/ca.res" 747
"../../../Engine/Content/Internationalization/icudt64l/lang/ccp.res" 748
"../../../Engine/Content/Internationalization/icudt64l/region/ccp.res" 749
"../../../Engine/Content/Internationalization/icudt64l/lang/ce.res" 750
"../../../Engine/Content/Internationalization/icudt64l/region/ce.res" 751
"../../../Engine/Content/Internationalization/icudt64l/lang/ceb.res" 752
"../../../Engine/Content/Internationalization/icudt64l/region/ceb.res" 753
"../../../Engine/Content/Internationalization/icudt64l/lang/cgg.res" 754
"../../../Engine/Content/Internationalization/icudt64l/region/cgg.res" 755
"../../../Engine/Content/Internationalization/icudt64l/lang/chr.res" 756
"../../../Engine/Content/Internationalization/icudt64l/region/chr.res" 757
"../../../Engine/Content/Internationalization/icudt64l/lang/ckb.res" 758
"../../../Engine/Content/Internationalization/icudt64l/region/ckb.res" 759
"../../../Engine/Content/Internationalization/icudt64l/lang/cs.res" 760
"../../../Engine/Content/Internationalization/icudt64l/region/cs.res" 761
"../../../Engine/Content/Internationalization/icudt64l/lang/cy.res" 762
"../../../Engine/Content/Internationalization/icudt64l/region/cy.res" 763
"../../../Engine/Content/Internationalization/icudt64l/lang/da.res" 764
"../../../Engine/Content/Internationalization/icudt64l/region/da.res" 765
"../../../Engine/Content/Internationalization/icudt64l/lang/dav.res" 766
"../../../Engine/Content/Internationalization/icudt64l/region/dav.res" 767
"../../../Engine/Content/Internationalization/icudt64l/lang/de.res" 768
"../../../Engine/Content/Internationalization/icudt64l/lang/de_AT.res" 769
"../../../Engine/Content/Internationalization/icudt64l/region/de_AT.res" 770
"../../../Engine/Content/Internationalization/icudt64l/region/de.res" 771
"../../../Engine/Content/Internationalization/icudt64l/lang/de_CH.res" 772
"../../../Engine/Content/Internationalization/icudt64l/region/de_CH.res" 773
"../../../Engine/Content/Internationalization/icudt64l/lang/de_LU.res" 774
"../../../Engine/Content/Internationalization/icudt64l/lang/dje.res" 775
"../../../Engine/Content/Internationalization/icudt64l/region/dje.res" 776
"../../../Engine/Content/Internationalization/icudt64l/lang/dsb.res" 777
"../../../Engine/Content/Internationalization/icudt64l/region/dsb.res" 778
"../../../Engine/Content/Internationalization/icudt64l/lang/dua.res" 779
"../../../Engine/Content/Internationalization/icudt64l/region/dua.res" 780
"../../../Engine/Content/Internationalization/icudt64l/lang/dyo.res" 781
"../../../Engine/Content/Internationalization/icudt64l/region/dyo.res" 782
"../../../Engine/Content/Internationalization/icudt64l/lang/dz.res" 783
"../../../Engine/Content/Internationalization/icudt64l/region/dz.res" 784
"../../../Engine/Content/Internationalization/icudt64l/lang/ebu.res" 785
"../../../Engine/Content/Internationalization/icudt64l/region/ebu.res" 786
"../../../Engine/Content/Internationalization/icudt64l/lang/ee.res" 787
"../../../Engine/Content/Internationalization/icudt64l/region/ee.res" 788
"../../../Engine/Content/Internationalization/icudt64l/lang/el.res" 789
"../../../Engine/Content/Internationalization/icudt64l/region/el.res" 790
"../../../Engine/Content/Internationalization/icudt64l/lang/en_AG.res" 791
"../../../Engine/Content/Internationalization/icudt64l/region/en_AG.res" 792
"../../../Engine/Content/Internationalization/icudt64l/lang/en_AI.res" 793
"../../../Engine/Content/Internationalization/icudt64l/region/en_AI.res" 794
"../../../Engine/Content/Internationalization/icudt64l/lang/en_AT.res" 795
"../../../Engine/Content/Internationalization/icudt64l/region/en_AT.res" 796
"../../../Engine/Content/Internationalization/icudt64l/lang/en_AU.res" 797
"../../../Engine/Content/Internationalization/icudt64l/region/en_AU.res" 798
"../../../Engine/Content/Internationalization/icudt64l/lang/en_BB.res" 799
"../../../Engine/Content/Internationalization/icudt64l/region/en_BB.res" 800
"../../../Engine/Content/Internationalization/icudt64l/lang/en_BE.res" 801
"../../../Engine/Content/Internationalization/icudt64l/region/en_BE.res" 802
"../../../Engine/Content/Internationalization/icudt64l/lang/en_BM.res" 803
"../../../Engine/Content/Internationalization/icudt64l/region/en_BM.res" 804
"../../../Engine/Content/Internationalization/icudt64l/lang/en_BS.res" 805
"../../../Engine/Content/Internationalization/icudt64l/region/en_BS.res" 806
"../../../Engine/Content/Internationalization/icudt64l/lang/en_BW.res" 807
"../../../Engine/Content/Internationalization/icudt64l/region/en_BW.res" 808
"../../../Engine/Content/Internationalization/icudt64l/lang/en_BZ.res" 809
"../../../Engine/Content/Internationalization/icudt64l/region/en_BZ.res" 810
"../../../Engine/Content/Internationalization/icudt64l/lang/en_CA.res" 811
"../../../Engine/Content/Internationalization/icudt64l/region/en_CA.res" 812
"../../../Engine/Content/Internationalization/icudt64l/lang/en_CC.res" 813
"../../../Engine/Content/Internationalization/icudt64l/region/en_CC.res" 814
"../../../Engine/Content/Internationalization/icudt64l/lang/en_CH.res" 815
"../../../Engine/Content/Internationalization/icudt64l/region/en_CH.res" 816
"../../../Engine/Content/Internationalization/icudt64l/lang/en_CK.res" 817
"../../../Engine/Content/Internationalization/icudt64l/region/en_CK.res" 818
"../../../Engine/Content/Internationalization/icudt64l/lang/en_CM.res" 819
"../../../Engine/Content/Internationalization/icudt64l/region/en_CM.res" 820
"../../../Engine/Content/Internationalization/icudt64l/lang/en_CX.res" 821
"../../../Engine/Content/Internationalization/icudt64l/region/en_CX.res" 822
"../../../Engine/Content/Internationalization/icudt64l/lang/en_CY.res" 823
"../../../Engine/Content/Internationalization/icudt64l/region/en_CY.res" 824
"../../../Engine/Content/Internationalization/icudt64l/lang/en_DE.res" 825
"../../../Engine/Content/Internationalization/icudt64l/region/en_DE.res" 826
"../../../Engine/Content/Internationalization/icudt64l/lang/en_DG.res" 827
"../../../Engine/Content/Internationalization/icudt64l/region/en_DG.res" 828
"../../../Engine/Content/Internationalization/icudt64l/lang/en_DK.res" 829
"../../../Engine/Content/Internationalization/icudt64l/region/en_DK.res" 830
"../../../Engine/Content/Internationalization/icudt64l/lang/en_DM.res" 831
"../../../Engine/Content/Internationalization/icudt64l/region/en_DM.res" 832
"../../../Engine/Content/Internationalization/icudt64l/lang/en_ER.res" 833
"../../../Engine/Content/Internationalization/icudt64l/region/en_ER.res" 834
"../../../Engine/Content/Internationalization/icudt64l/lang/en_FI.res" 835
"../../../Engine/Content/Internationalization/icudt64l/region/en_FI.res" 836
"../../../Engine/Content/Internationalization/icudt64l/lang/en_FJ.res" 837
"../../../Engine/Content/Internationalization/icudt64l/region/en_FJ.res" 838
"../../../Engine/Content/Internationalization/icudt64l/lang/en_FK.res" 839
"../../../Engine/Content/Internationalization/icudt64l/region/en_FK.res" 840
"../../../Engine/Content/Internationalization/icudt64l/lang/en_FM.res" 841
"../../../Engine/Content/Internationalization/icudt64l/region/en_FM.res" 842
"../../../Engine/Content/Internationalization/icudt64l/lang/en_GB.res" 843
"../../../Engine/Content/Internationalization/icudt64l/region/en_GB.res" 844
"../../../Engine/Content/Internationalization/icudt64l/lang/en_GD.res" 845
"../../../Engine/Content/Internationalization/icudt64l/region/en_GD.res" 846
"../../../Engine/Content/Internationalization/icudt64l/lang/en_GG.res" 847
"../../../Engine/Content/Internationalization/icudt64l/region/en_GG.res" 848
"../../../Engine/Content/Internationalization/icudt64l/lang/en_GH.res" 849
"../../../Engine/Content/Internationalization/icudt64l/region/en_GH.res" 850
"../../../Engine/Content/Internationalization/icudt64l/lang/en_GI.res" 851
"../../../Engine/Content/Internationalization/icudt64l/region/en_GI.res" 852
"../../../Engine/Content/Internationalization/icudt64l/lang/en_GM.res" 853
"../../../Engine/Content/Internationalization/icudt64l/region/en_GM.res" 854
"../../../Engine/Content/Internationalization/icudt64l/lang/en_GY.res" 855
"../../../Engine/Content/Internationalization/icudt64l/region/en_GY.res" 856
"../../../Engine/Content/Internationalization/icudt64l/lang/en_HK.res" 857
"../../../Engine/Content/Internationalization/icudt64l/region/en_HK.res" 858
"../../../Engine/Content/Internationalization/icudt64l/lang/en_IE.res" 859
"../../../Engine/Content/Internationalization/icudt64l/region/en_IE.res" 860
"../../../Engine/Content/Internationalization/icudt64l/lang/en_IL.res" 861
"../../../Engine/Content/Internationalization/icudt64l/region/en_IL.res" 862
"../../../Engine/Content/Internationalization/icudt64l/lang/en_IM.res" 863
"../../../Engine/Content/Internationalization/icudt64l/region/en_IM.res" 864
"../../../Engine/Content/Internationalization/icudt64l/lang/en_IN.res" 865
"../../../Engine/Content/Internationalization/icudt64l/region/en_IN.res" 866
"../../../Engine/Content/Internationalization/icudt64l/lang/en_IO.res" 867
"../../../Engine/Content/Internationalization/icudt64l/region/en_IO.res" 868
"../../../Engine/Content/Internationalization/icudt64l/lang/en_JE.res" 869
"../../../Engine/Content/Internationalization/icudt64l/region/en_JE.res" 870
"../../../Engine/Content/Internationalization/icudt64l/lang/en_JM.res" 871
"../../../Engine/Content/Internationalization/icudt64l/region/en_JM.res" 872
"../../../Engine/Content/Internationalization/icudt64l/lang/en_KE.res" 873
"../../../Engine/Content/Internationalization/icudt64l/region/en_KE.res" 874
"../../../Engine/Content/Internationalization/icudt64l/lang/en_KI.res" 875
"../../../Engine/Content/Internationalization/icudt64l/region/en_KI.res" 876
"../../../Engine/Content/Internationalization/icudt64l/lang/en_KN.res" 877
"../../../Engine/Content/Internationalization/icudt64l/region/en_KN.res" 878
"../../../Engine/Content/Internationalization/icudt64l/lang/en_KY.res" 879
"../../../Engine/Content/Internationalization/icudt64l/region/en_KY.res" 880
"../../../Engine/Content/Internationalization/icudt64l/lang/en_LC.res" 881
"../../../Engine/Content/Internationalization/icudt64l/region/en_LC.res" 882
"../../../Engine/Content/Internationalization/icudt64l/lang/en_LR.res" 883
"../../../Engine/Content/Internationalization/icudt64l/region/en_LR.res" 884
"../../../Engine/Content/Internationalization/icudt64l/lang/en_LS.res" 885
"../../../Engine/Content/Internationalization/icudt64l/region/en_LS.res" 886
"../../../Engine/Content/Internationalization/icudt64l/lang/en_MG.res" 887
"../../../Engine/Content/Internationalization/icudt64l/region/en_MG.res" 888
"../../../Engine/Content/Internationalization/icudt64l/lang/en_MO.res" 889
"../../../Engine/Content/Internationalization/icudt64l/region/en_MO.res" 890
"../../../Engine/Content/Internationalization/icudt64l/lang/en_MS.res" 891
"../../../Engine/Content/Internationalization/icudt64l/region/en_MS.res" 892
"../../../Engine/Content/Internationalization/icudt64l/lang/en_MT.res" 893
"../../../Engine/Content/Internationalization/icudt64l/region/en_MT.res" 894
"../../../Engine/Content/Internationalization/icudt64l/lang/en_MU.res" 895
"../../../Engine/Content/Internationalization/icudt64l/region/en_MU.res" 896
"../../../Engine/Content/Internationalization/icudt64l/lang/en_MW.res" 897
"../../../Engine/Content/Internationalization/icudt64l/region/en_MW.res" 898
"../../../Engine/Content/Internationalization/icudt64l/lang/en_MY.res" 899
"../../../Engine/Content/Internationalization/icudt64l/region/en_MY.res" 900
"../../../Engine/Content/Internationalization/icudt64l/lang/en_NA.res" 901
"../../../Engine/Content/Internationalization/icudt64l/region/en_NA.res" 902
"../../../Engine/Content/Internationalization/icudt64l/lang/en_NF.res" 903
"../../../Engine/Content/Internationalization/icudt64l/region/en_NF.res" 904
"../../../Engine/Content/Internationalization/icudt64l/lang/en_NG.res" 905
"../../../Engine/Content/Internationalization/icudt64l/region/en_NG.res" 906
"../../../Engine/Content/Internationalization/icudt64l/lang/en_NL.res" 907
"../../../Engine/Content/Internationalization/icudt64l/region/en_NL.res" 908
"../../../Engine/Content/Internationalization/icudt64l/lang/en_NR.res" 909
"../../../Engine/Content/Internationalization/icudt64l/region/en_NR.res" 910
"../../../Engine/Content/Internationalization/icudt64l/lang/en_NU.res" 911
"../../../Engine/Content/Internationalization/icudt64l/region/en_NU.res" 912
"../../../Engine/Content/Internationalization/icudt64l/lang/en_NZ.res" 913
"../../../Engine/Content/Internationalization/icudt64l/region/en_NZ.res" 914
"../../../Engine/Content/Internationalization/icudt64l/lang/en_PG.res" 915
"../../../Engine/Content/Internationalization/icudt64l/region/en_PG.res" 916
"../../../Engine/Content/Internationalization/icudt64l/lang/en_PH.res" 917
"../../../Engine/Content/Internationalization/icudt64l/region/en_PH.res" 918
"../../../Engine/Content/Internationalization/icudt64l/lang/en_PK.res" 919
"../../../Engine/Content/Internationalization/icudt64l/region/en_PK.res" 920
"../../../Engine/Content/Internationalization/icudt64l/lang/en_PN.res" 921
"../../../Engine/Content/Internationalization/icudt64l/region/en_PN.res" 922
"../../../Engine/Content/Internationalization/icudt64l/lang/en_PW.res" 923
"../../../Engine/Content/Internationalization/icudt64l/region/en_PW.res" 924
"../../../Engine/Content/Internationalization/icudt64l/lang/en_RW.res" 925
"../../../Engine/Content/Internationalization/icudt64l/region/en_RW.res" 926
"../../../Engine/Content/Internationalization/icudt64l/lang/en_SB.res" 927
"../../../Engine/Content/Internationalization/icudt64l/region/en_SB.res" 928
"../../../Engine/Content/Internationalization/icudt64l/lang/en_SC.res" 929
"../../../Engine/Content/Internationalization/icudt64l/region/en_SC.res" 930
"../../../Engine/Content/Internationalization/icudt64l/lang/en_SD.res" 931
"../../../Engine/Content/Internationalization/icudt64l/region/en_SD.res" 932
"../../../Engine/Content/Internationalization/icudt64l/lang/en_SG.res" 933
"../../../Engine/Content/Internationalization/icudt64l/region/en_SG.res" 934
"../../../Engine/Content/Internationalization/icudt64l/lang/en_SH.res" 935
"../../../Engine/Content/Internationalization/icudt64l/region/en_SH.res" 936
"../../../Engine/Content/Internationalization/icudt64l/lang/en_SI.res" 937
"../../../Engine/Content/Internationalization/icudt64l/region/en_SI.res" 938
"../../../Engine/Content/Internationalization/icudt64l/lang/en_SL.res" 939
"../../../Engine/Content/Internationalization/icudt64l/region/en_SL.res" 940
"../../../Engine/Content/Internationalization/icudt64l/lang/en_SS.res" 941
"../../../Engine/Content/Internationalization/icudt64l/region/en_SS.res" 942
"../../../Engine/Content/Internationalization/icudt64l/lang/en_SX.res" 943
"../../../Engine/Content/Internationalization/icudt64l/region/en_SX.res" 944
"../../../Engine/Content/Internationalization/icudt64l/lang/en_SZ.res" 945
"../../../Engine/Content/Internationalization/icudt64l/region/en_SZ.res" 946
"../../../Engine/Content/Internationalization/icudt64l/lang/en_TC.res" 947
"../../../Engine/Content/Internationalization/icudt64l/region/en_TC.res" 948
"../../../Engine/Content/Internationalization/icudt64l/lang/en_TK.res" 949
"../../../Engine/Content/Internationalization/icudt64l/region/en_TK.res" 950
"../../../Engine/Content/Internationalization/icudt64l/lang/en_TO.res" 951
"../../../Engine/Content/Internationalization/icudt64l/region/en_TO.res" 952
"../../../Engine/Content/Internationalization/icudt64l/lang/en_TT.res" 953
"../../../Engine/Content/Internationalization/icudt64l/region/en_TT.res" 954
"../../../Engine/Content/Internationalization/icudt64l/lang/en_TV.res" 955
"../../../Engine/Content/Internationalization/icudt64l/region/en_TV.res" 956
"../../../Engine/Content/Internationalization/icudt64l/lang/en_TZ.res" 957
"../../../Engine/Content/Internationalization/icudt64l/region/en_TZ.res" 958
"../../../Engine/Content/Internationalization/icudt64l/lang/en_UG.res" 959
"../../../Engine/Content/Internationalization/icudt64l/region/en_UG.res" 960
"../../../Engine/Content/Internationalization/icudt64l/lang/en_VC.res" 961
"../../../Engine/Content/Internationalization/icudt64l/region/en_VC.res" 962
"../../../Engine/Content/Internationalization/icudt64l/lang/en_VG.res" 963
"../../../Engine/Content/Internationalization/icudt64l/region/en_VG.res" 964
"../../../Engine/Content/Internationalization/icudt64l/lang/en_VU.res" 965
"../../../Engine/Content/Internationalization/icudt64l/region/en_VU.res" 966
"../../../Engine/Content/Internationalization/icudt64l/lang/en_WS.res" 967
"../../../Engine/Content/Internationalization/icudt64l/region/en_WS.res" 968
"../../../Engine/Content/Internationalization/icudt64l/lang/en_ZA.res" 969
"../../../Engine/Content/Internationalization/icudt64l/region/en_ZA.res" 970
"../../../Engine/Content/Internationalization/icudt64l/lang/en_ZM.res" 971
"../../../Engine/Content/Internationalization/icudt64l/region/en_ZM.res" 972
"../../../Engine/Content/Internationalization/icudt64l/lang/en_ZW.res" 973
"../../../Engine/Content/Internationalization/icudt64l/region/en_ZW.res" 974
"../../../Engine/Content/Internationalization/icudt64l/lang/eo.res" 975
"../../../Engine/Content/Internationalization/icudt64l/region/eo.res" 976
"../../../Engine/Content/Internationalization/icudt64l/lang/es.res" 977
"../../../Engine/Content/Internationalization/icudt64l/lang/es_419.res" 978
"../../../Engine/Content/Internationalization/icudt64l/region/es_419.res" 979
"../../../Engine/Content/Internationalization/icudt64l/region/es.res" 980
"../../../Engine/Content/Internationalization/icudt64l/lang/es_AR.res" 981
"../../../Engine/Content/Internationalization/icudt64l/region/es_AR.res" 982
"../../../Engine/Content/Internationalization/icudt64l/lang/es_BO.res" 983
"../../../Engine/Content/Internationalization/icudt64l/region/es_BO.res" 984
"../../../Engine/Content/Internationalization/icudt64l/lang/es_BR.res" 985
"../../../Engine/Content/Internationalization/icudt64l/region/es_BR.res" 986
"../../../Engine/Content/Internationalization/icudt64l/lang/es_BZ.res" 987
"../../../Engine/Content/Internationalization/icudt64l/region/es_BZ.res" 988
"../../../Engine/Content/Internationalization/icudt64l/lang/es_CL.res" 989
"../../../Engine/Content/Internationalization/icudt64l/region/es_CL.res" 990
"../../../Engine/Content/Internationalization/icudt64l/lang/es_CO.res" 991
"../../../Engine/Content/Internationalization/icudt64l/region/es_CO.res" 992
"../../../Engine/Content/Internationalization/icudt64l/lang/es_CR.res" 993
"../../../Engine/Content/Internationalization/icudt64l/region/es_CR.res" 994
"../../../Engine/Content/Internationalization/icudt64l/lang/es_CU.res" 995
"../../../Engine/Content/Internationalization/icudt64l/region/es_CU.res" 996
"../../../Engine/Content/Internationalization/icudt64l/lang/es_DO.res" 997
"../../../Engine/Content/Internationalization/icudt64l/region/es_DO.res" 998
"../../../Engine/Content/Internationalization/icudt64l/lang/es_EC.res" 999
"../../../Engine/Content/Internationalization/icudt64l/region/es_EC.res" 1000
"../../../Engine/Content/Internationalization/icudt64l/lang/es_GT.res" 1001
"../../../Engine/Content/Internationalization/icudt64l/region/es_GT.res" 1002
"../../../Engine/Content/Internationalization/icudt64l/lang/es_HN.res" 1003
"../../../Engine/Content/Internationalization/icudt64l/region/es_HN.res" 1004
"../../../Engine/Content/Internationalization/icudt64l/lang/es_MX.res" 1005
"../../../Engine/Content/Internationalization/icudt64l/region/es_MX.res" 1006
"../../../Engine/Content/Internationalization/icudt64l/lang/es_NI.res" 1007
"../../../Engine/Content/Internationalization/icudt64l/region/es_NI.res" 1008
"../../../Engine/Content/Internationalization/icudt64l/lang/es_PA.res" 1009
"../../../Engine/Content/Internationalization/icudt64l/region/es_PA.res" 1010
"../../../Engine/Content/Internationalization/icudt64l/lang/es_PE.res" 1011
"../../../Engine/Content/Internationalization/icudt64l/region/es_PE.res" 1012
"../../../Engine/Content/Internationalization/icudt64l/lang/es_PR.res" 1013
"../../../Engine/Content/Internationalization/icudt64l/region/es_PR.res" 1014
"../../../Engine/Content/Internationalization/icudt64l/lang/es_PY.res" 1015
"../../../Engine/Content/Internationalization/icudt64l/region/es_PY.res" 1016
"../../../Engine/Content/Internationalization/icudt64l/lang/es_SV.res" 1017
"../../../Engine/Content/Internationalization/icudt64l/region/es_SV.res" 1018
"../../../Engine/Content/Internationalization/icudt64l/lang/es_US.res" 1019
"../../../Engine/Content/Internationalization/icudt64l/region/es_US.res" 1020
"../../../Engine/Content/Internationalization/icudt64l/lang/es_UY.res" 1021
"../../../Engine/Content/Internationalization/icudt64l/region/es_UY.res" 1022
"../../../Engine/Content/Internationalization/icudt64l/lang/es_VE.res" 1023
"../../../Engine/Content/Internationalization/icudt64l/region/es_VE.res" 1024
"../../../Engine/Content/Internationalization/icudt64l/lang/et.res" 1025
"../../../Engine/Content/Internationalization/icudt64l/region/et.res" 1026
"../../../Engine/Content/Internationalization/icudt64l/lang/eu.res" 1027
"../../../Engine/Content/Internationalization/icudt64l/region/eu.res" 1028
"../../../Engine/Content/Internationalization/icudt64l/lang/ewo.res" 1029
"../../../Engine/Content/Internationalization/icudt64l/region/ewo.res" 1030
"../../../Engine/Content/Internationalization/icudt64l/lang/fa.res" 1031
"../../../Engine/Content/Internationalization/icudt64l/lang/fa_AF.res" 1032
"../../../Engine/Content/Internationalization/icudt64l/region/fa_AF.res" 1033
"../../../Engine/Content/Internationalization/icudt64l/region/fa.res" 1034
"../../../Engine/Content/Internationalization/icudt64l/lang/ff.res" 1035
"../../../Engine/Content/Internationalization/icudt64l/lang/ff_Latn.res" 1036
"../../../Engine/Content/Internationalization/icudt64l/region/ff.res" 1037
"../../../Engine/Content/Internationalization/icudt64l/region/ff_Latn.res" 1038
"../../../Engine/Content/Internationalization/icudt64l/lang/ff_CM.res" 1039
"../../../Engine/Content/Internationalization/icudt64l/lang/ff_Latn_CM.res" 1040
"../../../Engine/Content/Internationalization/icudt64l/region/ff_CM.res" 1041
"../../../Engine/Content/Internationalization/icudt64l/region/ff_Latn_CM.res" 1042
"../../../Engine/Content/Internationalization/icudt64l/lang/ff_GN.res" 1043
"../../../Engine/Content/Internationalization/icudt64l/lang/ff_Latn_GN.res" 1044
"../../../Engine/Content/Internationalization/icudt64l/region/ff_GN.res" 1045
"../../../Engine/Content/Internationalization/icudt64l/region/ff_Latn_GN.res" 1046
"../../../Engine/Content/Internationalization/icudt64l/lang/ff_MR.res" 1047
"../../../Engine/Content/Internationalization/icudt64l/lang/ff_Latn_MR.res" 1048
"../../../Engine/Content/Internationalization/icudt64l/region/ff_MR.res" 1049
"../../../Engine/Content/Internationalization/icudt64l/region/ff_Latn_MR.res" 1050
"../../../Engine/Content/Internationalization/icudt64l/lang/ff_SN.res" 1051
"../../../Engine/Content/Internationalization/icudt64l/lang/ff_Latn_SN.res" 1052
"../../../Engine/Content/Internationalization/icudt64l/region/ff_SN.res" 1053
"../../../Engine/Content/Internationalization/icudt64l/region/ff_Latn_SN.res" 1054
"../../../Engine/Content/Internationalization/icudt64l/lang/fi.res" 1055
"../../../Engine/Content/Internationalization/icudt64l/region/fi.res" 1056
"../../../Engine/Content/Internationalization/icudt64l/lang/fil.res" 1057
"../../../Engine/Content/Internationalization/icudt64l/lang/fil_PH.res" 1058
"../../../Engine/Content/Internationalization/icudt64l/region/fil_PH.res" 1059
"../../../Engine/Content/Internationalization/icudt64l/region/fil.res" 1060
"../../../Engine/Content/Internationalization/icudt64l/lang/fo.res" 1061
"../../../Engine/Content/Internationalization/icudt64l/region/fo.res" 1062
"../../../Engine/Content/Internationalization/icudt64l/lang/fr.res" 1063
"../../../Engine/Content/Internationalization/icudt64l/lang/fr_BE.res" 1064
"../../../Engine/Content/Internationalization/icudt64l/region/fr_BE.res" 1065
"../../../Engine/Content/Internationalization/icudt64l/region/fr.res" 1066
"../../../Engine/Content/Internationalization/icudt64l/lang/fr_CA.res" 1067
"../../../Engine/Content/Internationalization/icudt64l/region/fr_CA.res" 1068
"../../../Engine/Content/Internationalization/icudt64l/lang/fr_CH.res" 1069
"../../../Engine/Content/Internationalization/icudt64l/lang/fur.res" 1070
"../../../Engine/Content/Internationalization/icudt64l/region/fur.res" 1071
"../../../Engine/Content/Internationalization/icudt64l/lang/fy.res" 1072
"../../../Engine/Content/Internationalization/icudt64l/region/fy.res" 1073
"../../../Engine/Content/Internationalization/icudt64l/lang/ga.res" 1074
"../../../Engine/Content/Internationalization/icudt64l/region/ga.res" 1075
"../../../Engine/Content/Internationalization/icudt64l/lang/gd.res" 1076
"../../../Engine/Content/Internationalization/icudt64l/region/gd.res" 1077
"../../../Engine/Content/Internationalization/icudt64l/lang/gl.res" 1078
"../../../Engine/Content/Internationalization/icudt64l/region/gl.res" 1079
"../../../Engine/Content/Internationalization/icudt64l/lang/gsw.res" 1080
"../../../Engine/Content/Internationalization/icudt64l/region/gsw.res" 1081
"../../../Engine/Content/Internationalization/icudt64l/lang/gu.res" 1082
"../../../Engine/Content/Internationalization/icudt64l/region/gu.res" 1083
"../../../Engine/Content/Internationalization/icudt64l/lang/guz.res" 1084
"../../../Engine/Content/Internationalization/icudt64l/region/guz.res" 1085
"../../../Engine/Content/Internationalization/icudt64l/lang/gv.res" 1086
"../../../Engine/Content/Internationalization/icudt64l/region/gv.res" 1087
"../../../Engine/Content/Internationalization/icudt64l/lang/ha.res" 1088
"../../../Engine/Content/Internationalization/icudt64l/region/ha.res" 1089
"../../../Engine/Content/Internationalization/icudt64l/lang/ha_NE.res" 1090
"../../../Engine/Content/Internationalization/icudt64l/region/ha_NE.res" 1091
"../../../Engine/Content/Internationalization/icudt64l/lang/haw.res" 1092
"../../../Engine/Content/Internationalization/icudt64l/region/haw.res" 1093
"../../../Engine/Content/Internationalization/icudt64l/lang/he.res" 1094
"../../../Engine/Content/Internationalization/icudt64l/lang/he_IL.res" 1095
"../../../Engine/Content/Internationalization/icudt64l/region/he_IL.res" 1096
"../../../Engine/Content/Internationalization/icudt64l/region/he.res" 1097
"../../../Engine/Content/Internationalization/icudt64l/lang/hi.res" 1098
"../../../Engine/Content/Internationalization/icudt64l/region/hi.res" 1099
"../../../Engine/Content/Internationalization/icudt64l/lang/hr.res" 1100
"../../../Engine/Content/Internationalization/icudt64l/region/hr.res" 1101
"../../../Engine/Content/Internationalization/icudt64l/lang/hsb.res" 1102
"../../../Engine/Content/Internationalization/icudt64l/region/hsb.res" 1103
"../../../Engine/Content/Internationalization/icudt64l/lang/hu.res" 1104
"../../../Engine/Content/Internationalization/icudt64l/region/hu.res" 1105
"../../../Engine/Content/Internationalization/icudt64l/lang/hy.res" 1106
"../../../Engine/Content/Internationalization/icudt64l/region/hy.res" 1107
"../../../Engine/Content/Internationalization/icudt64l/lang/ia.res" 1108
"../../../Engine/Content/Internationalization/icudt64l/region/ia.res" 1109
"../../../Engine/Content/Internationalization/icudt64l/lang/id.res" 1110
"../../../Engine/Content/Internationalization/icudt64l/lang/id_ID.res" 1111
"../../../Engine/Content/Internationalization/icudt64l/region/id_ID.res" 1112
"../../../Engine/Content/Internationalization/icudt64l/region/id.res" 1113
"../../../Engine/Content/Internationalization/icudt64l/lang/ig.res" 1114
"../../../Engine/Content/Internationalization/icudt64l/region/ig.res" 1115
"../../../Engine/Content/Internationalization/icudt64l/lang/ii.res" 1116
"../../../Engine/Content/Internationalization/icudt64l/region/ii.res" 1117
"../../../Engine/Content/Internationalization/icudt64l/lang/is.res" 1118
"../../../Engine/Content/Internationalization/icudt64l/region/is.res" 1119
"../../../Engine/Content/Internationalization/icudt64l/lang/it.res" 1120
"../../../Engine/Content/Internationalization/icudt64l/region/it.res" 1121
"../../../Engine/Content/Internationalization/icudt64l/lang/ja.res" 1122
"../../../Engine/Content/Internationalization/icudt64l/lang/ja_JP.res" 1123
"../../../Engine/Content/Internationalization/icudt64l/region/ja_JP.res" 1124
"../../../Engine/Content/Internationalization/icudt64l/region/ja.res" 1125
"../../../Engine/Content/Internationalization/icudt64l/lang/jgo.res" 1126
"../../../Engine/Content/Internationalization/icudt64l/region/jgo.res" 1127
"../../../Engine/Content/Internationalization/icudt64l/lang/jmc.res" 1128
"../../../Engine/Content/Internationalization/icudt64l/region/jmc.res" 1129
"../../../Engine/Content/Internationalization/icudt64l/lang/jv.res" 1130
"../../../Engine/Content/Internationalization/icudt64l/region/jv.res" 1131
"../../../Engine/Content/Internationalization/icudt64l/lang/ka.res" 1132
"../../../Engine/Content/Internationalization/icudt64l/region/ka.res" 1133
"../../../Engine/Content/Internationalization/icudt64l/lang/kab.res" 1134
"../../../Engine/Content/Internationalization/icudt64l/region/kab.res" 1135
"../../../Engine/Content/Internationalization/icudt64l/lang/kam.res" 1136
"../../../Engine/Content/Internationalization/icudt64l/region/kam.res" 1137
"../../../Engine/Content/Internationalization/icudt64l/lang/kde.res" 1138
"../../../Engine/Content/Internationalization/icudt64l/region/kde.res" 1139
"../../../Engine/Content/Internationalization/icudt64l/lang/kea.res" 1140
"../../../Engine/Content/Internationalization/icudt64l/region/kea.res" 1141
"../../../Engine/Content/Internationalization/icudt64l/lang/khq.res" 1142
"../../../Engine/Content/Internationalization/icudt64l/region/khq.res" 1143
"../../../Engine/Content/Internationalization/icudt64l/lang/ki.res" 1144
"../../../Engine/Content/Internationalization/icudt64l/region/ki.res" 1145
"../../../Engine/Content/Internationalization/icudt64l/lang/kk.res" 1146
"../../../Engine/Content/Internationalization/icudt64l/region/kk.res" 1147
"../../../Engine/Content/Internationalization/icudt64l/lang/kkj.res" 1148
"../../../Engine/Content/Internationalization/icudt64l/region/kkj.res" 1149
"../../../Engine/Content/Internationalization/icudt64l/lang/kl.res" 1150
"../../../Engine/Content/Internationalization/icudt64l/region/kl.res" 1151
"../../../Engine/Content/Internationalization/icudt64l/lang/kln.res" 1152
"../../../Engine/Content/Internationalization/icudt64l/region/kln.res" 1153
"../../../Engine/Content/Internationalization/icudt64l/lang/km.res" 1154
"../../../Engine/Content/Internationalization/icudt64l/region/km.res" 1155
"../../../Engine/Content/Internationalization/icudt64l/lang/kn.res" 1156
"../../../Engine/Content/Internationalization/icudt64l/region/kn.res" 1157
"../../../Engine/Content/Internationalization/icudt64l/lang/ko.res" 1158
"../../../Engine/Content/Internationalization/icudt64l/region/ko_KP.res" 1159
"../../../Engine/Content/Internationalization/icudt64l/region/ko.res" 1160
"../../../Engine/Content/Internationalization/icudt64l/lang/kok.res" 1161
"../../../Engine/Content/Internationalization/icudt64l/region/kok.res" 1162
"../../../Engine/Content/Internationalization/icudt64l/lang/ks.res" 1163
"../../../Engine/Content/Internationalization/icudt64l/region/ks.res" 1164
"../../../Engine/Content/Internationalization/icudt64l/lang/ksb.res" 1165
"../../../Engine/Content/Internationalization/icudt64l/region/ksb.res" 1166
"../../../Engine/Content/Internationalization/icudt64l/lang/ksf.res" 1167
"../../../Engine/Content/Internationalization/icudt64l/region/ksf.res" 1168
"../../../Engine/Content/Internationalization/icudt64l/lang/ksh.res" 1169
"../../../Engine/Content/Internationalization/icudt64l/region/ksh.res" 1170
"../../../Engine/Content/Internationalization/icudt64l/lang/ku.res" 1171
"../../../Engine/Content/Internationalization/icudt64l/region/ku.res" 1172
"../../../Engine/Content/Internationalization/icudt64l/lang/kw.res" 1173
"../../../Engine/Content/Internationalization/icudt64l/region/kw.res" 1174
"../../../Engine/Content/Internationalization/icudt64l/lang/ky.res" 1175
"../../../Engine/Content/Internationalization/icudt64l/region/ky.res" 1176
"../../../Engine/Content/Internationalization/icudt64l/lang/lag.res" 1177
"../../../Engine/Content/Internationalization/icudt64l/region/lag.res" 1178
"../../../Engine/Content/Internationalization/icudt64l/lang/lb.res" 1179
"../../../Engine/Content/Internationalization/icudt64l/region/lb.res" 1180
"../../../Engine/Content/Internationalization/icudt64l/lang/lg.res" 1181
"../../../Engine/Content/Internationalization/icudt64l/region/lg.res" 1182
"../../../Engine/Content/Internationalization/icudt64l/lang/lkt.res" 1183
"../../../Engine/Content/Internationalization/icudt64l/region/lkt.res" 1184
"../../../Engine/Content/Internationalization/icudt64l/lang/ln.res" 1185
"../../../Engine/Content/Internationalization/icudt64l/region/ln.res" 1186
"../../../Engine/Content/Internationalization/icudt64l/lang/lo.res" 1187
"../../../Engine/Content/Internationalization/icudt64l/region/lo.res" 1188
"../../../Engine/Content/Internationalization/icudt64l/lang/lrc.res" 1189
"../../../Engine/Content/Internationalization/icudt64l/region/lrc.res" 1190
"../../../Engine/Content/Internationalization/icudt64l/lang/lt.res" 1191
"../../../Engine/Content/Internationalization/icudt64l/region/lt.res" 1192
"../../../Engine/Content/Internationalization/icudt64l/lang/lu.res" 1193
"../../../Engine/Content/Internationalization/icudt64l/region/lu.res" 1194
"../../../Engine/Content/Internationalization/icudt64l/lang/luo.res" 1195
"../../../Engine/Content/Internationalization/icudt64l/region/luo.res" 1196
"../../../Engine/Content/Internationalization/icudt64l/lang/luy.res" 1197
"../../../Engine/Content/Internationalization/icudt64l/region/luy.res" 1198
"../../../Engine/Content/Internationalization/icudt64l/lang/lv.res" 1199
"../../../Engine/Content/Internationalization/icudt64l/region/lv.res" 1200
"../../../Engine/Content/Internationalization/icudt64l/lang/mas.res" 1201
"../../../Engine/Content/Internationalization/icudt64l/region/mas.res" 1202
"../../../Engine/Content/Internationalization/icudt64l/lang/mer.res" 1203
"../../../Engine/Content/Internationalization/icudt64l/region/mer.res" 1204
"../../../Engine/Content/Internationalization/icudt64l/lang/mfe.res" 1205
"../../../Engine/Content/Internationalization/icudt64l/region/mfe.res" 1206
"../../../Engine/Content/Internationalization/icudt64l/lang/mg.res" 1207
"../../../Engine/Content/Internationalization/icudt64l/region/mg.res" 1208
"../../../Engine/Content/Internationalization/icudt64l/lang/mgh.res" 1209
"../../../Engine/Content/Internationalization/icudt64l/region/mgh.res" 1210
"../../../Engine/Content/Internationalization/icudt64l/lang/mgo.res" 1211
"../../../Engine/Content/Internationalization/icudt64l/region/mgo.res" 1212
"../../../Engine/Content/Internationalization/icudt64l/lang/mi.res" 1213
"../../../Engine/Content/Internationalization/icudt64l/region/mi.res" 1214
"../../../Engine/Content/Internationalization/icudt64l/lang/mk.res" 1215
"../../../Engine/Content/Internationalization/icudt64l/region/mk.res" 1216
"../../../Engine/Content/Internationalization/icudt64l/lang/ml.res" 1217
"../../../Engine/Content/Internationalization/icudt64l/region/ml.res" 1218
"../../../Engine/Content/Internationalization/icudt64l/lang/mn.res" 1219
"../../../Engine/Content/Internationalization/icudt64l/region/mn.res" 1220
"../../../Engine/Content/Internationalization/icudt64l/lang/mr.res" 1221
"../../../Engine/Content/Internationalization/icudt64l/region/mr.res" 1222
"../../../Engine/Content/Internationalization/icudt64l/lang/ms.res" 1223
"../../../Engine/Content/Internationalization/icudt64l/region/ms.res" 1224
"../../../Engine/Content/Internationalization/icudt64l/lang/mt.res" 1225
"../../../Engine/Content/Internationalization/icudt64l/region/mt.res" 1226
"../../../Engine/Content/Internationalization/icudt64l/lang/mua.res" 1227
"../../../Engine/Content/Internationalization/icudt64l/region/mua.res" 1228
"../../../Engine/Content/Internationalization/icudt64l/lang/my.res" 1229
"../../../Engine/Content/Internationalization/icudt64l/region/my.res" 1230
"../../../Engine/Content/Internationalization/icudt64l/lang/mzn.res" 1231
"../../../Engine/Content/Internationalization/icudt64l/region/mzn.res" 1232
"../../../Engine/Content/Internationalization/icudt64l/lang/naq.res" 1233
"../../../Engine/Content/Internationalization/icudt64l/region/naq.res" 1234
"../../../Engine/Content/Internationalization/icudt64l/lang/nb.res" 1235
"../../../Engine/Content/Internationalization/icudt64l/lang/nb_NO.res" 1236
"../../../Engine/Content/Internationalization/icudt64l/region/nb_NO.res" 1237
"../../../Engine/Content/Internationalization/icudt64l/region/nb.res" 1238
"../../../Engine/Content/Internationalization/icudt64l/lang/nd.res" 1239
"../../../Engine/Content/Internationalization/icudt64l/region/nd.res" 1240
"../../../Engine/Content/Internationalization/icudt64l/lang/nds.res" 1241
"../../../Engine/Content/Internationalization/icudt64l/region/nds.res" 1242
"../../../Engine/Content/Internationalization/icudt64l/lang/ne.res" 1243
"../../../Engine/Content/Internationalization/icudt64l/region/ne.res" 1244
"../../../Engine/Content/Internationalization/icudt64l/lang/nl.res" 1245
"../../../Engine/Content/Internationalization/icudt64l/region/nl.res" 1246
"../../../Engine/Content/Internationalization/icudt64l/lang/nmg.res" 1247
"../../../Engine/Content/Internationalization/icudt64l/region/nmg.res" 1248
"../../../Engine/Content/Internationalization/icudt64l/lang/nn.res" 1249
"../../../Engine/Content/Internationalization/icudt64l/lang/nn_NO.res" 1250
"../../../Engine/Content/Internationalization/icudt64l/region/nn_NO.res" 1251
"../../../Engine/Content/Internationalization/icudt64l/region/nn.res" 1252
"../../../Engine/Content/Internationalization/icudt64l/lang/nnh.res" 1253
"../../../Engine/Content/Internationalization/icudt64l/region/nnh.res" 1254
"../../../Engine/Content/Internationalization/icudt64l/lang/nus.res" 1255
"../../../Engine/Content/Internationalization/icudt64l/region/nus.res" 1256
"../../../Engine/Content/Internationalization/icudt64l/lang/nyn.res" 1257
"../../../Engine/Content/Internationalization/icudt64l/region/nyn.res" 1258
"../../../Engine/Content/Internationalization/icudt64l/lang/om.res" 1259
"../../../Engine/Content/Internationalization/icudt64l/region/om.res" 1260
"../../../Engine/Content/Internationalization/icudt64l/lang/or.res" 1261
"../../../Engine/Content/Internationalization/icudt64l/region/or.res" 1262
"../../../Engine/Content/Internationalization/icudt64l/lang/os.res" 1263
"../../../Engine/Content/Internationalization/icudt64l/region/os.res" 1264
"../../../Engine/Content/Internationalization/icudt64l/lang/pa.res" 1265
"../../../Engine/Content/Internationalization/icudt64l/lang/pa_Arab.res" 1266
"../../../Engine/Content/Internationalization/icudt64l/lang/pa_PK.res" 1267
"../../../Engine/Content/Internationalization/icudt64l/lang/pa_Arab_PK.res" 1268
"../../../Engine/Content/Internationalization/icudt64l/region/pa_PK.res" 1269
"../../../Engine/Content/Internationalization/icudt64l/region/pa_Arab_PK.res" 1270
"../../../Engine/Content/Internationalization/icudt64l/region/pa_Arab.res" 1271
"../../../Engine/Content/Internationalization/icudt64l/lang/pa_Guru.res" 1272
"../../../Engine/Content/Internationalization/icudt64l/lang/pa_IN.res" 1273
"../../../Engine/Content/Internationalization/icudt64l/lang/pa_Guru_IN.res" 1274
"../../../Engine/Content/Internationalization/icudt64l/region/pa_IN.res" 1275
"../../../Engine/Content/Internationalization/icudt64l/region/pa_Guru_IN.res" 1276
"../../../Engine/Content/Internationalization/icudt64l/region/pa_Guru.res" 1277
"../../../Engine/Content/Internationalization/icudt64l/region/pa.res" 1278
"../../../Engine/Content/Internationalization/icudt64l/lang/pl.res" 1279
"../../../Engine/Content/Internationalization/icudt64l/region/pl.res" 1280
"../../../Engine/Content/Internationalization/icudt64l/lang/ps.res" 1281
"../../../Engine/Content/Internationalization/icudt64l/region/ps.res" 1282
"../../../Engine/Content/Internationalization/icudt64l/lang/ps_PK.res" 1283
"../../../Engine/Content/Internationalization/icudt64l/region/ps_PK.res" 1284
"../../../Engine/Content/Internationalization/icudt64l/lang/pt.res" 1285
"../../../Engine/Content/Internationalization/icudt64l/lang/pt_AO.res" 1286
"../../../Engine/Content/Internationalization/icudt64l/lang/pt_PT.res" 1287
"../../../Engine/Content/Internationalization/icudt64l/region/pt_AO.res" 1288
"../../../Engine/Content/Internationalization/icudt64l/region/pt_PT.res" 1289
"../../../Engine/Content/Internationalization/icudt64l/region/pt.res" 1290
"../../../Engine/Content/Internationalization/icudt64l/lang/pt_CH.res" 1291
"../../../Engine/Content/Internationalization/icudt64l/region/pt_CH.res" 1292
"../../../Engine/Content/Internationalization/icudt64l/lang/pt_CV.res" 1293
"../../../Engine/Content/Internationalization/icudt64l/region/pt_CV.res" 1294
"../../../Engine/Content/Internationalization/icudt64l/lang/pt_GQ.res" 1295
"../../../Engine/Content/Internationalization/icudt64l/region/pt_GQ.res" 1296
"../../../Engine/Content/Internationalization/icudt64l/lang/pt_GW.res" 1297
"../../../Engine/Content/Internationalization/icudt64l/region/pt_GW.res" 1298
"../../../Engine/Content/Internationalization/icudt64l/lang/pt_LU.res" 1299
"../../../Engine/Content/Internationalization/icudt64l/region/pt_LU.res" 1300
"../../../Engine/Content/Internationalization/icudt64l/lang/pt_MO.res" 1301
"../../../Engine/Content/Internationalization/icudt64l/region/pt_MO.res" 1302
"../../../Engine/Content/Internationalization/icudt64l/lang/pt_MZ.res" 1303
"../../../Engine/Content/Internationalization/icudt64l/region/pt_MZ.res" 1304
"../../../Engine/Content/Internationalization/icudt64l/lang/pt_ST.res" 1305
"../../../Engine/Content/Internationalization/icudt64l/region/pt_ST.res" 1306
"../../../Engine/Content/Internationalization/icudt64l/lang/pt_TL.res" 1307
"../../../Engine/Content/Internationalization/icudt64l/region/pt_TL.res" 1308
"../../../Engine/Content/Internationalization/icudt64l/lang/qu.res" 1309
"../../../Engine/Content/Internationalization/icudt64l/region/qu.res" 1310
"../../../Engine/Content/Internationalization/icudt64l/lang/rm.res" 1311
"../../../Engine/Content/Internationalization/icudt64l/region/rm.res" 1312
"../../../Engine/Content/Internationalization/icudt64l/lang/rn.res" 1313
"../../../Engine/Content/Internationalization/icudt64l/region/rn.res" 1314
"../../../Engine/Content/Internationalization/icudt64l/lang/ro.res" 1315
"../../../Engine/Content/Internationalization/icudt64l/lang/ro_MD.res" 1316
"../../../Engine/Content/Internationalization/icudt64l/region/ro_MD.res" 1317
"../../../Engine/Content/Internationalization/icudt64l/region/ro.res" 1318
"../../../Engine/Content/Internationalization/icudt64l/lang/rof.res" 1319
"../../../Engine/Content/Internationalization/icudt64l/region/rof.res" 1320
"../../../Engine/Content/Internationalization/icudt64l/lang/ru.res" 1321
"../../../Engine/Content/Internationalization/icudt64l/region/ru.res" 1322
"../../../Engine/Content/Internationalization/icudt64l/region/ru_UA.res" 1323
"../../../Engine/Content/Internationalization/icudt64l/lang/rw.res" 1324
"../../../Engine/Content/Internationalization/icudt64l/region/rw.res" 1325
"../../../Engine/Content/Internationalization/icudt64l/lang/rwk.res" 1326
"../../../Engine/Content/Internationalization/icudt64l/region/rwk.res" 1327
"../../../Engine/Content/Internationalization/icudt64l/lang/sah.res" 1328
"../../../Engine/Content/Internationalization/icudt64l/region/sah.res" 1329
"../../../Engine/Content/Internationalization/icudt64l/lang/saq.res" 1330
"../../../Engine/Content/Internationalization/icudt64l/region/saq.res" 1331
"../../../Engine/Content/Internationalization/icudt64l/lang/sbp.res" 1332
"../../../Engine/Content/Internationalization/icudt64l/region/sbp.res" 1333
"../../../Engine/Content/Internationalization/icudt64l/lang/sd.res" 1334
"../../../Engine/Content/Internationalization/icudt64l/region/sd.res" 1335
"../../../Engine/Content/Internationalization/icudt64l/lang/se.res" 1336
"../../../Engine/Content/Internationalization/icudt64l/lang/se_FI.res" 1337
"../../../Engine/Content/Internationalization/icudt64l/region/se_FI.res" 1338
"../../../Engine/Content/Internationalization/icudt64l/region/se.res" 1339
"../../../Engine/Content/Internationalization/icudt64l/lang/seh.res" 1340
"../../../Engine/Content/Internationalization/icudt64l/region/seh.res" 1341
"../../../Engine/Content/Internationalization/icudt64l/lang/ses.res" 1342
"../../../Engine/Content/Internationalization/icudt64l/region/ses.res" 1343
"../../../Engine/Content/Internationalization/icudt64l/lang/sg.res" 1344
"../../../Engine/Content/Internationalization/icudt64l/region/sg.res" 1345
"../../../Engine/Content/Internationalization/icudt64l/lang/shi.res" 1346
"../../../Engine/Content/Internationalization/icudt64l/lang/shi_Latn.res" 1347
"../../../Engine/Content/Internationalization/icudt64l/lang/shi_MA.res" 1348
"../../../Engine/Content/Internationalization/icudt64l/lang/shi_Tfng_MA.res" 1349
"../../../Engine/Content/Internationalization/icudt64l/lang/shi_Tfng.res" 1350
"../../../Engine/Content/Internationalization/icudt64l/region/shi_MA.res" 1351
"../../../Engine/Content/Internationalization/icudt64l/region/shi_Tfng_MA.res" 1352
"../../../Engine/Content/Internationalization/icudt64l/region/shi_Tfng.res" 1353
"../../../Engine/Content/Internationalization/icudt64l/region/shi.res" 1354
"../../../Engine/Content/Internationalization/icudt64l/region/shi_Latn.res" 1355
"../../../Engine/Content/Internationalization/icudt64l/lang/si.res" 1356
"../../../Engine/Content/Internationalization/icudt64l/region/si.res" 1357
"../../../Engine/Content/Internationalization/icudt64l/lang/sk.res" 1358
"../../../Engine/Content/Internationalization/icudt64l/region/sk.res" 1359
"../../../Engine/Content/Internationalization/icudt64l/lang/sl.res" 1360
"../../../Engine/Content/Internationalization/icudt64l/region/sl.res" 1361
"../../../Engine/Content/Internationalization/icudt64l/lang/smn.res" 1362
"../../../Engine/Content/Internationalization/icudt64l/region/smn.res" 1363
"../../../Engine/Content/Internationalization/icudt64l/lang/sn.res" 1364
"../../../Engine/Content/Internationalization/icudt64l/region/sn.res" 1365
"../../../Engine/Content/Internationalization/icudt64l/lang/so.res" 1366
"../../../Engine/Content/Internationalization/icudt64l/region/so.res" 1367
"../../../Engine/Content/Internationalization/icudt64l/lang/sq.res" 1368
"../../../Engine/Content/Internationalization/icudt64l/region/sq.res" 1369
"../../../Engine/Content/Internationalization/icudt64l/lang/sr.res" 1370
"../../../Engine/Content/Internationalization/icudt64l/lang/sr_Cyrl.res" 1371
"../../../Engine/Content/Internationalization/icudt64l/lang/sr_BA.res" 1372
"../../../Engine/Content/Internationalization/icudt64l/lang/sr_Cyrl_BA.res" 1373
"../../../Engine/Content/Internationalization/icudt64l/region/sr_BA.res" 1374
"../../../Engine/Content/Internationalization/icudt64l/region/sr_Cyrl_BA.res" 1375
"../../../Engine/Content/Internationalization/icudt64l/region/sr_Cyrl.res" 1376
"../../../Engine/Content/Internationalization/icudt64l/region/sr.res" 1377
"../../../Engine/Content/Internationalization/icudt64l/lang/sr_ME.res" 1378
"../../../Engine/Content/Internationalization/icudt64l/lang/sr_Latn_ME.res" 1379
"../../../Engine/Content/Internationalization/icudt64l/lang/sr_Latn.res" 1380
"../../../Engine/Content/Internationalization/icudt64l/region/sr_ME.res" 1381
"../../../Engine/Content/Internationalization/icudt64l/region/sr_Latn_ME.res" 1382
"../../../Engine/Content/Internationalization/icudt64l/region/sr_Latn.res" 1383
"../../../Engine/Content/Internationalization/icudt64l/lang/sr_Cyrl_ME.res" 1384
"../../../Engine/Content/Internationalization/icudt64l/region/sr_Cyrl_ME.res" 1385
"../../../Engine/Content/Internationalization/icudt64l/lang/sr_RS.res" 1386
"../../../Engine/Content/Internationalization/icudt64l/lang/sr_Cyrl_RS.res" 1387
"../../../Engine/Content/Internationalization/icudt64l/region/sr_RS.res" 1388
"../../../Engine/Content/Internationalization/icudt64l/region/sr_Cyrl_RS.res" 1389
"../../../Engine/Content/Internationalization/icudt64l/lang/sr_XK.res" 1390
"../../../Engine/Content/Internationalization/icudt64l/lang/sr_Cyrl_XK.res" 1391
"../../../Engine/Content/Internationalization/icudt64l/region/sr_XK.res" 1392
"../../../Engine/Content/Internationalization/icudt64l/region/sr_Cyrl_XK.res" 1393
"../../../Engine/Content/Internationalization/icudt64l/lang/sr_Latn_BA.res" 1394
"../../../Engine/Content/Internationalization/icudt64l/region/sr_Latn_BA.res" 1395
"../../../Engine/Content/Internationalization/icudt64l/lang/sr_Latn_RS.res" 1396
"../../../Engine/Content/Internationalization/icudt64l/region/sr_Latn_RS.res" 1397
"../../../Engine/Content/Internationalization/icudt64l/lang/sr_Latn_XK.res" 1398
"../../../Engine/Content/Internationalization/icudt64l/region/sr_Latn_XK.res" 1399
"../../../Engine/Content/Internationalization/icudt64l/lang/sv.res" 1400
"../../../Engine/Content/Internationalization/icudt64l/region/sv.res" 1401
"../../../Engine/Content/Internationalization/icudt64l/lang/sv_FI.res" 1402
"../../../Engine/Content/Internationalization/icudt64l/lang/sw.res" 1403
"../../../Engine/Content/Internationalization/icudt64l/lang/sw_CD.res" 1404
"../../../Engine/Content/Internationalization/icudt64l/region/sw_CD.res" 1405
"../../../Engine/Content/Internationalization/icudt64l/region/sw.res" 1406
"../../../Engine/Content/Internationalization/icudt64l/lang/sw_KE.res" 1407
"../../../Engine/Content/Internationalization/icudt64l/region/sw_KE.res" 1408
"../../../Engine/Content/Internationalization/icudt64l/lang/ta.res" 1409
"../../../Engine/Content/Internationalization/icudt64l/region/ta.res" 1410
"../../../Engine/Content/Internationalization/icudt64l/lang/te.res" 1411
"../../../Engine/Content/Internationalization/icudt64l/region/te.res" 1412
"../../../Engine/Content/Internationalization/icudt64l/lang/teo.res" 1413
"../../../Engine/Content/Internationalization/icudt64l/region/teo.res" 1414
"../../../Engine/Content/Internationalization/icudt64l/lang/tg.res" 1415
"../../../Engine/Content/Internationalization/icudt64l/region/tg.res" 1416
"../../../Engine/Content/Internationalization/icudt64l/lang/th.res" 1417
"../../../Engine/Content/Internationalization/icudt64l/lang/th_TH.res" 1418
"../../../Engine/Content/Internationalization/icudt64l/region/th_TH.res" 1419
"../../../Engine/Content/Internationalization/icudt64l/region/th.res" 1420
"../../../Engine/Content/Internationalization/icudt64l/lang/ti.res" 1421
"../../../Engine/Content/Internationalization/icudt64l/region/ti.res" 1422
"../../../Engine/Content/Internationalization/icudt64l/lang/tk.res" 1423
"../../../Engine/Content/Internationalization/icudt64l/region/tk.res" 1424
"../../../Engine/Content/Internationalization/icudt64l/lang/to.res" 1425
"../../../Engine/Content/Internationalization/icudt64l/region/to.res" 1426
"../../../Engine/Content/Internationalization/icudt64l/lang/tr.res" 1427
"../../../Engine/Content/Internationalization/icudt64l/region/tr.res" 1428
"../../../Engine/Content/Internationalization/icudt64l/lang/tt.res" 1429
"../../../Engine/Content/Internationalization/icudt64l/region/tt.res" 1430
"../../../Engine/Content/Internationalization/icudt64l/lang/twq.res" 1431
"../../../Engine/Content/Internationalization/icudt64l/region/twq.res" 1432
"../../../Engine/Content/Internationalization/icudt64l/lang/tzm.res" 1433
"../../../Engine/Content/Internationalization/icudt64l/region/tzm.res" 1434
"../../../Engine/Content/Internationalization/icudt64l/lang/ug.res" 1435
"../../../Engine/Content/Internationalization/icudt64l/region/ug.res" 1436
"../../../Engine/Content/Internationalization/icudt64l/lang/uk.res" 1437
"../../../Engine/Content/Internationalization/icudt64l/region/uk.res" 1438
"../../../Engine/Content/Internationalization/icudt64l/lang/ur.res" 1439
"../../../Engine/Content/Internationalization/icudt64l/lang/ur_IN.res" 1440
"../../../Engine/Content/Internationalization/icudt64l/region/ur_IN.res" 1441
"../../../Engine/Content/Internationalization/icudt64l/region/ur.res" 1442
"../../../Engine/Content/Internationalization/icudt64l/lang/uz.res" 1443
"../../../Engine/Content/Internationalization/icudt64l/lang/uz_Arab.res" 1444
"../../../Engine/Content/Internationalization/icudt64l/lang/uz_AF.res" 1445
"../../../Engine/Content/Internationalization/icudt64l/lang/uz_Arab_AF.res" 1446
"../../../Engine/Content/Internationalization/icudt64l/region/uz_AF.res" 1447
"../../../Engine/Content/Internationalization/icudt64l/region/uz_Arab_AF.res" 1448
"../../../Engine/Content/Internationalization/icudt64l/region/uz_Arab.res" 1449
"../../../Engine/Content/Internationalization/icudt64l/lang/uz_Cyrl.res" 1450
"../../../Engine/Content/Internationalization/icudt64l/lang/uz_UZ.res" 1451
"../../../Engine/Content/Internationalization/icudt64l/lang/uz_Latn_UZ.res" 1452
"../../../Engine/Content/Internationalization/icudt64l/lang/uz_Latn.res" 1453
"../../../Engine/Content/Internationalization/icudt64l/region/uz_UZ.res" 1454
"../../../Engine/Content/Internationalization/icudt64l/region/uz_Latn_UZ.res" 1455
"../../../Engine/Content/Internationalization/icudt64l/region/uz_Latn.res" 1456
"../../../Engine/Content/Internationalization/icudt64l/region/uz.res" 1457
"../../../Engine/Content/Internationalization/icudt64l/region/uz_Cyrl.res" 1458
"../../../Engine/Content/Internationalization/icudt64l/lang/vai.res" 1459
"../../../Engine/Content/Internationalization/icudt64l/lang/vai_Latn.res" 1460
"../../../Engine/Content/Internationalization/icudt64l/lang/vai_LR.res" 1461
"../../../Engine/Content/Internationalization/icudt64l/lang/vai_Vaii_LR.res" 1462
"../../../Engine/Content/Internationalization/icudt64l/lang/vai_Vaii.res" 1463
"../../../Engine/Content/Internationalization/icudt64l/region/vai_LR.res" 1464
"../../../Engine/Content/Internationalization/icudt64l/region/vai_Vaii_LR.res" 1465
"../../../Engine/Content/Internationalization/icudt64l/region/vai_Vaii.res" 1466
"../../../Engine/Content/Internationalization/icudt64l/region/vai.res" 1467
"../../../Engine/Content/Internationalization/icudt64l/region/vai_Latn.res" 1468
"../../../Engine/Content/Internationalization/icudt64l/lang/vi.res" 1469
"../../../Engine/Content/Internationalization/icudt64l/region/vi.res" 1470
"../../../Engine/Content/Internationalization/icudt64l/lang/vun.res" 1471
"../../../Engine/Content/Internationalization/icudt64l/region/vun.res" 1472
"../../../Engine/Content/Internationalization/icudt64l/lang/wae.res" 1473
"../../../Engine/Content/Internationalization/icudt64l/region/wae.res" 1474
"../../../Engine/Content/Internationalization/icudt64l/lang/wo.res" 1475
"../../../Engine/Content/Internationalization/icudt64l/region/wo.res" 1476
"../../../Engine/Content/Internationalization/icudt64l/lang/xh.res" 1477
"../../../Engine/Content/Internationalization/icudt64l/region/xh.res" 1478
"../../../Engine/Content/Internationalization/icudt64l/lang/xog.res" 1479
"../../../Engine/Content/Internationalization/icudt64l/region/xog.res" 1480
"../../../Engine/Content/Internationalization/icudt64l/lang/yav.res" 1481
"../../../Engine/Content/Internationalization/icudt64l/region/yav.res" 1482
"../../../Engine/Content/Internationalization/icudt64l/lang/yi.res" 1483
"../../../Engine/Content/Internationalization/icudt64l/region/yi.res" 1484
"../../../Engine/Content/Internationalization/icudt64l/lang/yo.res" 1485
"../../../Engine/Content/Internationalization/icudt64l/lang/yo_BJ.res" 1486
"../../../Engine/Content/Internationalization/icudt64l/region/yo_BJ.res" 1487
"../../../Engine/Content/Internationalization/icudt64l/region/yo.res" 1488
"../../../Engine/Content/Internationalization/icudt64l/lang/yue.res" 1489
"../../../Engine/Content/Internationalization/icudt64l/lang/yue_Hans.res" 1490
"../../../Engine/Content/Internationalization/icudt64l/lang/yue_CN.res" 1491
"../../../Engine/Content/Internationalization/icudt64l/lang/yue_Hans_CN.res" 1492
"../../../Engine/Content/Internationalization/icudt64l/region/yue_CN.res" 1493
"../../../Engine/Content/Internationalization/icudt64l/region/yue_Hans_CN.res" 1494
"../../../Engine/Content/Internationalization/icudt64l/region/yue_Hans.res" 1495
"../../../Engine/Content/Internationalization/icudt64l/lang/yue_Hant.res" 1496
"../../../Engine/Content/Internationalization/icudt64l/lang/yue_HK.res" 1497
"../../../Engine/Content/Internationalization/icudt64l/lang/yue_Hant_HK.res" 1498
"../../../Engine/Content/Internationalization/icudt64l/region/yue_HK.res" 1499
"../../../Engine/Content/Internationalization/icudt64l/region/yue_Hant_HK.res" 1500
"../../../Engine/Content/Internationalization/icudt64l/region/yue_Hant.res" 1501
"../../../Engine/Content/Internationalization/icudt64l/region/yue.res" 1502
"../../../Engine/Content/Internationalization/icudt64l/lang/zgh.res" 1503
"../../../Engine/Content/Internationalization/icudt64l/region/zgh.res" 1504
"../../../Engine/Content/Internationalization/icudt64l/lang/zh.res" 1505
"../../../Engine/Content/Internationalization/icudt64l/lang/zh_Hans.res" 1506
"../../../Engine/Content/Internationalization/icudt64l/lang/zh_CN.res" 1507
"../../../Engine/Content/Internationalization/icudt64l/lang/zh_Hans_CN.res" 1508
"../../../Engine/Content/Internationalization/icudt64l/region/zh_CN.res" 1509
"../../../Engine/Content/Internationalization/icudt64l/region/zh_Hans_CN.res" 1510
"../../../Engine/Content/Internationalization/icudt64l/region/zh_Hans.res" 1511
"../../../Engine/Content/Internationalization/icudt64l/region/zh.res" 1512
"../../../Engine/Content/Internationalization/icudt64l/lang/zh_HK.res" 1513
"../../../Engine/Content/Internationalization/icudt64l/lang/zh_Hant_HK.res" 1514
"../../../Engine/Content/Internationalization/icudt64l/lang/zh_Hant.res" 1515
"../../../Engine/Content/Internationalization/icudt64l/region/zh_HK.res" 1516
"../../../Engine/Content/Internationalization/icudt64l/region/zh_Hant_HK.res" 1517
"../../../Engine/Content/Internationalization/icudt64l/region/zh_Hant.res" 1518
"../../../Engine/Content/Internationalization/icudt64l/lang/zh_MO.res" 1519
"../../../Engine/Content/Internationalization/icudt64l/lang/zh_Hant_MO.res" 1520
"../../../Engine/Content/Internationalization/icudt64l/region/zh_MO.res" 1521
"../../../Engine/Content/Internationalization/icudt64l/region/zh_Hant_MO.res" 1522
"../../../Engine/Content/Internationalization/icudt64l/lang/zh_SG.res" 1523
"../../../Engine/Content/Internationalization/icudt64l/lang/zh_Hans_SG.res" 1524
"../../../Engine/Content/Internationalization/icudt64l/region/zh_SG.res" 1525
"../../../Engine/Content/Internationalization/icudt64l/region/zh_Hans_SG.res" 1526
"../../../Engine/Content/Internationalization/icudt64l/lang/zh_TW.res" 1527
"../../../Engine/Content/Internationalization/icudt64l/lang/zh_Hant_TW.res" 1528
"../../../Engine/Content/Internationalization/icudt64l/region/zh_TW.res" 1529
"../../../Engine/Content/Internationalization/icudt64l/region/zh_Hant_TW.res" 1530
"../../../Engine/Content/Internationalization/icudt64l/lang/zu.res" 1531
"../../../Engine/Content/Internationalization/icudt64l/region/zu.res" 1532
"../../../Engine/Content/Internationalization/icudt64l/lang/no.res" 1533
"../../../Engine/Content/Internationalization/icudt64l/lang/tl.res" 1534
"../../../Engine/Shaders/Private/HairStrands/HairStrandsVertexFactory.ush" 1535
"../../../Engine/Shaders/Private/VertexFactoryCommon.ush" 1536
"../../../Engine/Shaders/Private/Common.ush" 1537
"../../../Engine/Shaders/Public/Platform.ush" 1538
"../../../Engine/Shaders/Public/FP16Math.ush" 1539
"../../../Engine/Shaders/Public/Platform/D3D/D3DCommon.ush" 1540
"../../../Engine/Shaders/Public/ShaderVersion.ush" 1541
"../../../Engine/Shaders/Private/CommonViewUniformBuffer.ush" 1542
"../../../Engine/Shaders/Private/InstancedStereo.ush" 1543
"../../../Engine/Shaders/Private/Definitions.usf" 1544
"../../../Engine/Shaders/Private/FastMath.ush" 1545
"../../../Engine/Shaders/Private/Random.ush" 1546
"../../../Engine/Shaders/Private/LocalVertexFactoryCommon.ush" 1547
"../../../Engine/Shaders/Private/HairStrands/HairStrandsVisibilityCommon.ush" 1548
"../../../Engine/Shaders/Private/HairStrands/HairStrandsVisibilityCommonStruct.ush" 1549
"../../../Engine/Shaders/Private/HairStrands/HairStrandsVertexFactoryCommon.ush" 1550
"../../../Engine/Shaders/Private/HairStrands/HairStrandsAttributeCommon.ush" 1551
"../../../Engine/Shaders/Private/HairStrands/HairCardsVertexFactory.ush" 1552
"../../../Engine/Shaders/Private/HairStrands/HairCardsAttributeCommon.ush" 1553
"../../../Engine/Plugins/FX/Niagara/Shaders/Private/NiagaraSpriteVertexFactory.ush" 1554
"../../../Engine/Shaders/Private/ParticleVertexFactoryCommon.ush" 1555
"../../../Engine/Plugins/FX/Niagara/Shaders/Private/NiagaraVFParticleAccess.usf" 1556
"../../../Engine/Plugins/FX/Niagara/Shaders/Private/NiagaraRibbonVertexFactory.ush" 1557
"../../../Engine/Plugins/FX/Niagara/Shaders/Private/NiagaraMeshVertexFactory.ush" 1558
"../../../Engine/Plugins/FX/Niagara/Shaders/Private/NiagaraCommon.ush" 1559
"../../../Engine/Shaders/Private/RayTracing/RayTracingCommon.ush" 1560
"../../../Engine/Shaders/Private/ShadingCommon.ush" 1561
"../../../Engine/Shaders/Shared/RayTracingDefinitions.h" 1562
"../../../Engine/Shaders/Private/RayTracing/RayTracingHitGroupCommon.ush" 1563
"../../../Engine/Shaders/Shared/RayTracingBuiltInResources.h" 1564
"../../../Engine/Shaders/Private/VectorFieldVisualizationVertexFactory.ush" 1565
"../../../Engine/Shaders/Private/ParticleSpriteVertexFactory.ush" 1566
"../../../Engine/Shaders/Private/ParticleGPUSpriteVertexFactory.ush" 1567
"../../../Engine/Shaders/Private/ParticleBeamTrailVertexFactory.ush" 1568
"../../../Engine/Shaders/Private/MeshParticleVertexFactory.ush" 1569
"../../../Engine/Shaders/Private/LocalVertexFactory.ush" 1570
"../../../Engine/Shaders/Private/LightmapData.ush" 1571
"../../../Engine/Shaders/Private/GpuSkinCommon.ush" 1572
"../../../Engine/Shaders/Private/GpuSkinVertexFactory.ush" 1573
"../../../Engine/Shaders/Private/GeometryCacheVertexFactory.ush" 1574
"../../../Engine/Shaders/Private/LandscapeVertexFactory.ush" 1575
"../../../Engine/Plugins/Experimental/GPULightmass/Shaders/Private/BrickAllocationManagement.usf" 1576
"../../../Engine/Plugins/Experimental/GPULightmass/Shaders/Private/BrickAllocationDefs.ush" 1577
"../../../Engine/Plugins/Experimental/GPULightmass/Shaders/Private/VolumetricLightmapVoxelization.usf" 1578
"../../../Engine/Shaders/Private/MaterialTemplate.ush" 1579
"../../../Engine/Shaders/Private/SceneTexturesCommon.ush" 1580
"../../../Engine/Shaders/Private/EyeAdaptationCommon.ush" 1581
"../../../Engine/Shaders/Private/SobolRandom.ush" 1582
"../../../Engine/Shaders/Private/MonteCarlo.ush" 1583
"../../../Engine/Shaders/Private/DepthOfFieldCommon.ush" 1584
"../../../Engine/Shaders/Private/CircleDOFCommon.ush" 1585
"../../../Engine/Shaders/Private/GlobalDistanceFieldShared.ush" 1586
"../../../Engine/Shaders/Private/PhysicsFieldSampler.ush" 1587
"../../../Engine/Shaders/Private/PhysicsFieldShared.ush" 1588
"../../../Engine/Shaders/Private/SceneData.ush" 1589
"../../../Engine/Shaders/Private/HairShadingCommon.ush" 1590
"../../../Engine/Shaders/Private/SpeedTreeCommon.ush" 1591
"../../../Engine/Shaders/Private/VirtualTextureCommon.ush" 1592
"../../../Engine/Shaders/Private/MinMaterialTexCoords.ush" 1593
"../../../Engine/Shaders/Private/AtmosphereCommon.ush" 1594
"../../../Engine/Shaders/Private/SkyAtmosphereCommon.ush" 1595
"../../../Engine/Shaders/Private/SingleLayerWaterCommon.ush" 1596
"../../../Engine/Shaders/Private/PaniniProjection.ush" 1597
"../../../Engine/Shaders/Private/DeferredShadingCommon.ush" 1598
"../../../Engine/Shaders/Private/LightAccumulator.ush" 1599
"../../../Engine/Plugins/Experimental/GPULightmass/Shaders/Private/LightmapBufferClear.usf" 1600
"../../../Engine/Plugins/Experimental/GPULightmass/Shaders/Private/LightmapEncoding.ush" 1601
"../../../Engine/Plugins/Experimental/GPULightmass/Shaders/Private/BatchedTiles.ush" 1602
"../../../Engine/Plugins/Experimental/GPULightmass/Shaders/Private/LightmapOutput.usf" 1603
"../../../Engine/Plugins/Experimental/GPULightmass/Shaders/Private/FirstBounceRayGuidingCDFBuild.usf" 1604
"../../../Engine/Shaders/Private/PathTracing/Material/FirstBounceRayGuidingCommon.ush" 1605
"../../../Engine/Plugins/Experimental/GPULightmass/Shaders/Private/LightmapPathTracing.usf" 1606
"../../../Engine/Shaders/Private/PostProcessCommon.ush" 1607
"../../../Engine/Shaders/Private/RectLight.ush" 1608
"../../../Engine/Shaders/Private/CapsuleLight.ush" 1609
"../../../Engine/Shaders/Private/RayTracing/RayTracingDirectionalLight.ush" 1610
"../../../Engine/Shaders/Private/PathTracing/Utilities/PathTracingRandomSequence.ush" 1611
"../../../Engine/Shaders/Private/MortonCode.ush" 1612
"../../../Engine/Shaders/Private/LightShaderParameters.ush" 1613
"../../../Engine/Shaders/Private/RayTracing/RayTracingRectLight.ush" 1614
"../../../Engine/Shaders/Private/RayTracing/RayTracingSphereLight.ush" 1615
"../../../Engine/Shaders/Private/RayTracing/RayTracingSpotLight.ush" 1616
"../../../Engine/Shaders/Private/RayTracing/RayTracingDiskLight.ush" 1617
"../../../Engine/Shaders/Private/RayTracing/RayTracingPointLight.ush" 1618
"../../../Engine/Shaders/Private/PathTracing/PathTracingCommon.ush" 1619
"../../../Engine/Shaders/Private/PathTracing/PathTracingDefinitions.ush" 1620
"../../../Engine/Shaders/Private/PathTracing/Light/PathTracingLightGrid.ush" 1621
"../../../Engine/Shaders/Shared/PathTracingDefinitions.h" 1622
"../../../Engine/Shaders/Private/ShadingModels.ush" 1623
"../../../Engine/Shaders/Private/BRDF.ush" 1624
"../../../Engine/Shaders/Private/TransmissionCommon.ush" 1625
"../../../Engine/Shaders/Private/SubsurfaceProfileCommon.ush" 1626
"../../../Engine/Shaders/Private/BurleyNormalizedSSSCommon.ush" 1627
"../../../Engine/Shaders/Private/HairBsdf.ush" 1628
"../../../Engine/Shaders/Private/PathTracing/Light/PathTracingLightSampling.ush" 1629
"../../../Engine/Shaders/Private/PathTracing/Light/PathTracingLightCommon.ush" 1630
"../../../Engine/Shaders/Shared/RayTracingTypes.h" 1631
"../../../Engine/Shaders/Private/PathTracing/Light/PathTracingDirectionalLight.ush" 1632
"../../../Engine/Shaders/Private/PathTracing/Light/PathTracingPointLight.ush" 1633
"../../../Engine/Shaders/Private/PathTracing/Light/PathTracingCapsuleLight.ush" 1634
"../../../Engine/Shaders/Private/CapsuleLightSampling.ush" 1635
"../../../Engine/Shaders/Private/PathTracing/Light/PathTracingRectLight.ush" 1636
"../../../Engine/Shaders/Private/PathTracing/Light/PathTracingSkyLight.ush" 1637
"../../../Engine/Shaders/Private/RayTracing/RayTracingSkyLightCommon.ush" 1638
"../../../Engine/Shaders/Private/PathTracing/Light/PathTracingSpotLight.ush" 1639
"../../../Engine/Shaders/Private/PathTracing/Material/PathTracingMaterialSampling.ush" 1640
"../../../Engine/Shaders/Private/PathTracing/Material/PathTracingMaterialCommon.ush" 1641
"../../../Engine/Shaders/Private/PathTracing/Material/PathTracingFresnel.ush" 1642
"../../../Engine/Shaders/Private/PathTracing/Material/PathTracingLambert.ush" 1643
"../../../Engine/Shaders/Private/PathTracing/Material/PathTracingRadianceProbe.ush" 1644
"../../../Engine/Shaders/Private/PathTracing/Material/PathTracingGlossy.ush" 1645
"../../../Engine/Shaders/Private/PathTracing/Material/PathTracingSpecularReflection.ush" 1646
"../../../Engine/Shaders/Private/PathTracing/Material/PathTracingSpecularTransmission.ush" 1647
"../../../Engine/Shaders/Private/PathTracing/Material/PathTracingSolidGlass.ush" 1648
"../../../Engine/Shaders/Private/PathTracing/Material/PathTracingThinGlass.ush" 1649
"../../../Engine/Shaders/Private/PathTracing/Material/PathTracingDefaultLit.ush" 1650
"../../../Engine/Shaders/Private/PathTracing/Material/PathTracingClearCoat.ush" 1651
"../../../Engine/Shaders/Private/PathTracing/Material/PathTracingTwoSidedFoliage.ush" 1652
"../../../Engine/Shaders/Private/PathTracing/Material/PathTracingCloth.ush" 1653
"../../../Engine/Shaders/Private/PathTracing/Material/PathTracingSubsurfaceProfile.ush" 1654
"../../../Engine/Plugins/Experimental/GPULightmass/Shaders/Private/IrradianceCachingCommon.ush" 1655
"../../../Engine/Shaders/Private/HashTable.ush" 1656
"../../../Engine/Shaders/Private/RayTracing/RayTracingMaterialHitShaders.usf" 1657
"../../../Engine/Shaders/Private/SHCommon.ush" 1658
"../../../Engine/Shaders/Private/ReflectionEnvironmentShared.ush" 1659
"../../../Engine/Shaders/Private/LightmapCommon.ush" 1660
"../../../Engine/Shaders/Private/VolumetricLightmapShared.ush" 1661
"../../../Engine/Plugins/Experimental/GPULightmass/Shaders/Private/LightmapGBuffer.usf" 1662
"../../../Engine/Plugins/Experimental/GPULightmass/Shaders/Private/IrradianceCacheVisualization.usf" 1663
"../../../Engine/Plugins/Runtime/HairStrands/Shaders/Private/NiagaraCopyVelocityGrid.usf" 1664
"../../../Engine/Plugins/Runtime/HairStrands/Shaders/Private/NiagaraClearVelocityGrid.usf" 1665
"../../../Engine/Plugins/Runtime/HairStrands/Shaders/Private/NiagaraClearPressureGrid.usf" 1666
"../../../Engine/Shaders/Private/HairStrands/HairStrandsClusterCulling.usf" 1667
"../../../Engine/Shaders/Private/HairStrands/HairStrandsDebugCommon.ush" 1668
"../../../Engine/Shaders/Private/HairStrands/HairStrandsAABBCommon.ush" 1669
"../../../Engine/Shaders/Private/HairStrands/HairStrandsClusterCommon.ush" 1670
"../../../Engine/Shaders/Private/ShaderDrawDebug.ush" 1671
"../../../Engine/Shaders/Private/ShaderPrintCommon.ush" 1672
"../../../Engine/Shaders/Private/MiniFontCommon.ush" 1673
"../../../Engine/Shaders/Private/HairStrands/HairStrandsRaytracingGeometry.usf" 1674
"../../../Engine/Shaders/Private/HairStrands/HairStrandsTangent.usf" 1675
"../../../Engine/Shaders/Private/HairStrands/HairCardsDeformation.usf" 1676
"../../../Engine/Shaders/Private/HairStrands/HairStrandsMeshProjectionCommon.ush" 1677
"../../../Engine/Shaders/Private/HairStrands/HairStrandsInterpolation.usf" 1678
"../../../Engine/Shaders/Private/HairStrands/HairStrandsGuideDeform.usf" 1679
"../../../Engine/Shaders/Private/HairStrands/HairStrandsMeshRBF.ush" 1680
"../../../Engine/Shaders/Private/HairStrands/HairStrandsMeshUpdate.usf" 1681
"../../../Engine/Shaders/Private/HairStrands/HairStrandsFollicleMask.usf" 1682
"../../../Engine/Shaders/Private/HairStrands/HairStrandsSamplesUpdate.usf" 1683
"../../../Engine/Shaders/Private/HairStrands/HairStrandsSamplesInit.usf" 1684
"../../../Engine/Shaders/Private/HairStrands/HairStrandsMeshInterpolate.usf" 1685
"../../../Engine/Shaders/Private/HairStrands/HairStrandsSkinUpdate.usf" 1686
"../../../Engine/Shaders/Private/HairStrands/HairCardsGeneration.usf" 1687
"../../../Engine/Shaders/Private/HairStrands/HairCardsTextureCommon.ush" 1688
"../../../Engine/Shaders/Private/HairStrands/HairStrandsTexturesGeneration.usf" 1689
"../../../Engine/Shaders/Private/HairStrands/HairCardsDebug.usf" 1690
"../../../Engine/Shaders/Private/HairStrands/HairCardsVoxel.usf" 1691
"../../../Engine/Shaders/Private/SceneTextureParameters.ush" 1692
"../../../Engine/Shaders/Private/HairStrands/HairStrandsMeshProjectionHairDebug.usf" 1693
"../../../Engine/Shaders/Private/HairStrands/HairStrandsMeshProjectionMeshDebug.usf" 1694
"../../../Engine/Plugins/FX/Niagara/Shaders/Private/NiagaraSortKeyGen.usf" 1695
"../../../Engine/Plugins/FX/Niagara/Shaders/Private/NiagaraGPURayTracingTransforms.usf" 1696
"../../../Engine/Plugins/FX/Niagara/Shaders/Private/NiagaraDrawIndirectArgsGen.usf" 1697
"../../../Engine/Plugins/FX/Niagara/Shaders/Private/NiagaraFillIntBuffer.usf" 1698
"../../../Engine/Plugins/FX/Niagara/Shaders/Private/NiagaraComputeFreeIDs.usf" 1699
"../../../Engine/Plugins/FX/Niagara/Shaders/Private/NiagaraInitFreeIDBuffer.usf" 1700
"../../../Engine/Plugins/FX/Niagara/Shaders/Private/NiagaraEmitterInstanceShader.usf" 1701
"../../../Engine/Plugins/FX/Niagara/Shaders/Private/NiagaraShaderVersion.ush" 1702
"../../../Engine/Plugins/FX/Niagara/Shaders/Private/NiagaraPhysicsCommon.ush" 1703
"../../../Engine/Plugins/FX/Niagara/Shaders/Private/NiagaraDebugDraw.usf" 1704
"../../../Engine/Plugins/FX/Niagara/Shaders/Private/NiagaraDebugDraw.ush" 1705
"../../../Engine/Plugins/FX/Niagara/Shaders/Private/NiagaraVisualizeTexture.usf" 1706
"../../../Engine/Plugins/FX/Niagara/Shaders/Private/NiagaraBatchedElements.usf" 1707
"../../../Engine/Shaders/Private/GammaCorrectionCommon.ush" 1708
"../../../Engine/Plugins/Media/WmfMedia/Shaders/Private/MediaHardwareVideoDecoding.usf" 1709
"../../../Engine/Shaders/Private/ColorUtils.ush" 1710
"../../../Engine/Plugins/Media/ImgMedia/Shaders/Private/ExrSwizzler.usf" 1711
"../../../Engine/Shaders/Private/SlateElementPixelShader.usf" 1712
"../../../Engine/Shaders/Private/SlateShaderCommon.ush" 1713
"../../../Engine/Shaders/Private/CompositeUIPixelShader.usf" 1714
"../../../Engine/Shaders/Private/TonemapCommon.ush" 1715
"../../../Engine/Shaders/Private/ACES.ush" 1716
"../../../Engine/Shaders/Private/SlateMaskingShader.usf" 1717
"../../../Engine/Shaders/Private/SlatePostProcessColorDeficiencyPixelShader.usf" 1718
"../../../Engine/Shaders/Private/ColorSpace.ush" 1719
"../../../Engine/Shaders/Private/SlatePostProcessPixelShader.usf" 1720
"../../../Engine/Shaders/Private/SlateVertexShader.usf" 1721
"../../../Engine/Shaders/Private/TranslucentLightingShaders.usf" 1722
"../../../Engine/Shaders/Private/ShadowProjectionCommon.ush" 1723
"../../../Engine/Shaders/Private/CubemapCommon.ush" 1724
"../../../Engine/Shaders/Private/VectorFieldCompositeShaders.usf" 1725
"../../../Engine/Shaders/Private/UpdateTextureShaders.usf" 1726
"../../../Engine/Shaders/Private/StereoLayerShader.usf" 1727
"../../../Engine/Shaders/Private/MorphTargets.usf" 1728
"../../../Engine/Shaders/Private/SimpleElementColorChannelMaskPixelShader.usf" 1729
"../../../Engine/Shaders/Private/SimpleElementHitProxyPixelShader.usf" 1730
"../../../Engine/Shaders/Private/SimpleElementPixelShader.usf" 1731
"../../../Engine/Shaders/Private/IESLightProfilesCommon.ush" 1732
"../../../Engine/Shaders/Private/SimpleElementVertexShader.usf" 1733
"../../../Engine/Shaders/Private/ScreenPixelShaderOES.usf" 1734
"../../../Engine/Shaders/Private/ScreenVertexShader.usf" 1735
"../../../Engine/Shaders/Private/ScreenPixelShader.usf" 1736
"../../../Engine/Shaders/Private/VolumetricLightmapStreaming.usf" 1737
"../../../Engine/Shaders/Private/PhysicsFieldReset.usf" 1738
"../../../Engine/Shaders/Private/PhysicsFieldBuilder.usf" 1739
"../../../Engine/Shaders/Private/ParticleSortKeyGen.usf" 1740
"../../../Engine/Shaders/Private/ParticleBoundsShader.usf" 1741
"../../../Engine/Shaders/Private/ParticleSimVisualizeShader.usf" 1742
"../../../Engine/Shaders/Private/ParticleInjectionShader.usf" 1743
"../../../Engine/Shaders/Private/ParticleSimulationShader.usf" 1744
"../../../Engine/Shaders/Private/ParticleCurveInjectionShader.usf" 1745
"../../../Engine/Shaders/Private/CopyUIntBuffer.usf" 1746
"../../../Engine/Shaders/Private/RadixSortShaders.usf" 1747
"../../../Engine/Shaders/Private/RecomputeTangentsPerVertexPass.usf" 1748
"../../../Engine/Shaders/Private/RecomputeTangentsCommon.ush" 1749
"../../../Engine/Shaders/Private/RecomputeTangentsPerTrianglePass.usf" 1750
"../../../Engine/Shaders/Private/GpuSkinCacheComputeShader.usf" 1751
"../../../Engine/Shaders/Private/DistanceFieldDownsampling.usf" 1752
"../../../Engine/Shaders/Private/HeightFieldAtlasManagement.usf" 1753
"../../../Engine/Shaders/Private/LandscapePhysicalMaterial.usf" 1754
"../../../Engine/Shaders/Private/LandscapeGrassWeight.usf" 1755
"../../../Engine/Shaders/Private/LandscapeLayersCS.usf" 1756
"../../../Engine/Shaders/Private/LandscapeLayersPS.usf" 1757
"../../../Engine/Shaders/Private/LandscapeLayersVS.usf" 1758
"../../../Engine/Shaders/Private/WideCustomResolveShaders.usf" 1759
"../../../Engine/Shaders/Private/WideCustomResolve_Wide.ush" 1760
"../../../Engine/Shaders/Private/WideCustomResolve_Wider.ush" 1761
"../../../Engine/Shaders/Private/WideCustomResolve_Widest.ush" 1762
"../../../Engine/Shaders/Private/PageTableUpdate.usf" 1763
"../../../Engine/Shaders/Private/VirtualTextureCompress.usf" 1764
"../../../Engine/Shaders/Private/BCCompressionCommon.ush" 1765
"../../../Engine/Shaders/Private/ETCCompressionCommon.ush" 1766
"../../../Engine/Shaders/Private/VirtualTextureMaterial.usf" 1767
"../../../Engine/Shaders/Private/PixelShaderOutputCommon.ush" 1768
"../../../Engine/Shaders/Private/VolumetricRenderTarget.usf" 1769
"../../../Engine/Shaders/Private/VolumetricFogVoxelization.usf" 1770
"../../../Engine/Shaders/Private/VolumetricCloudMaterialPixelCommon.ush" 1771
"../../../Engine/Shaders/Private/VolumetricFogLightFunction.usf" 1772
"../../../Engine/Shaders/Private/LightFunctionCommon.ush" 1773
"../../../Engine/Shaders/Private/VolumetricFog.usf" 1774
"../../../Engine/Shaders/Private/DeferredLightingCommon.ush" 1775
"../../../Engine/Shaders/Private/DynamicLightingCommon.ush" 1776
"../../../Engine/Shaders/Private/CapsuleLightIntegrate.ush" 1777
"../../../Engine/Shaders/Private/RectLightIntegrate.ush" 1778
"../../../Engine/Shaders/Private/LightGridCommon.ush" 1779
"../../../Engine/Shaders/Private/HeightFogCommon.ush" 1780
"../../../Engine/Shaders/Private/DistanceFieldAOShared.ush" 1781
"../../../Engine/Shaders/Private/VolumeLightingCommon.ush" 1782
"../../../Engine/Shaders/Private/ShadowFilteringCommon.ush" 1783
"../../../Engine/Shaders/Private/PixelQuadMessagePassing.ush" 1784
"../../../Engine/Shaders/Private/VolumeLightingCommonSampling.ush" 1785
"../../../Engine/Shaders/Private/ForwardShadowingCommon.ush" 1786
"../../../Engine/Shaders/Private/ParticipatingMediaCommon.ush" 1787
"../../../Engine/Shaders/Private/VolumetricCloudCommon.ush" 1788
"../../../Engine/Shaders/Private/VolumetricCloud.usf" 1789
"../../../Engine/Shaders/Private/VisualizeVolumetricLightmap.usf" 1790
"../../../Engine/Shaders/Private/ViewMode/LODColorationPixelShader.usf" 1791
"../../../Engine/Shaders/Private/DebugViewModeCommon.ush" 1792
"../../../Engine/Shaders/Private/VelocityShader.usf" 1793
"../../../Engine/Shaders/Private/VelocityCommon.ush" 1794
"../../../Engine/Shaders/Private/Tessellation.ush" 1795
"../../../Engine/Shaders/Private/FlatTessellation.ush" 1796
"../../../Engine/Shaders/Private/PNTriangles.ush" 1797
"../../../Engine/Shaders/Private/VariableRateShading.usf" 1798
"../../../Engine/Shaders/Private/TranslucencyUpsampling.usf" 1799
"../../../Engine/Shaders/Private/SeparateTranslucency.ush" 1800
"../../../Engine/Shaders/Private/TranslucentLightInjectionShaders.usf" 1801
"../../../Engine/Shaders/Private/TranslucentShadowDepthShaders.usf" 1802
"../../../Engine/Shaders/Private/ShadowDepthCommon.ush" 1803
"../../../Engine/Shaders/Private/TiledDeferredLightShaders.usf" 1804
"../../../Engine/Shaders/Private/RayTracing/RayTracingTest.usf" 1805
"../../../Engine/Shaders/Private/SkyAtmosphere.usf" 1806
"../../../Engine/Shaders/Private/SingleLayerWaterComposite.usf" 1807
"../../../Engine/Shaders/Private/ReflectionEnvironmentComposite.ush" 1808
"../../../Engine/Shaders/Private/ShadowProjectionPixelShader.usf" 1809
"../../../Engine/Shaders/Private/ShadowPercentageCloserFiltering.ush" 1810
"../../../Engine/Shaders/Private/TransmissionThickness.ush" 1811
"../../../Engine/Shaders/Private/ShadowProjectionVertexShader.usf" 1812
"../../../Engine/Shaders/Private/CopyShadowMaps.usf" 1813
"../../../Engine/Shaders/Private/ShadowDepthPixelShader.usf" 1814
"../../../Engine/Shaders/Private/LPVListEntry.ush" 1815
"../../../Engine/Shaders/Private/LPVWriteVplCommon.ush" 1816
"../../../Engine/Shaders/Private/LPVWriteCommon.ush" 1817
"../../../Engine/Shaders/Private/LPVCommon.ush" 1818
"../../../Engine/Shaders/Private/ShadowDepthVertexShader.usf" 1819
"../../../Engine/Shaders/Private/ShaderPrintDraw.usf" 1820
"../../../Engine/Shaders/Private/ShaderComplexityAccumulatePixelShader.usf" 1821
"../../../Engine/Shaders/Private/QuadOverdraw.ush" 1822
"../../../Engine/Shaders/Private/SSRT/SSRTDiffuseIndirect.usf" 1823
"../../../Engine/Shaders/Private/SSRT/SSRTRayCast.ush" 1824
"../../../Engine/Shaders/Private/SSRT/SSRTTileClassificationBuffer.ush" 1825
"../../../Engine/Shaders/Private/SSRT/SSRTReflections.usf" 1826
"../../../Engine/Shaders/Private/ScreenSpaceDenoise/SSDPublic.ush" 1827
"../../../Engine/Shaders/Private/SSRT/SSRTTileClassification.usf" 1828
"../../../Engine/Shaders/Private/SSRT/SSRTPrevFrameReduction.usf" 1829
"../../../Engine/Shaders/Private/ScreenSpaceDenoise/SSDComposeHarmonics.usf" 1830
"../../../Engine/Shaders/Private/ScreenSpaceDenoise/SSDDefinitions.ush" 1831
"../../../Engine/Shaders/Private/ScreenSpaceDenoise/SSDPublicHarmonics.ush" 1832
"../../../Engine/Shaders/Private/ScreenSpaceDenoise/SSDSignalFramework.ush" 1833
"../../../Engine/Shaders/Private/ScreenSpaceDenoise/SSDCommon.ush" 1834
"../../../Engine/Shaders/Private/SphericalGaussian.ush" 1835
"../../../Engine/Shaders/Public/WaveBroadcastIntrinsics.ush" 1836
"../../../Engine/Shaders/Private/ScreenSpaceDenoise/SSDMetadata.ush" 1837
"../../../Engine/Shaders/Private/ScreenSpaceDenoise/SSDSignalCore.ush" 1838
"../../../Engine/Shaders/Private/QuasiRandom.ush" 1839
"../../../Engine/Shaders/Private/BlueNoise.ush" 1840
"../../../Engine/Shaders/Private/Halton.ush" 1841
"../../../Engine/Shaders/Private/ScreenSpaceDenoise/SSDSignalArray.ush" 1842
"../../../Engine/Shaders/Private/ScreenSpaceDenoise/SSDSignalBufferEncoding.ush" 1843
"../../../Engine/Shaders/Private/ScreenSpaceDenoise/SSDPublicBufferEncoding.ush" 1844
"../../../Engine/Shaders/Private/ScreenSpaceDenoise/SSDTemporalAccumulation.usf" 1845
"../../../Engine/Shaders/Private/ScreenSpaceDenoise/SSDSpatialKernel.ush" 1846
"../../../Engine/Shaders/Private/ScreenSpaceDenoise/SSDSignalAccumulatorArray.ush" 1847
"../../../Engine/Shaders/Private/ScreenSpaceDenoise/SSDSignalAccumulator.ush" 1848
"../../../Engine/Shaders/Private/ScreenSpaceDenoise/SSDSignalCompression.ush" 1849
"../../../Engine/Shaders/Private/TextureSampling.ush" 1850
"../../../Engine/Shaders/Private/ScreenSpaceDenoise/SSDSpatialAccumulation.usf" 1851
"../../../Engine/Shaders/Private/ScreenSpaceDenoise/SSDInjest.usf" 1852
"../../../Engine/Shaders/Private/ScreenSpaceDenoise/SSDCompressMetadata.usf" 1853
"../../../Engine/Shaders/Private/DownsampleDepthPixelShader.usf" 1854
"../../../Engine/Shaders/Private/ScreenPass.usf" 1855
"../../../Engine/Shaders/Private/HZB.usf" 1856
"../../../Engine/Shaders/Private/ReductionCommon.ush" 1857
"../../../Engine/Shaders/Private/HZBOcclusion.usf" 1858
"../../../Engine/Shaders/Private/OcclusionQueryPixelShader.usf" 1859
"../../../Engine/Shaders/Private/OcclusionQueryVertexShader.usf" 1860
"../../../Engine/Shaders/Private/HitProxyPixelShader.usf" 1861
"../../../Engine/Shaders/Private/HitProxyVertexShader.usf" 1862
"../../../Engine/Shaders/Private/ODSCapture.usf" 1863
"../../../Engine/Shaders/Private/SceneCapturePixelShader.usf" 1864
"../../../Engine/Shaders/Private/RequiredTextureResolutionPixelShader.usf" 1865
"../../../Engine/Shaders/Private/RTWriteMaskDecode.usf" 1866
"../../../Engine/Shaders/Private/ReflectionEnvironmentShaders.usf" 1867
"../../../Engine/Shaders/Private/SkyLightingShared.ush" 1868
"../../../Engine/Shaders/Private/RayTracing/VisualizeSkyLightMipTreePS.usf" 1869
"../../../Engine/Shaders/Private/RayTracing/MipTreeCommon.ush" 1870
"../../../Engine/Shaders/Private/RayTracing/CompositeSkyLightPS.usf" 1871
"../../../Engine/Shaders/Private/RayTracing/GenerateSkyLightVisibilityRaysCS.usf" 1872
"../../../Engine/Shaders/Private/RayTracing/SkyLightVisibilityRaysData.ush" 1873
"../../../Engine/Shaders/Private/Raytracing/RaytracingSkylightRGS.usf" 1874
"../../../Engine/Shaders/Private/HairStrands/HairStrandsVoxelPageCommonStruct.ush" 1875
"../../../Engine/Shaders/Private/HairStrands/HairStrandsRaytracing.ush" 1876
"../../../Engine/Shaders/Private/HairStrands/HairStrandsVoxelPageCommon.ush" 1877
"../../../Engine/Shaders/Private/HairStrands/HairStrandsVoxelPageTraversal.ush" 1878
"../../../Engine/Shaders/Private/Raytracing/RayTracingSkyLightEvaluation.ush" 1879
"../../../Engine/Shaders/Private/Raytracing/RayTracingDeferredShadingCommon.ush" 1880
"../../../Engine/Shaders/Private/RayTracing/RayTracingOcclusionRGS.usf" 1881
"../../../Engine/Shaders/Private/RayTracing/SplitImaginaryReflectionGBufferCS.usf" 1882
"../../../Engine/Shaders/Private/RayTracing/RayTracingReflectionsCommon.ush" 1883
"../../../Engine/Shaders/Private/RayTracing/RayTracingReflections.usf" 1884
"../../../Engine/Shaders/Private/RayTracing/RayTracingLightingCommon.ush" 1885
"../../../Engine/Shaders/Private/RayTracing/RayTracingLightCullingCommon.ush" 1886
"../../../Engine/Shaders/Private/RayTracing/RayTracingReflectionEnvironment.ush" 1887
"../../../Engine/Shaders/Private/RayTracing/RayTracingPrimaryRays.usf" 1888
"../../../Engine/Shaders/Private/RayTracing/RayTracingMaterialDefaultHitShaders.usf" 1889
"../../../Engine/Shaders/Private/RayTracing/RayTracingLightingMS.usf" 1890
"../../../Engine/Shaders/Private/RayTracing/GenerateCulledLightListCS.usf" 1891
"../../../Engine/Shaders/Private/RayTracing/RayTracingFinalGatherRGS.usf" 1892
"../../../Engine/Shaders/Private/RayTracing/RayTracingGatherPoints.ush" 1893
"../../../Engine/Shaders/Private/RayTracing/RayTracingCreateGatherPointsRGS.usf" 1894
"../../../Engine/Shaders/Private/RayTracing/RayTracingGlobalIlluminationRGS.usf" 1895
"../../../Engine/Shaders/Private/RayTracing/RayTracingDynamicMesh.usf" 1896
"../../../Engine/Shaders/Private/RayTracing/RayTracingDeferredReflections.usf" 1897
"../../../Engine/Shaders/Private/RayTracing/RayTracingDeferredMaterials.ush" 1898
"../../../Engine/Shaders/Shared/ThirdParty/AMD/ags_shader_intrinsics_dx12.h" 1899
"../../../Engine/Shaders/Private/RayTracing/RayTracingDeferredReflections.ush" 1900
"../../../Engine/Shaders/Private/RayTracing/RayTracingReflectionResolve.usf" 1901
"../../../Engine/Shaders/Private/RayTracing/RayTracingReflectionsGenerateRaysCS.usf" 1902
"../../../Engine/Shaders/Private/RayTracing/MaterialSort.usf" 1903
"../../../Engine/Shaders/Private/RayTracing/RayTracingDeferredMaterials.usf" 1904
"../../../Engine/Shaders/Private/RayTracing/RayTracingDebug.usf" 1905
"../../../Engine/Shaders/Shared/RayTracingDebugDefinitions.h" 1906
"../../../Engine/Shaders/Private/RayTracing/RayTracingBarycentrics.usf" 1907
"../../../Engine/Shaders/Private/RayTracing/RayTracingAmbientOcclusionRGS.usf" 1908
"../../../Engine/Shaders/Private/PrimitiveDistanceAccuracyPixelShader.usf" 1909
"../../../Engine/Shaders/Private/VisualizeShadingModels.usf" 1910
"../../../Engine/Shaders/Private/TemporalAA/TAAUpdateHistory.usf" 1911
"../../../Engine/Shaders/Private/TemporalAA/TAACommon.ush" 1912
"../../../Engine/Shaders/Private/TemporalAA/TAADilateRejection.usf" 1913
"../../../Engine/Shaders/Private/TemporalAA/TAACompareHistory.usf" 1914
"../../../Engine/Shaders/Private/TemporalAA/TAAFilterFrequencies.usf" 1915
"../../../Engine/Shaders/Private/TemporalAA/TAADecimateHistory.usf" 1916
"../../../Engine/Shaders/Private/TemporalAA/TAADilateVelocity.usf" 1917
"../../../Engine/Shaders/Private/TemporalAA/TAAClearPrevTextures.usf" 1918
"../../../Engine/Shaders/Private/TemporalAA/TAAStandalone.usf" 1919
"../../../Engine/Shaders/Private/FilterPixelShader.usf" 1920
"../../../Engine/Shaders/Private/ScreenPass.ush" 1921
"../../../Engine/Shaders/Private/FilterVertexShader.usf" 1922
"../../../Engine/Shaders/Private/PostProcessVisualizeHDR.usf" 1923
"../../../Engine/Shaders/Private/PostProcessHistogramCommon.ush" 1924
"../../../Engine/Shaders/Private/ShaderComplexityApplyPixelShader.usf" 1925
"../../../Engine/Shaders/Private/PostProcessVisualizeBuffer.usf" 1926
"../../../Engine/Shaders/Private/PostProcessUpscale.usf" 1927
"../../../Engine/Shaders/Private/PostProcessTonemap.usf" 1928
"../../../Engine/Shaders/Private/PostProcessTestImage.usf" 1929
"../../../Engine/Shaders/Private/PostProcessSubsurface.usf" 1930
"../../../Engine/Shaders/Private/SeparableSSS.ush" 1931
"../../../Engine/Shaders/Private/SubsurfaceBurleyNormalized.ush" 1932
"../../../Engine/Shaders/Private/PostProcessSelectionOutline.usf" 1933
"../../../Engine/Shaders/Private/PostProcessPixelProjectedReflectionMobile.usf" 1934
"../../../Engine/Shaders/Private/PostProcessNoiseBlur.usf" 1935
"../../../Engine/Shaders/Private/PostProcessMotionBlur.usf" 1936
"../../../Engine/Shaders/Private/PostProcessVelocityFlatten.usf" 1937
"../../../Engine/Shaders/Private/PostProcessMobile.usf" 1938
"../../../Engine/Shaders/Private/PostProcessMitchellNetravali.usf" 1939
"../../../Engine/Shaders/Private/PostProcessMaterialShaders.usf" 1940
"../../../Engine/Shaders/Private/PostProcessLensFlares.usf" 1941
"../../../Engine/Shaders/Private/ComposeSeparateTranslucency.usf" 1942
"../../../Engine/Shaders/Private/PostProcessHMD.usf" 1943
"../../../Engine/Shaders/Private/PostProcessHistogramReduce.usf" 1944
"../../../Engine/Shaders/Private/PostProcessHistogram.usf" 1945
"../../../Engine/Shaders/Private/PostProcessGBufferHints.usf" 1946
"../../../Engine/Shaders/Private/PostProcessFFTBloom.usf" 1947
"../../../Engine/Shaders/Private/PostProcessEyeAdaptation.usf" 1948
"../../../Engine/Shaders/Private/PostProcessDownsample.usf" 1949
"../../../Engine/Shaders/Private/PostProcessDOF.usf" 1950
"../../../Engine/Shaders/Private/PostProcessDeviceEncodingOnly.usf" 1951
"../../../Engine/Shaders/Private/PostProcessCompositeEditorPrimitives.usf" 1952
"../../../Engine/Shaders/Private/PostProcessCombineLUTs.usf" 1953
"../../../Engine/Shaders/Private/PostProcessVisualizeDOF.usf" 1954
"../../../Engine/Shaders/Private/PostProcessBloom.usf" 1955
"../../../Engine/Shaders/Private/PostProcessAmbientOcclusionMobile.usf" 1956
"../../../Engine/Shaders/Private/PostProcessAmbientOcclusionCommon.ush" 1957
"../../../Engine/Shaders/Private/FXAAShader.usf" 1958
"../../../Engine/Shaders/Private/Fxaa3_11.ush" 1959
"../../../Engine/Shaders/Private/DiaphragmDOF/DOFRecombine.usf" 1960
"../../../Engine/Shaders/Private/DiaphragmDOF/DOFCommon.ush" 1961
"../../../Engine/Shaders/Private/DiaphragmDOF/DOFHybridScatterPixelShader.usf" 1962
"../../../Engine/Shaders/Private/DiaphragmDOF/DOFHybridScatterCommon.ush" 1963
"../../../Engine/Shaders/Private/DiaphragmDOF/DOFHybridScatterVertexShader.usf" 1964
"../../../Engine/Shaders/Private/DiaphragmDOF/DOFPostfiltering.usf" 1965
"../../../Engine/Shaders/Private/DiaphragmDOF/DOFGatherTileSuggest.ush" 1966
"../../../Engine/Shaders/Private/DiaphragmDOF/DOFCocTileCommon.ush" 1967
"../../../Engine/Shaders/Private/DiaphragmDOF/DOFGatherPass.usf" 1968
"../../../Engine/Shaders/Private/DiaphragmDOF/DOFGatherCommon.ush" 1969
"../../../Engine/Shaders/Private/DiaphragmDOF/DOFGatherAccumulator.ush" 1970
"../../../Engine/Shaders/Private/DiaphragmDOF/DOFGatherKernel.ush" 1971
"../../../Engine/Shaders/Private/DiaphragmDOF/DOFBokehLUT.usf" 1972
"../../../Engine/Shaders/Private/DiaphragmDOF/DOFHybridScatterCompilation.usf" 1973
"../../../Engine/Shaders/Private/DiaphragmDOF/DOFReduce.usf" 1974
"../../../Engine/Shaders/Private/DiaphragmDOF/DOFDownsample.ush" 1975
"../../../Engine/Shaders/Private/DiaphragmDOF/DOFHybridScatterCompilation.ush" 1976
"../../../Engine/Shaders/Private/DiaphragmDOF/DOFDownsample.usf" 1977
"../../../Engine/Shaders/Private/DiaphragmDOF/DOFCocTileDilate.usf" 1978
"../../../Engine/Shaders/Private/DiaphragmDOF/DOFCocTileFlatten.usf" 1979
"../../../Engine/Shaders/Private/DiaphragmDOF/DOFSetup.usf" 1980
"../../../Engine/Shaders/Private/PlanarReflectionShaders.usf" 1981
"../../../Engine/Shaders/Private/PlanarReflectionShared.ush" 1982
"../../../Engine/Shaders/Private/PathTracing/PathTracingCompositingPixelShader.usf" 1983
"../../../Engine/Shaders/Private/PathTracing/PathTracingIESAtlas.usf" 1984
"../../../Engine/Shaders/Private/PathTracing/PathTracing.usf" 1985
"../../../Engine/Shaders/Private/PathTracing/PathTracingCamera.ush" 1986
"../../../Engine/Shaders/Private/PathTracing/Sensor/PathTracingPinholeCamera.ush" 1987
"../../../Engine/Shaders/Private/PathTracing/PathTracingBuildLightGrid.usf" 1988
"../../../Engine/Shaders/Private/PathTracing/PathTracingSkylightMISCompensation.usf" 1989
"../../../Engine/Shaders/Private/PathTracing/PathTracingSkylightPrepare.usf" 1990
"../../../Engine/Shaders/Private/MobileSceneCapture.usf" 1991
"../../../Engine/Shaders/Private/DistortApplyScreenPS.usf" 1992
"../../../Engine/Shaders/Private/MobileDeferredShading.usf" 1993
"../../../Engine/Shaders/Private/MobileShadingModels.ush" 1994
"../../../Engine/Shaders/Private/MobileGGX.ush" 1995
"../../../Engine/Shaders/Private/MobileBasePassPixelShader.usf" 1996
"../../../Engine/Shaders/Private/MobileBasePassCommon.ush" 1997
"../../../Engine/Shaders/Private/SingleLayerWaterShading.ush" 1998
"../../../Engine/Shaders/Private/DistortionCommon.ush" 1999
"../../../Engine/Shaders/Private/MobileBasePassVertexShader.usf" 2000
"../../../Engine/Shaders/Private/MeshTexCoordSizeAccuracyPixelShader.usf" 2001
"../../../Engine/Shaders/Private/MaterialTexCoordScalesPixelShader.usf" 2002
"../../../Engine/Shaders/Private/LightShaftShader.usf" 2003
"../../../Engine/Shaders/Private/StationaryLightOverlapShaders.usf" 2004
"../../../Engine/Shaders/Private/DeferredLightPixelShaders.usf" 2005
"../../../Engine/Shaders/Private/HairStrands/HairStrandsCommon.ush" 2006
"../../../Engine/Shaders/Private/HairStrands/HairStrandsDeepTransmittanceCommon.ush" 2007
"../../../Engine/Shaders/Private/HairStrands/HairStrandsDeepTransmittanceDualScattering.ush" 2008
"../../../Engine/Shaders/Private/DeferredLightVertexShaders.usf" 2009
"../../../Engine/Shaders/Private/LPVVisualise.usf" 2010
"../../../Engine/Shaders/Private/LPVGeometryVolumeCommon.ush" 2011
"../../../Engine/Shaders/Private/LPVDirectLightInject.usf" 2012
"../../../Engine/Shaders/Private/LPVPropagate.usf" 2013
"../../../Engine/Shaders/Private/LPVPacking.ush" 2014
"../../../Engine/Shaders/Private/LPVBuildGeometryVolume.usf" 2015
"../../../Engine/Shaders/Private/LPVDirectionalOcclusion.usf" 2016
"../../../Engine/Shaders/Private/LPVInject_AccumulateVplLists.usf" 2017
"../../../Engine/Shaders/Private/LPVInject_GenerateVplLists.usf" 2018
"../../../Engine/Shaders/Private/LPVClearLists.usf" 2019
"../../../Engine/Shaders/Private/LPVClear.usf" 2020
"../../../Engine/Shaders/Private/LightMapDensityShader.usf" 2021
"../../../Engine/Shaders/Private/LightGridInjection.usf" 2022
"../../../Engine/Shaders/Private/LightFunctionPixelShader.usf" 2023
"../../../Engine/Shaders/Private/LightFunctionVertexShader.usf" 2024
"../../../Engine/Shaders/Private/ReflectionEnvironmentPixelShader.usf" 2025
"../../../Engine/Shaders/Private/AmbientCubemapComposite.usf" 2026
"../../../Engine/Shaders/Private/DiffuseIndirectComposite.usf" 2027
"../../../Engine/Shaders/Private/HeightfieldLighting.usf" 2028
"../../../Engine/Shaders/Private/DistanceFieldLightingShared.ush" 2029
"../../../Engine/Shaders/Private/DistanceFieldShadowingShared.ush" 2030
"../../../Engine/Shaders/Private/HeightfieldLightingShared.ush" 2031
"../../../Engine/Shaders/Private/HdrCustomResolveShaders.usf" 2032
"../../../Engine/Shaders/Private/HairStrands/HairStrandsVoxelMip.usf" 2033
"../../../Engine/Shaders/Private/HairStrands/HairStrandsVoxelRasterCompute.usf" 2034
"../../../Engine/Shaders/Private/HairStrands/HairStrandsVoxelPageAllocation.usf" 2035
"../../../Engine/Shaders/Private/Matrices.ush" 2036
"../../../Engine/Shaders/Private/HairStrands/HairStrandsVoxelOpaque.usf" 2037
"../../../Engine/Shaders/Private/HairStrands/HairStrandsVisibilityRasterCompute.usf" 2038
"../../../Engine/Shaders/Shared/ThirdParty/NVIDIA/nvHLSLExtns.h" 2039
"../../../Engine/Shaders/Shared/ThirdParty/NVIDIA/nvHLSLExtnsInternal.h" 2040
"../../../Engine/Shaders/Shared/ThirdParty/NVIDIA/nvShaderExtnEnums.h" 2041
"../../../Engine/Shaders/Shared/ThirdParty/AMD/ags_shader_intrinsics_dx11.h" 2042
"../../../Engine/Shaders/Private/HairStrands/HairStrandsCoverage.usf" 2043
"../../../Engine/Shaders/Private/HairStrands/HairStrandsVisibilityDepthPS.usf" 2044
"../../../Engine/Shaders/Private/HairStrands/HairStrandsVisibilityTransmittanceDepthPS.usf" 2045
"../../../Engine/Shaders/Private/HairStrands/HairStrandsVisibilityFillOpaqueDepthPS.usf" 2046
"../../../Engine/Shaders/Private/HairStrands/HairStrandsVisibilityTile.usf" 2047
"../../../Engine/Shaders/Private/HairStrands/HairStrandsVisibilityCompactionComputeRaster.usf" 2048
"../../../Engine/Shaders/Private/HairStrands/HairStrandsVisibilityCompaction.usf" 2049
"../../../Engine/Shaders/Private/HairStrands/HairStrandsVisibilityCopyIndirectArg.usf" 2050
"../../../Engine/Shaders/Private/HairStrands/HairStrandsVisibilityClearPS.usf" 2051
"../../../Engine/Shaders/Private/HairStrands/HairStrandsVisibilityPS.usf" 2052
"../../../Engine/Shaders/Private/HairStrands/HairStrandsVisibilityVS.usf" 2053
"../../../Engine/Shaders/Private/HairStrands/HairStrandsLightChannelMask.usf" 2054
"../../../Engine/Shaders/Private/HairStrands/HairStrandsVelocity.usf" 2055
"../../../Engine/Shaders/Private/HairStrands/HairStrandsVisibilityComputeSampleCoverage.usf" 2056
"../../../Engine/Shaders/Private/HairStrands/HairStrandsMaterialPS.usf" 2057
"../../../Engine/Shaders/Private/HairStrands/HairStrandsMaterialCommon.ush" 2058
"../../../Engine/Shaders/Private/HairStrands/HairStrandsMaterialVS.usf" 2059
"../../../Engine/Shaders/Private/HairStrands/HairStrandsMaterialGBufferPS.usf" 2060
"../../../Engine/Shaders/Private/HairStrands/HairStrandsGBufferCommon.ush" 2061
"../../../Engine/Shaders/Private/HairStrands/HairStrandsMaterialGBufferVS.usf" 2062
"../../../Engine/Shaders/Private/HairStrands/HairStrandsLightSample.usf" 2063
"../../../Engine/Shaders/Private/HairStrands/HairStrandsDeepShadowMask.usf" 2064
"../../../Engine/Shaders/Private/HairStrands/HairStrandsDeepShadowCommonStruct.ush" 2065
"../../../Engine/Shaders/Private/HairStrands/HairStrandsDeepShadowCommon.ush" 2066
"../../../Engine/Shaders/Private/HairStrands/HairStrandsDeepTransmittanceMask.usf" 2067
"../../../Engine/Shaders/Private/HairStrands/HairScatter.usf" 2068
"../../../Engine/Shaders/Private/HairStrands/HairScatterCompose.usf" 2069
"../../../Engine/Shaders/Private/HairStrands/HairStrandsDeepShadowPS.usf" 2070
"../../../Engine/Shaders/Private/HairStrands/HairStrandsDeepShadowVS.usf" 2071
"../../../Engine/Shaders/Private/HairStrands/HairStrandsLUT.usf" 2072
"../../../Engine/Shaders/Private/HairStrands/HairStrandsEnvironmentLighting.usf" 2073
"../../../Engine/Shaders/Private/HairStrands/HairStrandsEnvironmentLightingCommon.ush" 2074
"../../../Engine/Shaders/Private/HairStrands/HairStrandsDebugCommonStruct.ush" 2075
"../../../Engine/Shaders/Private/HairStrands/HairStrandsEnvironmentAO.usf" 2076
"../../../Engine/Shaders/Private/HairStrands/HairStrandsDeepShadowAllocation.usf" 2077
"../../../Engine/Shaders/Private/HairStrands/HairStrandsVoxelDepthInjection.usf" 2078
"../../../Engine/Shaders/Private/HairStrands/HairStrandsVisibilityPPLLDebug.usf" 2079
"../../../Engine/Shaders/Private/HairStrands/HairStrandsBsdfPlot.usf" 2080
"../../../Engine/Shaders/Private/HairStrands/HairStrandsVoxelPageRayMarching.usf" 2081
"../../../Engine/Shaders/Private/HairStrands/HairStrandsDeepShadowDebug.usf" 2082
"../../../Engine/Shaders/Private/HairStrands/HairStrandsDebug.usf" 2083
"../../../Engine/Shaders/Private/HairStrands/HairStrandsDebugPrint.usf" 2084
"../../../Engine/Shaders/Private/HairStrands/HairStrandsGBufferWrite.usf" 2085
"../../../Engine/Shaders/Private/HairStrands/HairStrandsVisibilityComposeSubPixelPS.usf" 2086
"../../../Engine/Shaders/Private/HairStrands/HairStrandsAABB.usf" 2087
"../../../Engine/Shaders/Private/GPUFastFourierTransform.usf" 2088
"../../../Engine/Shaders/Private/GPUFastFourierTransform2DCore.ush" 2089
"../../../Engine/Shaders/Private/GPUFastFourierTransformCore.ush" 2090
"../../../Engine/Shaders/Private/ShaderDrawDebug.usf" 2091
"../../../Engine/Shaders/Private/GPUBenchmark.usf" 2092
"../../../Engine/Shaders/Private/GlobalDistanceField.usf" 2093
"../../../Engine/Shaders/Private/GammaCorrection.usf" 2094
"../../../Engine/Shaders/Private/HeightFogPixelShader.usf" 2095
"../../../Engine/Shaders/Private/HeightFogVertexShader.usf" 2096
"../../../Engine/Shaders/Private/DistortAccumulatePS.usf" 2097
"../../../Engine/Shaders/Private/DistortAccumulateVS.usf" 2098
"../../../Engine/Shaders/Private/DistanceFieldVisualization.usf" 2099
"../../../Engine/Shaders/Private/DistanceFieldShadowing.usf" 2100
"../../../Engine/Shaders/Private/DistanceFieldScreenGridLighting.usf" 2101
"../../../Engine/Shaders/Private/DistanceFieldObjectCulling.usf" 2102
"../../../Engine/Shaders/Private/DistanceFieldLightingPost.usf" 2103
"../../../Engine/Shaders/Private/DitheredTransitionStencil.usf" 2104
"../../../Engine/Shaders/Private/DepthOnlyPixelShader.usf" 2105
"../../../Engine/Shaders/Private/DepthOnlyVertexShader.usf" 2106
"../../../Engine/Shaders/Private/PositionOnlyDepthVertexShader.usf" 2107
"../../../Engine/Shaders/Private/DeferredDecal.usf" 2108
"../../../Engine/Shaders/Private/DecalCommon.ush" 2109
"../../../Engine/Shaders/Private/DBufferDecalShared.ush" 2110
"../../../Engine/Shaders/Private/DebugViewModeVertexShader.usf" 2111
"../../../Engine/Shaders/Private/PostProcessPassThrough.usf" 2112
"../../../Engine/Shaders/Private/MeshDecals.usf" 2113
"../../../Engine/Shaders/Private/PostProcessLpvIndirect.usf" 2114
"../../../Engine/Shaders/Private/LPVFinalPass.ush" 2115
"../../../Engine/Shaders/Private/PostProcessAmbientOcclusion.usf" 2116
"../../../Engine/Shaders/Private/ClusteredDeferredShadingPixelShader.usf" 2117
"../../../Engine/Shaders/Private/CapsuleShadowShaders.usf" 2118
"../../../Engine/Shaders/Private/BasePassPixelShader.usf" 2119
"../../../Engine/Shaders/Private/BasePassCommon.ush" 2120
"../../../Engine/Shaders/Private/ShadingModelsMaterial.ush" 2121
"../../../Engine/Shaders/Private/ThinTranslucentCommon.ush" 2122
"../../../Engine/Shaders/Private/ForwardLightingCommon.ush" 2123
"../../../Engine/Shaders/Private/BasePassTessellationShaders.usf" 2124
"../../../Engine/Shaders/Private/BasePassVertexCommon.ush" 2125
"../../../Engine/Shaders/Private/BasePassVertexShader.usf" 2126
"../../../Engine/Shaders/Private/AtmospherePrecomputeInscatter.usf" 2127
"../../../Engine/Shaders/Private/AtmospherePrecomputeCommon.ush" 2128
"../../../Engine/Shaders/Private/AtmospherePrecompute.usf" 2129
"../../../Engine/Shaders/Private/AtmosphericFogShader.usf" 2130
"../../../Engine/Shaders/Private/AnisotropyPassShader.usf" 2131
"../../../Engine/Shaders/Private/SimpleElementVolumeTexturePreviewPixelShader.usf" 2132
"../../../Engine/Shaders/Private/SimpleElementTexture2DPreviewPixelShader.usf" 2133
"../../../Engine/Shaders/Private/SimpleElementNormalMapPixelShader.usf" 2134
"../../../Engine/Shaders/Private/meshpaintdilatepixelshader.usf" 2135
"../../../Engine/Shaders/Private/meshpaintdilatevertexshader.usf" 2136
"../../../Engine/Shaders/Private/MeshPaintPixelShader.usf" 2137
"../../../Engine/Shaders/Private/MeshPaintVertexShader.usf" 2138
"../../../Engine/Shaders/Private/Tools/VisualizeTexture.usf" 2139
"../../../Engine/Shaders/Private/ByteBuffer.usf" 2140
"../../../Engine/Shaders/Private/ResolveVertexShader.usf" 2141
"../../../Engine/Shaders/Private/ResolvePixelShader.usf" 2142
"../../../Engine/Shaders/Private/Tools/ClearUAV.usf" 2143
"../../../Engine/Shaders/Private/ClearReplacementShaders.usf" 2144
"../../../Engine/Shaders/Private/Raytracing/RayTracingInstanceCopy.usf" 2145
"../../../Engine/Shaders/Private/RenderGraphUtilities.usf" 2146
"../../../Engine/Shaders/Private/OneColorShader.usf" 2147
"../../../Engine/Shaders/Private/OculusShaders.usf" 2148
"../../../Engine/Shaders/Private/MediaShaders.usf" 2149
"../../../Engine/Shaders/Private/NullPixelShader.usf" 2150
"../../../Engine/Shaders/Private/ComputeGenerateMips.usf" 2151
"../../../Engine/Shaders/Private/CopyTextureShaders.usf" 2152
"../../../Engine/Shaders/Private/Tools/FullscreenVertexShader.usf" 2153
"../../../Engine/Shaders/Private/RayTracing/RayTracingBuiltInShaders.usf" 2154
"C:/Users/willi/AppData/Local/UnrealEngine/4.27/DerivedDataCache/Boot.ddc" 2155
"../../../Engine/DerivedDataCache/Compressed.ddp" 2156
"C:/Users/willi/AppData/Local/UnrealEngine/Common/DerivedDataCache/TestData/0/TestData_4kb.dat" 2157
"C:/Users/willi/AppData/Local/UnrealEngine/Common/DerivedDataCache/TestData/1/TestData_4kb.dat" 2158
"C:/Users/willi/AppData/Local/UnrealEngine/Common/DerivedDataCache/TestData/0/TestData_8kb.dat" 2159
"C:/Users/willi/AppData/Local/UnrealEngine/Common/DerivedDataCache/TestData/1/TestData_8kb.dat" 2160
"C:/Users/willi/AppData/Local/UnrealEngine/Common/DerivedDataCache/TestData/0/TestData_16kb.dat" 2161
"C:/Users/willi/AppData/Local/UnrealEngine/Common/DerivedDataCache/TestData/1/TestData_16kb.dat" 2162
"C:/Users/willi/AppData/Local/UnrealEngine/Common/DerivedDataCache/TestData/0/TestData_64kb.dat" 2163
"C:/Users/willi/AppData/Local/UnrealEngine/Common/DerivedDataCache/TestData/1/TestData_64kb.dat" 2164
"C:/Users/willi/AppData/Local/UnrealEngine/Common/DerivedDataCache/TestData/0/TestData_128kb.dat" 2165
"C:/Users/willi/AppData/Local/UnrealEngine/Common/DerivedDataCache/TestData/1/TestData_128kb.dat" 2166
"C:/Users/willi/AppData/Local/UnrealEngine/Common/DerivedDataCache/TestData/0/TestData_256kb.dat" 2167
"C:/Users/willi/AppData/Local/UnrealEngine/Common/DerivedDataCache/TestData/1/TestData_256kb.dat" 2168
"../../../Engine/Content/EditorResources/S_Actor.uasset" 2169
"../../../Engine/Content/EngineResources/WhiteSquareTexture.uasset" 2170
"../../../Engine/Content/EngineResources/GradientTexture0.uasset" 2171
"../../../Engine/Content/EngineResources/Black.uasset" 2172
"../../../Engine/Content/EngineMeshes/Sphere.uasset" 2173
"../../../Engine/Content/EditorMaterials/MatineeGroups/MAT_Groups_Float.uasset" 2174
"../../../Engine/Content/EditorMaterials/MatineeGroups/MAT_Groups_Anim.uasset" 2175
"../../../Engine/Content/EditorMaterials/MatineeGroups/MAT_Groups_AudioMaster.uasset" 2176
"../../../Engine/Content/EditorMaterials/MatineeGroups/MAT_ColorTrack.uasset" 2177
"../../../Engine/Content/EditorMaterials/MatineeGroups/MAT_Groups_Fade.uasset" 2178
"../../../Engine/Content/EditorMaterials/MatineeGroups/MAT_Groups_Director.uasset" 2179
"../../../Engine/Content/EditorMaterials/MatineeGroups/MAT_Groups_Event.uasset" 2180
"../../../Engine/Content/EditorMaterials/MatineeGroups/MAT_Groups_Move.uasset" 2181
"../../../Engine/Content/EditorMaterials/MatineeGroups/MAT_Groups_Slomo.uasset" 2182
"../../../Engine/Content/EditorMaterials/MatineeGroups/MAT_Groups_Sound.uasset" 2183
"../../../Engine/Content/EditorMaterials/MAT_Groups_Toggle.uasset" 2184
"../../../Engine/Content/EditorMaterials/MatineeGroups/MAT_Groups_Vector.uasset" 2185
"../../../Engine/Content/EditorMaterials/MAT_Groups_Visibility.uasset" 2186
"../../../Engine/Content/EngineResources/DefaultTexture.uasset" 2187
"../../../Engine/Content/EngineResources/DefaultTextureCube.uasset" 2188
"../../../Engine/Content/EngineResources/DefaultVolumeTexture.uasset" 2189
"../../../Engine/Content/EngineResources/DefaultVolumeTexture2D.uasset" 2190
"../../../Engine/Content/EngineFonts/RobotoDistanceField.uasset" 2191
"../../../Engine/Content/EngineMaterials/DefaultTextMaterialOpaque.uasset" 2192
"../../../Engine/Content/Functions/Engine_MaterialFunctions01/Shading/PowerToRoughness.uasset" 2193
"../../../Engine/Content/Functions/Engine_MaterialFunctions01/Shading/ConvertFromDiffSpec.uasset" 2194
"../../../Engine/Content/EngineMaterials/WorldGridMaterial.uasset" 2195
"../../../Engine/Content/Functions/Engine_MaterialFunctions01/Opacity/CameraDepthFade.uasset" 2196
"../../../Engine/Content/EngineMaterials/T_Default_Material_Grid_M.uasset" 2197
"../../../Engine/Content/EngineMaterials/T_Default_Material_Grid_N.uasset" 2198
"../../../Engine/Content/EngineMaterials/DefaultDeferredDecalMaterial.uasset" 2199
"../../../Engine/Content/EngineMaterials/DefaultDiffuse.uasset" 2200
"../../../Engine/Content/EngineMaterials/DefaultLightFunctionMaterial.uasset" 2201
"../../../Engine/Content/EngineMaterials/DefaultPostProcessMaterial.uasset" 2202
"../../../Engine/Content/Functions/Engine_MaterialFunctions02/Utility/BreakOutFloat2Components.uasset" 2203
"../../../Engine/Content/EditorResources/S_Trigger.uasset" 2204
"../../../Engine/Content/EngineSky/VolumetricClouds/m_SimpleVolumetricCloud_Inst.uasset" 2205
"../../../Engine/Content/EngineSky/VolumetricClouds/m_SimpleVolumetricCloud.uasset" 2206
"../../../Engine/Content/Functions/Engine_MaterialFunctions02/Utility/MakeFloat2.uasset" 2207
"../../../Engine/Content/EngineSky/VolumetricClouds/CloudGradientTexture.uasset" 2208
"../../../Engine/Content/EngineSky/VolumetricClouds/CloudWeatherTexture.uasset" 2209
"../../../Engine/Content/EngineSky/VolumetricClouds/T_VolumeNoiseErosion32.uasset" 2210
"../../../Engine/Content/EngineSky/VolumetricClouds/T_NoiseErosion.uasset" 2211
"../../../Engine/Content/EngineSky/VolumetricClouds/T_VolumeNoiseShape64.uasset" 2212
"../../../Engine/Content/EngineSky/VolumetricClouds/T_NoiseShape64.uasset" 2213
"../../../Engine/Content/EngineMaterials/BaseFlattenMaterial.uasset" 2214
"../../../Engine/Content/EngineMaterials/BaseFlattenDiffuseMap.uasset" 2215
"../../../Engine/Content/EngineMaterials/BaseFlattenEmissiveMap.uasset" 2216
"../../../Engine/Content/EngineMaterials/BaseFlattenGrayscaleMap.uasset" 2217
"../../../Engine/Content/EngineMaterials/BaseFlattenNormalMap.uasset" 2218
"../../../Engine/Content/EngineDamageTypes/DmgTypeBP_Environmental.uasset" 2219
"../../../Engine/Content/VREditor/TransformGizmo/SM_Sequencer_Key.uasset" 2220
"../../../Engine/Content/VREditor/TransformGizmo/Main.uasset" 2221
"../../../Engine/Content/VREditor/TransformGizmo/Xray.uasset" 2222
"../../../Engine/Content/EngineMaterials/Widget3DPassThrough_Translucent.uasset" 2223
"../../../Engine/Content/EngineMaterials/Widget3DPassThrough.uasset" 2224
"../../../Engine/Config/TVOS/TVOSEngine.ini" 2225
"../../../Engine/Content/EngineMaterials/Widget3DPassThrough_Translucent_OneSided.uasset" 2226
"../../../Engine/Content/EngineMaterials/Widget3DPassThrough_Opaque.uasset" 2227
"../../../Engine/Content/EngineMaterials/Widget3DPassThrough_Opaque_OneSided.uasset" 2228
"../../../Engine/Content/EngineMaterials/Widget3DPassThrough_Masked.uasset" 2229
"../../../Engine/Content/EngineMaterials/Widget3DPassThrough_Masked_OneSided.uasset" 2230
"../../../Engine/Content/VREditor/TransformGizmo/PlaneTranslationHandle.uasset" 2231
"../../../Engine/Content/VREditor/TransformGizmo/TransformGizmoMaterial.uasset" 2232
"../../../Engine/Content/VREditor/LaserPointer/VR_LaserPower_01.uasset" 2233
"../../../Engine/Content/VREditor/TransformGizmo/TranslucentTransformGizmoMaterial.uasset" 2234
"../../../Engine/Content/VREditor/TransformGizmo/BoundingBoxCorner.uasset" 2235
"../../../Engine/Content/VREditor/TransformGizmo/BoundingBoxEdge.uasset" 2236
"../../../Engine/Content/EditorMeshes/Camera/SM_CraneRig_Base.uasset" 2237
"../../../Engine/Content/EditorMaterials/Camera/MI_CineMat_Rig.uasset" 2238
"../../../Engine/Content/EditorMaterials/Camera/CineMat.uasset" 2239
"../../../Engine/Content/EditorMeshes/Camera/SM_CraneRig_Arm.uasset" 2240
"../../../Engine/Content/EditorMeshes/Camera/SM_CraneRig_Mount.uasset" 2241
"../../../Engine/Content/EditorMeshes/Camera/SM_CraneRig_Body.uasset" 2242
"../../../Engine/Content/EditorMeshes/Camera/SM_RailRig_Track.uasset" 2243
"../../../Engine/Content/EditorMeshes/Camera/SM_RailRig_Mount.uasset" 2244
"../../../Engine/Content/ArtTools/RenderToTexture/Meshes/S_1_Unit_Plane.uasset" 2245
"../../../Engine/Content/EngineDebugMaterials/M_SimpleUnlitTranslucent.uasset" 2246
"../../../Engine/Content/EngineFonts/Roboto.uasset" 2247
"../../../Engine/Content/EngineFonts/Faces/DroidSansFallback.uasset" 2248
"../../../Engine/Content/EngineFonts/Faces/RobotoBold.uasset" 2249
"../../../Engine/Content/EngineFonts/Faces/RobotoBoldItalic.uasset" 2250
"../../../Engine/Content/EngineFonts/Faces/RobotoItalic.uasset" 2251
"../../../Engine/Content/EngineFonts/Faces/RobotoLight.uasset" 2252
"../../../Engine/Content/EngineFonts/Faces/RobotoRegular.uasset" 2253
"../../../Engine/Content/EditorMaterials/ParticleSystems/PSysThumbnail_NoImage.uasset" 2254
"../../../Engine/Content/EditorMaterials/ParticleSystems/PSysThumbnail_OOD.uasset" 2255
"../../../Engine/Content/Maps/Templates/Thumbnails/Default.uasset" 2256
"../../../Engine/Content/Maps/Templates/Thumbnails/TimeOfDay.uasset" 2257
"../../../Engine/Content/Maps/Templates/Thumbnails/VR-Basic.uasset" 2258
"../../../Engine/Content/EditorLandscapeResources/DataLayer.uasset" 2259
"../../Plugins/Runtime/HairStrands/Content/Materials/HairDebugMaterial.uasset" 2260
"../../../Engine/Content/Functions/Engine_MaterialFunctions02/Utility/MakeFloat3.uasset" 2261
"../../../Engine/Content/EngineMaterials/HairColorMap.uasset" 2262
"../../../Engine/Content/EngineMaterials/HairDebugColor.uasset" 2263
"../../Plugins/Runtime/HairStrands/Content/Materials/HairDefaultMaterial.uasset" 2264
"../../Plugins/Runtime/HairStrands/Content/Materials/HairCardsDefaultMaterial.uasset" 2265
"../../Plugins/Runtime/HairStrands/Content/Materials/HairMeshesDefaultMaterial.uasset" 2266
"../../Plugins/Runtime/Oculus/OculusVR/Content/Materials/PokeAHoleMaterial.uasset" 2267
"../../../Engine/Content/VREditor/TransformGizmo/SM_Sequencer_Node.uasset" 2268
"../../../Engine/Content/Internationalization/icudt64l/coll/ucadata.icu" 2269
"../../../Engine/Content/Internationalization/icudt64l/coll/en.res" 2270
"../../../Engine/Content/Internationalization/icudt64l/coll/root.res" 2271
"../../../Engine/Content/Tutorial/Basics/LevelEditorAttract.uasset" 2272
"../../../Engine/Content/Tutorial/Basics/LevelEditorOverview.uasset" 2273
"../../../Engine/Content/Tutorial/Basics/TutorialAssets/icon_tab_Levels_40x.uasset" 2274
"../../../Engine/Content/Tutorial/ContentIntroCurve.uasset" 2275
"../../Plugins/2D/Paper2D/Content/MaskedUnlitSpriteMaterial.uasset" 2276
"../../Plugins/2D/Paper2D/Content/DefaultSpriteMaterial.uasset" 2277
"../../Plugins/2D/Paper2D/Content/PlaceholderTextures/DummySpriteTexture.uasset" 2278
"../../Plugins/2D/Paper2D/Content/OpaqueUnlitSpriteMaterial.uasset" 2279
"../../Plugins/2D/Paper2D/Content/DefaultPaperTerrainMaterial.uasset" 2280
"../../Plugins/2D/Paper2D/Content/DummySprite.uasset" 2281
"../../Plugins/Lumin/MagicLeapPassableWorld/Content/MagicLeapARPinInfoActor.uasset" 2282
"../../../Engine/Content/ArtTools/RenderToTexture/Materials/Debug/M_Emissive_Color.uasset" 2283
"../../../Engine/Content/BasicShapes/Cylinder.uasset" 2284
"../../../Engine/Content/EngineMaterials/DefaultMaterial.uasset" 2285
"../../../Engine/Content/EngineDebugMaterials/VertexColorMaterial.uasset" 2286
"../../../Engine/Content/EngineDebugMaterials/WireframeMaterial.uasset" 2287
"../../../Engine/Content/EngineMeshes/Cylinder.uasset" 2288
"../../../Engine/Content/EditorMaterials/AssetViewer/EpicQuadPanorama_CC+EV1.uasset" 2289
"../../Plugins/Enterprise/DatasmithContent/Content/Materials/C4DMaster.uasset" 2290
"../../Plugins/Enterprise/DatasmithContent/Content/Materials/C4DMasterUV.uasset" 2291
"../../../Engine/Content/Functions/Engine_MaterialFunctions02/Texturing/CustomRotator.uasset" 2292
"../../Plugins/Enterprise/DatasmithContent/Content/Materials/TileMirrorAxis.uasset" 2293
"../../Plugins/Enterprise/DatasmithContent/Content/Materials/UVEdit.uasset" 2294
"../../../Engine/Content/Functions/Engine_MaterialFunctions01/Texturing/FlattenNormal.uasset" 2295
"../../../Engine/Content/Functions/Engine_MaterialFunctions02/HueShift.uasset" 2296
"../../../Engine/Content/ArtTools/RenderToTexture/Textures/127grey.uasset" 2297
"../../../Engine/Content/EditorLandscapeResources/WhiteSquareTexture.uasset" 2298
"../../../Engine/Content/EngineMaterials/T_Default_Normal.uasset" 2299
"../../Plugins/Enterprise/DatasmithContent/Content/Materials/RevitMaster.uasset" 2300
"../../../Engine/Content/Functions/Engine_MaterialFunctions03/Procedurals/NormalFromHeightmap.uasset" 2301
"../../Plugins/Enterprise/DatasmithContent/Content/Materials/SketchupMaster.uasset" 2302
"../../../Engine/Content/EngineMaterials/FlatNormal.uasset" 2303
"../../Plugins/Enterprise/DatasmithContent/Content/Materials/CE_OpaqueMaster.uasset" 2304
"../../Plugins/Enterprise/DatasmithContent/Content/Materials/CE_BaseMaster.uasset" 2305
"../../Plugins/Enterprise/DatasmithContent/Content/Materials/CE_OpacityMaster.uasset" 2306
"../../Plugins/Enterprise/DatasmithContent/Content/Materials/CE_OpacitySimpleMaster.uasset" 2307
"../../../Engine/Content/EditorLandscapeResources/DefaultAlphaTexture.uasset" 2308
"../../../Engine/Content/EditorResources/S_Terrain.uasset" 2309
"../../../Engine/Content/EditorResources/S_Solver.uasset" 2310
"../../../Engine/Content/EditorResources/S_Note.uasset" 2311
"../../../Engine/Content/EngineDebugMaterials/VolumeToRender.uasset" 2312
"../../../Engine/Content/EngineDebugMaterials/M_VolumeRenderSphereTracePP.uasset" 2313
"../../../Engine/Content/Functions/Engine_MaterialFunctions02/Utility/CameraDirectionVector.uasset" 2314
"F:/Unreal Engine/UE_4.27/Engine/Binaries/ThirdParty/USD/UsdResources/Win64/plugins/plugInfo.json" 2315
"F:/Unreal Engine/UE_4.27/Engine/Binaries/ThirdParty/USD/UsdResources/Win64/plugins/ar/resources/plugInfo.json" 2316
"F:/Unreal Engine/UE_4.27/Engine/Binaries/ThirdParty/USD/UsdResources/Win64/plugins/ndr/resources/plugInfo.json" 2317
"F:/Unreal Engine/UE_4.27/Engine/Binaries/ThirdParty/USD/UsdResources/Win64/plugins/sdf/resources/plugInfo.json" 2318
"F:/Unreal Engine/UE_4.27/Engine/Binaries/ThirdParty/USD/UsdResources/Win64/plugins/usd/resources/plugInfo.json" 2319
"F:/Unreal Engine/UE_4.27/Engine/Binaries/ThirdParty/USD/UsdResources/Win64/plugins/usd/resources/codegenTemplates/plugInfo.json" 2320
"F:/Unreal Engine/UE_4.27/Engine/Binaries/ThirdParty/USD/UsdResources/Win64/plugins/usdGeom/resources/plugInfo.json" 2321
"F:/Unreal Engine/UE_4.27/Engine/Binaries/ThirdParty/USD/UsdResources/Win64/plugins/usdHydra/resources/plugInfo.json" 2322
"F:/Unreal Engine/UE_4.27/Engine/Binaries/ThirdParty/USD/UsdResources/Win64/plugins/usdLux/resources/plugInfo.json" 2323
"F:/Unreal Engine/UE_4.27/Engine/Binaries/ThirdParty/USD/UsdResources/Win64/plugins/usdMedia/resources/plugInfo.json" 2324
"F:/Unreal Engine/UE_4.27/Engine/Binaries/ThirdParty/USD/UsdResources/Win64/plugins/usdRender/resources/plugInfo.json" 2325
"F:/Unreal Engine/UE_4.27/Engine/Binaries/ThirdParty/USD/UsdResources/Win64/plugins/usdRi/resources/plugInfo.json" 2326
"F:/Unreal Engine/UE_4.27/Engine/Binaries/ThirdParty/USD/UsdResources/Win64/plugins/usdShade/resources/plugInfo.json" 2327
"F:/Unreal Engine/UE_4.27/Engine/Binaries/ThirdParty/USD/UsdResources/Win64/plugins/usdSkel/resources/plugInfo.json" 2328
"F:/Unreal Engine/UE_4.27/Engine/Binaries/ThirdParty/USD/UsdResources/Win64/plugins/usdUI/resources/plugInfo.json" 2329
"F:/Unreal Engine/UE_4.27/Engine/Binaries/ThirdParty/USD/UsdResources/Win64/plugins/usdVol/resources/plugInfo.json" 2330
"../../Plugins/Runtime/OpenXR/Content/Devices/GoogleDaydream/GoogleDaydreamController.uasset" 2331
"../../Plugins/Runtime/OpenXR/Content/Devices/GoogleDaydream/MI_GoogleDaydream.uasset" 2332
"../../Plugins/Runtime/OpenXR/Content/Devices/M_XRController.uasset" 2333
"../../Plugins/Runtime/OpenXR/Content/Devices/GoogleDaydream/BaseTexture.uasset" 2334
"../../Plugins/Runtime/OpenXR/Content/Devices/GoogleDaydream/MRTexture.uasset" 2335
"../../Plugins/Runtime/OpenXR/Content/Devices/HTCVive/HTCViveController.uasset" 2336
"../../Plugins/Runtime/OpenXR/Content/Devices/HTCVive/MI_HTCVive.uasset" 2337
"../../Plugins/Runtime/OpenXR/Content/Devices/HTCVive/BaseTexture.uasset" 2338
"../../Plugins/Runtime/OpenXR/Content/Devices/MicrosoftMixedReality/Left/left_MicrosoftMixedRealityController.uasset" 2339
"../../Plugins/Runtime/OpenXR/Content/Devices/MicrosoftMixedReality/MI_MicrosoftMixedReality.uasset" 2340
"../../Plugins/Runtime/OpenXR/Content/Devices/MicrosoftMixedReality/BaseTexture.uasset" 2341
"../../Plugins/Runtime/OpenXR/Content/Devices/MicrosoftMixedReality/EmissiveTexture.uasset" 2342
"../../Plugins/Runtime/OpenXR/Content/Devices/MicrosoftMixedReality/MRTexture.uasset" 2343
"../../Plugins/Runtime/OpenXR/Content/Devices/MicrosoftMixedReality/NormalTexture.uasset" 2344
"../../Plugins/Runtime/OpenXR/Content/Devices/MicrosoftMixedReality/Right/right_MicrosoftMixedRealityController.uasset" 2345
"../../Plugins/Runtime/OpenXR/Content/Devices/OculusGo/OculusGoController.uasset" 2346
"../../Plugins/Runtime/OpenXR/Content/Devices/OculusGo/MI_OculusGo.uasset" 2347
"../../Plugins/Runtime/OpenXR/Content/Devices/OculusGo/BaseTexture.uasset" 2348
"../../Plugins/Runtime/OpenXR/Content/Devices/OculusTouch/Left/left_OculusTouchController.uasset" 2349
"../../Plugins/Runtime/OpenXR/Content/Devices/OculusTouch/MI_OculusTouch.uasset" 2350
"../../Plugins/Runtime/OpenXR/Content/Devices/OculusTouch/BaseTexture.uasset" 2351
"../../Plugins/Runtime/OpenXR/Content/Devices/OculusTouch/MRTexture.uasset" 2352
"../../Plugins/Runtime/OpenXR/Content/Devices/OculusTouch/Right/right_OculusTouchController.uasset" 2353
"../../Plugins/Runtime/OpenXR/Content/Devices/ValveIndex/Left/left_ValveIndexController.uasset" 2354
"../../Plugins/Runtime/OpenXR/Content/Devices/ValveIndex/Left/MI_left_ValveIndex.uasset" 2355
"../../Plugins/Runtime/OpenXR/Content/Devices/ValveIndex/BaseTexture.uasset" 2356
"../../Plugins/Runtime/OpenXR/Content/Devices/ValveIndex/MRTexture.uasset" 2357
"../../Plugins/Runtime/OpenXR/Content/Devices/ValveIndex/Right/right_ValveIndexController.uasset" 2358
"../../Plugins/Runtime/OpenXR/Content/Devices/ValveIndex/Right/MI_right_ValveIndex.uasset" 2359
"../../Plugins/Runtime/OpenXR/Content/Devices/OculusTouch_v2/Left/left_OculusTouch_v2Controller.uasset" 2360
"../../Plugins/Runtime/OpenXR/Content/Devices/OculusTouch_v2/MI_OculusTouch_v2.uasset" 2361
"../../Plugins/Runtime/OpenXR/Content/Devices/OculusTouch_v2/BaseTexture.uasset" 2362
"../../Plugins/Runtime/OpenXR/Content/Devices/OculusTouch_v2/MRTexture.uasset" 2363
"../../Plugins/Runtime/OpenXR/Content/Devices/OculusTouch_v2/Right/right_OculusTouch_v2Controller.uasset" 2364
"../../Plugins/Runtime/OpenXR/Content/Devices/OculusTouch_v3/Left/left_OculusTouch_v3Controller.uasset" 2365
"../../Plugins/Runtime/OpenXR/Content/Devices/OculusTouch_v3/MI_OculusTouch_v3.uasset" 2366
"../../Plugins/Runtime/OpenXR/Content/Devices/OculusTouch_v3/BaseTexture.uasset" 2367
"../../Plugins/Runtime/OpenXR/Content/Devices/OculusTouch_v3/MRTexture.uasset" 2368
"../../Plugins/Runtime/OpenXR/Content/Devices/OculusTouch_v3/Right/right_OculusTouch_v3Controller.uasset" 2369
"../../Plugins/Editor/SpeedTreeImporter/Content/SpeedTree9/SpeedTreeMaster.uasset" 2370
"../../../Engine/Content/Functions/Engine_MaterialFunctions02/ObjectLocalBounds.uasset" 2371
"../../../Engine/Content/Functions/Engine_MaterialFunctions02/SafeNormalize.uasset" 2372
"../../../Engine/Content/Functions/Engine_MaterialFunctions02/Utility/BreakOutFloat3Components.uasset" 2373
"../../../Engine/Content/Functions/Engine_MaterialFunctions02/Utility/VectorLength.uasset" 2374
"../../../Engine/Content/Functions/Engine_MaterialFunctions02/UVs/BoundingBoxBased_0-1_UVW.uasset" 2375
"../../../Engine/Content/Functions/Engine_MaterialFunctions02/WorldPositionOffset/ObjectScale.uasset" 2376
"../../Plugins/Editor/SpeedTreeImporter/Content/SpeedTree9/SpeedTreeBranchMotion.uasset" 2377
"../../Plugins/Editor/SpeedTreeImporter/Content/SpeedTree9/SpeedTreeWindMotion.uasset" 2378
"../../Plugins/Editor/SpeedTreeImporter/Content/SpeedTree9/game_wind_noise.uasset" 2379
"../../Plugins/Editor/SpeedTreeImporter/Content/SpeedTree9/UnpackDirection.uasset" 2380
"../../Plugins/Editor/SpeedTreeImporter/Content/SpeedTree9/UnpackInteger3.uasset" 2381
"../../Plugins/Editor/SpeedTreeImporter/Content/SpeedTree9/SpeedTreeCameraFacing.uasset" 2382
"../../Plugins/Editor/SpeedTreeImporter/Content/SpeedTree9/SpeedTreeWind.uasset" 2383
"../../Plugins/Editor/SpeedTreeImporter/Content/SpeedTree9/Empty.uasset" 2384
"../../Plugins/Editor/SpeedTreeImporter/Content/SpeedTree9/EmptyNormal.uasset" 2385
"../../Plugins/Editor/SpeedTreeImporter/Content/SpeedTree9/SpeedTreeBillboardMaster.uasset" 2386
"../../Plugins/Editor/SpeedTreeImporter/Content/SpeedTree9/SpeedTreeBillboard.uasset" 2387
"../../Plugins/Runtime/Oculus/OculusVR/Content/Materials/OculusMR_ChromaKey.uasset" 2388
"../../../Engine/Content/Functions/Engine_MaterialFunctions02/Utility/BreakOutFloat4Components.uasset" 2389
"../../Plugins/Runtime/Oculus/OculusVR/Content/Materials/OculusMR_OpaqueColoredMaterial.uasset" 2390
"../../Plugins/Runtime/Oculus/OculusVR/Content/Meshes/RiftHMD.uasset" 2391
"../../Plugins/Runtime/Oculus/OculusVR/Content/Meshes/LeftTouchController.uasset" 2392
"../../Plugins/Runtime/Oculus/OculusVR/Content/Materials/touchController_mat.uasset" 2393
"../../Plugins/Runtime/Oculus/OculusVR/Content/Textures/touchController_albedo.uasset" 2394
"../../Plugins/Runtime/Oculus/OculusVR/Content/Textures/touchController_controlmap.uasset" 2395
"../../Plugins/Runtime/Oculus/OculusVR/Content/Meshes/RightTouchController.uasset" 2396
"../../Plugins/Runtime/Oculus/OculusVR/Content/Meshes/LeftTouchForQuestRiftSController.uasset" 2397
"../../Plugins/Runtime/Oculus/OculusVR/Content/Materials/TouchForQuestRiftSControllerMaterial.uasset" 2398
"../../Plugins/Runtime/Oculus/OculusVR/Content/Textures/TouchForQuestRiftSController_albedo.uasset" 2399
"../../Plugins/Runtime/Oculus/OculusVR/Content/Meshes/RightTouchForQuestRiftSController.uasset" 2400
"../../Plugins/Experimental/Enterprise/DatasmithRuntime/Content/Materials/M_Opaque.uasset" 2401
"../../Plugins/Experimental/Enterprise/DatasmithRuntime/Content/Materials/M_Transparent.uasset" 2402
"../../Plugins/Experimental/Enterprise/DatasmithRuntime/Content/Materials/M_Cutout.uasset" 2403
"../../../Engine/Content/EngineMaterials/RemoveSurfaceMaterial.uasset" 2404
"../../../Engine/Content/EngineDebugMaterials/DebugMeshMaterial.uasset" 2405
"../../../Engine/Content/EngineMaterials/EmissiveMeshMaterial.uasset" 2406
"../../../Engine/Content/EngineMaterials/DefaultWhiteGrid_Low.uasset" 2407
"../../../Engine/Content/EngineMaterials/M_InvalidLightmapSettings.uasset" 2408
"../../../Engine/Content/EngineMaterials/InvalidLightmapSettings.uasset" 2409
"../../../Engine/Content/EngineMaterials/GizmoMaterial.uasset" 2410
"../../../Engine/Content/EngineMaterials/PhAT_JointLimitMaterial.uasset" 2411
"../../../Engine/Content/Functions/Engine_MaterialFunctions02/WorldPositionOffset/CameraOffset.uasset" 2412
"../../../Engine/Content/EngineMaterials/Good64x64TilingNoiseHighFreq.uasset" 2413
"../../../Engine/Content/EngineMaterials/DefaultBokeh.uasset" 2414
"../../../Engine/Content/EngineMaterials/DefaultBloomKernel.uasset" 2415
"../../../Engine/Content/EngineMaterials/PreintegratedSkinBRDF.uasset" 2416
"../../../Engine/Content/EngineMaterials/MiniFont.uasset" 2417
"../../../Engine/Content/EngineMaterials/WeightMapPlaceholderTexture.uasset" 2418
"../../../Engine/Content/EngineMaterials/DefaultWhiteGrid.uasset" 2419
"../../../Engine/Content/EngineMaterials/BlueNoise.uasset" 2420
"../../../Engine/Content/EngineMaterials/DefaultPhysicalMaterial.uasset" 2421
"C:/Users/willi/Documents/GitHub/fnaf-spelet/Intermediate/AssetRegistryCache/311563bb.bin" 2422
"C:/Users/willi/Documents/GitHub/fnaf-spelet/Intermediate/AssetRegistryCache/c90e3f55.bin" 2423
"C:/Users/willi/Documents/GitHub/fnaf-spelet/Content/Levels/ForestIntro.umap" 2424
"C:/Users/willi/Documents/GitHub/fnaf-spelet/Content/Levels/MainMenu.umap" 2425
"../../../Engine/Content/BasicShapes/Cube.uasset" 2426
"../../../Engine/Content/BasicShapes/Sphere.uasset" 2427
"../../../Engine/Content/BasicShapes/Cone.uasset" 2428
"../../../Engine/Content/BasicShapes/Plane.uasset" 2429
"../../Plugins/Enterprise/DatasmithContent/Content/Materials/FBXImporter/VRED/Phong.uasset" 2430
"../../Plugins/Enterprise/DatasmithContent/Content/Materials/FBXImporter/VRED/PlanarMapping.uasset" 2431
"../../Plugins/Enterprise/DatasmithContent/Content/Materials/FBXImporter/VRED/VREDRepeatMode.uasset" 2432
"../../../Engine/Content/Functions/Engine_MaterialFunctions02/WorldPositionOffset/LocalPosition.uasset" 2433
"../../Plugins/Enterprise/DatasmithContent/Content/Materials/FBXImporter/VRED/ProcessNormal.uasset" 2434
"../../Plugins/Enterprise/DatasmithContent/Content/Materials/FBXImporter/VRED/TriplanarMapping.uasset" 2435
"../../Plugins/Enterprise/DatasmithContent/Content/Materials/FBXImporter/VRED/UVMapping.uasset" 2436
"../../Plugins/Enterprise/DatasmithContent/Content/Materials/FBXImporter/VRED/VREDTextureRead.uasset" 2437
"../../../Engine/Content/Functions/Engine_MaterialFunctions01/Texturing/BakedDisplacement.uasset" 2438
"../../Plugins/Enterprise/DatasmithContent/Content/Materials/FBXImporter/VRED/Plastic.uasset" 2439
"../../Plugins/Enterprise/DatasmithContent/Content/Materials/FBXImporter/VRED/Glass.uasset" 2440
"../../../Engine/Content/Functions/Engine_MaterialFunctions01/Texturing/ComputeMipLevel.uasset" 2441
"../../../Engine/Content/Functions/Engine_MaterialFunctions01/Texturing/TextureCropping.uasset" 2442
"../../../Engine/Content/Functions/Engine_MaterialFunctions02/Fresnel_Function.uasset" 2443
"../../../Engine/Content/Functions/Engine_MaterialFunctions02/Math/RGBtoHSV.uasset" 2444
"../../../Engine/Content/Functions/Engine_MaterialFunctions02/Utility/DebugFloat3Values.uasset" 2445
"../../../Engine/Content/Functions/Engine_MaterialFunctions02/Utility/DebugScalarValues.uasset" 2446
"../../../Engine/Content/Functions/Engine_MaterialFunctions02/ExampleContent/DebugNumberStrip.uasset" 2447
"../../../Engine/Content/Functions/Engine_MaterialFunctions02/ExampleContent/Textures/DebugNumberPeriod.uasset" 2448
"../../Plugins/Enterprise/DatasmithContent/Content/Materials/FBXImporter/VRED/Chrome.uasset" 2449
"../../Plugins/Enterprise/DatasmithContent/Content/Materials/FBXImporter/VRED/BrushedMetal.uasset" 2450
"../../../Engine/Content/Functions/MaterialLayerFunctions/MatLayerBlend_Simple.uasset" 2451
"../../Plugins/Enterprise/DatasmithContent/Content/Materials/FBXImporter/VRED/UnicolorCarpaint.uasset" 2452
"../../../Engine/Content/Functions/MaterialLayerFunctions/MatLayerBlend_Standard.uasset" 2453
"../../../Engine/Content/EditorShapes/Textures/T_ShapeNormal.uasset" 2454
"../../Plugins/Enterprise/DatasmithContent/Content/Materials/FBXImporter/DeltaGenMaster.uasset" 2455
"../../Plugins/Enterprise/DatasmithContent/Content/Materials/FBXImporter/DeltaGenBase.uasset" 2456
"../../Plugins/Enterprise/DatasmithContent/Content/Materials/FBXImporter/DeltaGenUVEdit.uasset" 2457
"../../Plugins/Enterprise/DatasmithContent/Content/Materials/FBXImporter/DeltaGenMasterTransparent.uasset" 2458
"../../../Engine/Content/EditorResources/SequenceRecorder/Countdown.uasset" 2459
"../../../Engine/Content/EditorResources/SequenceRecorder/RecordingIndicator.uasset" 2460
"C:/Users/willi/Documents/GitHub/fnaf-spelet/Intermediate/AssetRegistryCache/3c6cd16a.bin" 2461
"C:/Users/willi/Documents/GitHub/fnaf-spelet/Saved/Cooked/WindowsNoEditor/spelet/Metadata/CookedIniVersion.txt" 2462
"C:/Users/willi/AppData/Local/UnrealEngine/Common/DerivedDataCache/3/6/4/GSM_FA8C9A216A2C4639A783EB2DF8CE267E_PCD3D_SM5_8__BC5N_NOCCBN_NOIRIS_DEV_SL_PR__DF3EDA36C67F99D97324C06E935126946B905FA2.udd" 2463
"C:/Users/willi/AppData/Local/UnrealEngine/Common/DerivedDataCache/4/2/4/GSM_FA8C9A216A2C4639A783EB2DF8CE267E_PCD3D_SM5_8__BC5N_NOCCBN_NOIRIS_DEV_SL_PR__73E76E08B8D4CE6048D38F88F73485761D787801.udd" 2464
"C:/Users/willi/AppData/Local/UnrealEngine/Common/DerivedDataCache/3/7/4/GSM_FA8C9A216A2C4639A783EB2DF8CE267E_PCD3D_SM5_8__BC5N_NOCCBN_NOIRIS_DEV_SL_PR__0F4180A05ACFBE7CABD79CD0F4ACAB2960DC439F.udd" 2465
"C:/Users/willi/AppData/Local/UnrealEngine/Common/DerivedDataCache/8/5/5/GSM_FA8C9A216A2C4639A783EB2DF8CE267E_PCD3D_SM5_8__BC5N_NOCCBN_NOIRIS_DEV_SL_PR__5CC6E89E3F2551DC8774B17F1CF5C0D70DD7C9FE.udd" 2466
"C:/Users/willi/AppData/Local/UnrealEngine/Common/DerivedDataCache/0/7/6/GSM_FA8C9A216A2C4639A783EB2DF8CE267E_PCD3D_SM5_8__BC5N_NOCCBN_NOIRIS_DEV_SL_PR__99FD22BA7B55DB24062C2440C722A26E3CD03C76.udd" 2467
"C:/Users/willi/AppData/Local/UnrealEngine/Common/DerivedDataCache/5/3/7/GSM_FA8C9A216A2C4639A783EB2DF8CE267E_PCD3D_SM5_8__BC5N_NOCCBN_NOIRIS_DEV_SL_PR__39CA56B48A3599807B07B12F81DC4B657E3FAB25.udd" 2468
"C:/Users/willi/AppData/Local/UnrealEngine/Common/DerivedDataCache/6/9/7/GSM_FA8C9A216A2C4639A783EB2DF8CE267E_PCD3D_SM5_8__BC5N_NOCCBN_NOIRIS_DEV_SL_PR__BC475BE70D0EB72DD01BD4FD3E0036C49D91D22F.udd" 2469
"C:/Users/willi/AppData/Local/UnrealEngine/Common/DerivedDataCache/1/8/6/GSM_FA8C9A216A2C4639A783EB2DF8CE267E_PCD3D_SM5_8__BC5N_NOCCBN_NOIRIS_DEV_SL_PR__BBA77BC354B39B87D625A7B75A378C2C4D2B45FF.udd" 2470
"C:/Users/willi/AppData/Local/UnrealEngine/Common/DerivedDataCache/3/1/7/GSM_FA8C9A216A2C4639A783EB2DF8CE267E_PCD3D_SM5_8__BC5N_NOCCBN_NOIRIS_DEV_SL_PR__7F0848AA9A9E779E2F61B6864702AC077686E8BD.udd" 2471
"C:/Users/willi/AppData/Local/UnrealEngine/Common/DerivedDataCache/4/4/4/GSM_FA8C9A216A2C4639A783EB2DF8CE267E_PCD3D_SM5_8__BC5N_NOCCBN_NOIRIS_DEV_SL_PR__253CD332890F6576AF68B5E9DA9BC6F823A5615A.udd" 2472
"C:/Users/willi/AppData/Local/UnrealEngine/Common/DerivedDataCache/4/0/7/GSM_FA8C9A216A2C4639A783EB2DF8CE267E_PCD3D_SM5_8__BC5N_NOCCBN_NOIRIS_DEV_SL_PR__E471075164529AA5013B95D334A4042707117432.udd" 2473
"C:/Users/willi/AppData/Local/UnrealEngine/Common/DerivedDataCache/0/1/3/GSM_FA8C9A216A2C4639A783EB2DF8CE267E_PCD3D_SM5_8__BC5N_NOCCBN_NOIRIS_DEV_SL_PR__6D1A8F793AD6626C82F36249CF528D8ED0C2DDC4.udd" 2474
"C:/Users/willi/AppData/Local/UnrealEngine/Common/DerivedDataCache/2/6/7/GSM_FA8C9A216A2C4639A783EB2DF8CE267E_PCD3D_SM5_8__BC5N_NOCCBN_NOIRIS_DEV_SL_PR__DD0136652E62832C53091005FB05F3A8E2FC60A2.udd" 2475
"C:/Users/willi/AppData/Local/UnrealEngine/Common/DerivedDataCache/6/2/6/GSM_FA8C9A216A2C4639A783EB2DF8CE267E_PCD3D_SM5_8__BC5N_NOCCBN_NOIRIS_DEV_SL_PR__A4CB170A1F9121CC861A358A28B7379CC867A093.udd" 2476
"C:/Users/willi/AppData/Local/UnrealEngine/Common/DerivedDataCache/0/2/5/GSM_FA8C9A216A2C4639A783EB2DF8CE267E_PCD3D_SM5_8__BC5N_NOCCBN_NOIRIS_DEV_SL_PR__8F9DE0F62E537704756CB8D509A04F9E33C7756B.udd" 2477
"C:/Users/willi/AppData/Local/UnrealEngine/Common/DerivedDataCache/2/5/3/GSM_FA8C9A216A2C4639A783EB2DF8CE267E_PCD3D_SM5_8__BC5N_NOCCBN_NOIRIS_DEV_SL_PR__D004364742C7B0364A6419FDFA5EBEFDB594ED82.udd" 2478
"C:/Users/willi/AppData/Local/UnrealEngine/Common/DerivedDataCache/0/5/4/GSM_FA8C9A216A2C4639A783EB2DF8CE267E_PCD3D_SM5_8__BC5N_NOCCBN_NOIRIS_DEV_SL_PR__900E1C78091C374FE21AEBEFAA273A9EA154FD3B.udd" 2479
"C:/Users/willi/AppData/Local/UnrealEngine/Common/DerivedDataCache/3/2/0/GSM_FA8C9A216A2C4639A783EB2DF8CE267E_PCD3D_SM5_8__BC5N_NOCCBN_NOIRIS_DEV_SL_PR__F6A2FB719F07421E279E6D74CF9884EF4890E802.udd" 2480
"C:/Users/willi/AppData/Local/UnrealEngine/Common/DerivedDataCache/6/3/8/GSM_FA8C9A216A2C4639A783EB2DF8CE267E_PCD3D_SM5_8__BC5N_NOCCBN_NOIRIS_DEV_SL_PR__7B68AEDAD8B12E322FD41F558A510D2F3A80D068.udd" 2481
"C:/Users/willi/AppData/Local/UnrealEngine/Common/DerivedDataCache/3/7/6/GSM_FA8C9A216A2C4639A783EB2DF8CE267E_PCD3D_SM5_8__BC5N_NOCCBN_NOIRIS_DEV_SL_PR__E5F59DBDA211261DFC3B0EE276AE99D7EC3C2008.udd" 2482
"C:/Users/willi/AppData/Local/UnrealEngine/Common/DerivedDataCache/4/9/0/GSM_FA8C9A216A2C4639A783EB2DF8CE267E_PCD3D_SM5_8__BC5N_NOCCBN_NOIRIS_DEV_SL_PR__18BCDA02628B3C72BD25534046EBB5A88EF1E965.udd" 2483
"C:/Users/willi/AppData/Local/UnrealEngine/Common/DerivedDataCache/3/1/1/GSM_FA8C9A216A2C4639A783EB2DF8CE267E_PCD3D_SM5_8__BC5N_NOCCBN_NOIRIS_DEV_SL_PR__156B9FFCCC4B4129390108F052586756E9AB6102.udd" 2484
"C:/Users/willi/AppData/Local/UnrealEngine/Common/DerivedDataCache/0/8/3/GSM_FA8C9A216A2C4639A783EB2DF8CE267E_PCD3D_SM5_8__BC5N_NOCCBN_NOIRIS_DEV_SL_PR__43AD28E3257B4D08706AF87D7CBAE7E8BCE833FC.udd" 2485
"C:/Users/willi/AppData/Local/UnrealEngine/Common/DerivedDataCache/2/1/3/GSM_FA8C9A216A2C4639A783EB2DF8CE267E_PCD3D_SM5_8__BC5N_NOCCBN_NOIRIS_DEV_SL_PR__F0746128F5607AF5F9A759EA43690D208A74A96E.udd" 2486
"C:/Users/willi/AppData/Local/UnrealEngine/Common/DerivedDataCache/4/6/2/GSM_FA8C9A216A2C4639A783EB2DF8CE267E_PCD3D_SM5_8__BC5N_NOCCBN_NOIRIS_DEV_SL_PR__59150448DC2084044CE85440B4A73298AFEA79CE.udd" 2487
"C:/Users/willi/AppData/Local/UnrealEngine/Common/DerivedDataCache/0/0/9/GSM_FA8C9A216A2C4639A783EB2DF8CE267E_PCD3D_SM5_8__BC5N_NOCCBN_NOIRIS_DEV_SL_PR__EB0884C4249157054F67008434BE8B1D65602B54.udd" 2488
"C:/Users/willi/AppData/Local/UnrealEngine/Common/DerivedDataCache/6/8/9/GSM_FA8C9A216A2C4639A783EB2DF8CE267E_PCD3D_SM5_8__BC5N_NOCCBN_NOIRIS_DEV_SL_PR__D3F958A76CD4E17D555AB32CF125B72F173A187E.udd" 2489
"C:/Users/willi/AppData/Local/UnrealEngine/Common/DerivedDataCache/4/5/9/GSM_FA8C9A216A2C4639A783EB2DF8CE267E_PCD3D_SM5_8__BC5N_NOCCBN_NOIRIS_DEV_SL_PR__033A91B68C7D8BAC64D030D4458A288D0C973A1B.udd" 2490
"C:/Users/willi/AppData/Local/UnrealEngine/Common/DerivedDataCache/5/0/4/GSM_FA8C9A216A2C4639A783EB2DF8CE267E_PCD3D_SM5_8__BC5N_NOCCBN_NOIRIS_DEV_SL_PR__2EBA34CEFD904CA2CB3ADBCE9F105EB13C6F6480.udd" 2491
"C:/Users/willi/AppData/Local/UnrealEngine/Common/DerivedDataCache/7/2/5/GSM_FA8C9A216A2C4639A783EB2DF8CE267E_PCD3D_SM5_8__BC5N_NOCCBN_NOIRIS_DEV_SL_PR__501633FC6E4FADC0D62556008AB5833B363CB46B.udd" 2492
"C:/Users/willi/AppData/Local/UnrealEngine/Common/DerivedDataCache/3/4/3/GSM_FA8C9A216A2C4639A783EB2DF8CE267E_PCD3D_SM5_8__BC5N_NOCCBN_NOIRIS_DEV_SL_PR__6096A816693A1A89A788A379F841781C5D1D4016.udd" 2493
"C:/Users/willi/AppData/Local/UnrealEngine/Common/DerivedDataCache/5/9/5/GSM_FA8C9A216A2C4639A783EB2DF8CE267E_PCD3D_SM5_8__BC5N_NOCCBN_NOIRIS_DEV_SL_PR__552A0082929D915EDC97C12A06BAFE05A18B7227.udd" 2494
"C:/Users/willi/AppData/Local/UnrealEngine/Common/DerivedDataCache/8/7/5/GSM_FA8C9A216A2C4639A783EB2DF8CE267E_PCD3D_SM5_8__BC5N_NOCCBN_NOIRIS_DEV_SL_PR__193DC1A40BFB270DDB22E47B9C610F479C3BFD8F.udd" 2495
"C:/Users/willi/AppData/Local/UnrealEngine/Common/DerivedDataCache/5/1/5/GSM_FA8C9A216A2C4639A783EB2DF8CE267E_PCD3D_SM5_8__BC5N_NOCCBN_NOIRIS_DEV_SL_PR__E837B52BED3CAFB560E562D8E5F5D35E22B88AAC.udd" 2496
"C:/Users/willi/AppData/Local/UnrealEngine/Common/DerivedDataCache/7/8/7/GSM_FA8C9A216A2C4639A783EB2DF8CE267E_PCD3D_SM5_8__BC5N_NOCCBN_NOIRIS_DEV_SL_PR__6182E57DDD4AC6D96B39BDA4179D62B10B2DCED1.udd" 2497
"C:/Users/willi/AppData/Local/UnrealEngine/Common/DerivedDataCache/2/5/6/GSM_FA8C9A216A2C4639A783EB2DF8CE267E_PCD3D_SM5_8__BC5N_NOCCBN_NOIRIS_DEV_SL_PR__9076F31DD23BE7DABF44D16620C4D1BFC0DE1AF5.udd" 2498
"C:/Users/willi/AppData/Local/UnrealEngine/Common/DerivedDataCache/4/3/6/GSM_FA8C9A216A2C4639A783EB2DF8CE267E_PCD3D_SM5_8__BC5N_NOCCBN_NOIRIS_DEV_SL_PR__39FA771E78E604C2CCCC42ECA15F5647567EED36.udd" 2499
"C:/Users/willi/AppData/Local/UnrealEngine/Common/DerivedDataCache/4/4/5/GSM_FA8C9A216A2C4639A783EB2DF8CE267E_PCD3D_SM5_8__BC5N_NOCCBN_NOIRIS_DEV_SL_PR__9997045CF68DFD8B0F5F2D860FBAF10E52B2BDDC.udd" 2500
"C:/Users/willi/AppData/Local/UnrealEngine/Common/DerivedDataCache/3/3/3/GSM_FA8C9A216A2C4639A783EB2DF8CE267E_PCD3D_SM5_8__BC5N_NOCCBN_NOIRIS_DEV_SL_PR__3CD720C2703BF9F5C4134FE703CF51D43CA7FC1D.udd" 2501
"C:/Users/willi/AppData/Local/UnrealEngine/Common/DerivedDataCache/7/2/2/GSM_FA8C9A216A2C4639A783EB2DF8CE267E_PCD3D_SM5_8__BC5N_NOCCBN_NOIRIS_DEV_SL_PR__266E818706B91C7F52920B643299EBD984694BAE.udd" 2502
"C:/Users/willi/AppData/Local/UnrealEngine/Common/DerivedDataCache/3/0/0/GSM_FA8C9A216A2C4639A783EB2DF8CE267E_PCD3D_SM5_8__BC5N_NOCCBN_NOIRIS_DEV_SL_PR__2527E1421AFDEFE77CC96898ECDF25BAC9E7BCC3.udd" 2503
"C:/Users/willi/AppData/Local/UnrealEngine/Common/DerivedDataCache/2/8/8/GSM_FA8C9A216A2C4639A783EB2DF8CE267E_PCD3D_SM5_8__BC5N_NOCCBN_NOIRIS_DEV_SL_PR__BA3D2B1FC2A0C6E160F05AF1DB9E3B89F7184795.udd" 2504
"C:/Users/willi/AppData/Local/UnrealEngine/Common/DerivedDataCache/9/1/3/GSM_FA8C9A216A2C4639A783EB2DF8CE267E_PCD3D_SM5_8__BC5N_NOCCBN_NOIRIS_DEV_SL_PR__A1F46D5DFF7ED647A8C22B74940B813931FFD7B7.udd" 2505
"C:/Users/willi/AppData/Local/UnrealEngine/Common/DerivedDataCache/8/5/4/GSM_FA8C9A216A2C4639A783EB2DF8CE267E_PCD3D_SM5_8__BC5N_NOCCBN_NOIRIS_DEV_SL_PR__42810F7BE1BC448210E6248508F1E5980B0D3BCA.udd" 2506
"C:/Users/willi/AppData/Local/UnrealEngine/Common/DerivedDataCache/6/9/5/GSM_FA8C9A216A2C4639A783EB2DF8CE267E_PCD3D_SM5_8__BC5N_NOCCBN_NOIRIS_DEV_SL_PR__722ACE5C8E22DF5E3136B7E9E914A65C7EB0561B.udd" 2507
"C:/Users/willi/AppData/Local/UnrealEngine/Common/DerivedDataCache/6/0/9/GSM_FA8C9A216A2C4639A783EB2DF8CE267E_PCD3D_SM5_8__BC5N_NOCCBN_NOIRIS_DEV_SL_PR__760D47A936A6EC26975CCBA4DCC40D66CB262E72.udd" 2508
"C:/Users/willi/AppData/Local/UnrealEngine/Common/DerivedDataCache/0/4/3/GSM_FA8C9A216A2C4639A783EB2DF8CE267E_PCD3D_SM5_8__BC5N_NOCCBN_NOIRIS_DEV_SL_PR__F3337864CB54531B92D6700286EF6F16E5E3388B.udd" 2509
"C:/Users/willi/AppData/Local/UnrealEngine/Common/DerivedDataCache/1/9/7/GSM_FA8C9A216A2C4639A783EB2DF8CE267E_PCD3D_SM5_8__BC5N_NOCCBN_NOIRIS_DEV_SL_PR__9160655117B29F549D9D1A5873929B2B330F4E0A.udd" 2510
"C:/Users/willi/AppData/Local/UnrealEngine/Common/DerivedDataCache/6/4/0/GSM_FA8C9A216A2C4639A783EB2DF8CE267E_PCD3D_SM5_8__BC5N_NOCCBN_NOIRIS_DEV_SL_PR__24F022C03DA7EE5D1F2C9F00EE7997DF6234EEEF.udd" 2511
"C:/Users/willi/AppData/Local/UnrealEngine/Common/DerivedDataCache/6/8/3/GSM_FA8C9A216A2C4639A783EB2DF8CE267E_PCD3D_SM5_8__BC5N_NOCCBN_NOIRIS_DEV_SL_PR__9457437FF77CD730C079DC3552E4AE1953CD6AB3.udd" 2512
"C:/Users/willi/AppData/Local/UnrealEngine/Common/DerivedDataCache/9/6/7/GSM_FA8C9A216A2C4639A783EB2DF8CE267E_PCD3D_SM5_8__BC5N_NOCCBN_NOIRIS_DEV_SL_PR__A11B09E8F0A13A8291B7743F0D0D96FE9EDAEF31.udd" 2513
"C:/Users/willi/AppData/Local/UnrealEngine/Common/DerivedDataCache/7/2/5/GSM_FA8C9A216A2C4639A783EB2DF8CE267E_PCD3D_SM5_8__BC5N_NOCCBN_NOIRIS_DEV_SL_PR__48849A195CCD793319ED395A7F5C2957562A1CED.udd" 2514
"C:/Users/willi/AppData/Local/UnrealEngine/Common/DerivedDataCache/6/3/5/GSM_FA8C9A216A2C4639A783EB2DF8CE267E_PCD3D_SM5_8__BC5N_NOCCBN_NOIRIS_DEV_SL_PR__1E8C5557B28E3F413A1C76C684EED9D97EF6A5DB.udd" 2515
"C:/Users/willi/AppData/Local/UnrealEngine/Common/DerivedDataCache/6/5/4/GSM_FA8C9A216A2C4639A783EB2DF8CE267E_PCD3D_SM5_8__BC5N_NOCCBN_NOIRIS_DEV_SL_PR__792ED57F5FBD7058BA905440890539278D081467.udd" 2516
"C:/Users/willi/AppData/Local/UnrealEngine/Common/DerivedDataCache/8/3/7/GSM_FA8C9A216A2C4639A783EB2DF8CE267E_PCD3D_SM5_8__BC5N_NOCCBN_NOIRIS_DEV_SL_PR__FDC38A27FF249CF5C93B59E5998676C27581DEBF.udd" 2517
"C:/Users/willi/AppData/Local/UnrealEngine/Common/DerivedDataCache/2/2/6/GSM_FA8C9A216A2C4639A783EB2DF8CE267E_PCD3D_SM5_8__BC5N_NOCCBN_NOIRIS_DEV_SL_PR__ABC47BBA34E1C0D64627CE6DEBFAB31DF4F78862.udd" 2518
"C:/Users/willi/AppData/Local/UnrealEngine/Common/DerivedDataCache/0/2/7/GSM_FA8C9A216A2C4639A783EB2DF8CE267E_PCD3D_SM5_8__BC5N_NOCCBN_NOIRIS_DEV_SL_PR__2B9929C82DD98FFAAE90FC985878DCE60CD6A958.udd" 2519
"C:/Users/willi/AppData/Local/UnrealEngine/Common/DerivedDataCache/7/8/6/GSM_FA8C9A216A2C4639A783EB2DF8CE267E_PCD3D_SM5_8__BC5N_NOCCBN_NOIRIS_DEV_SL_PR__8C0C86EDC5256E71E179D07353B0DF98BADA8A87.udd" 2520
"C:/Users/willi/AppData/Local/UnrealEngine/Common/DerivedDataCache/3/9/7/GSM_FA8C9A216A2C4639A783EB2DF8CE267E_PCD3D_SM5_8__BC5N_NOCCBN_NOIRIS_DEV_SL_PR__CA800FD518F639F31B27BFB13AD13F099C0B3B11.udd" 2521
"C:/Users/willi/AppData/Local/UnrealEngine/Common/DerivedDataCache/7/9/4/GSM_FA8C9A216A2C4639A783EB2DF8CE267E_PCD3D_SM5_8__BC5N_NOCCBN_NOIRIS_DEV_SL_PR__8CC7441997BB9FC77E822F64F7641C6D022FF919.udd" 2522
"C:/Users/willi/AppData/Local/UnrealEngine/Common/DerivedDataCache/5/6/8/GSM_FA8C9A216A2C4639A783EB2DF8CE267E_PCD3D_SM5_8__BC5N_NOCCBN_NOIRIS_DEV_SL_PR__0B21A1B22529B63BDAD619F101C835DDC4E9F862.udd" 2523
"C:/Users/willi/AppData/Local/UnrealEngine/Common/DerivedDataCache/6/3/5/GSM_FA8C9A216A2C4639A783EB2DF8CE267E_PCD3D_SM5_8__BC5N_NOCCBN_NOIRIS_DEV_SL_PR__BE980DA217174DB44B850F68258578F5E63AC8D2.udd" 2524
"C:/Users/willi/AppData/Local/UnrealEngine/Common/DerivedDataCache/5/3/3/GSM_FA8C9A216A2C4639A783EB2DF8CE267E_PCD3D_SM5_8__BC5N_NOCCBN_NOIRIS_DEV_SL_PR__67CAC670EBBD0886F44E8791262BBA2055E4C768.udd" 2525
"C:/Users/willi/AppData/Local/UnrealEngine/Common/DerivedDataCache/0/5/3/GSM_FA8C9A216A2C4639A783EB2DF8CE267E_PCD3D_SM5_8__BC5N_NOCCBN_NOIRIS_DEV_SL_PR__B2931654C7736CD579387FA5E512D5B1A293FA24.udd" 2526
"C:/Users/willi/AppData/Local/UnrealEngine/Common/DerivedDataCache/1/7/7/GSM_FA8C9A216A2C4639A783EB2DF8CE267E_PCD3D_SM5_8__BC5N_NOCCBN_NOIRIS_DEV_SL_PR__0B69435693388177C8DC9455B97B5B0E21FEA416.udd" 2527
"C:/Users/willi/AppData/Local/UnrealEngine/Common/DerivedDataCache/5/7/4/GSM_FA8C9A216A2C4639A783EB2DF8CE267E_PCD3D_SM5_8__BC5N_NOCCBN_NOIRIS_DEV_SL_PR__F985800203EC4FDD942BAD468740CED55B3BADA0.udd" 2528
"C:/Users/willi/AppData/Local/UnrealEngine/Common/DerivedDataCache/2/7/5/GSM_FA8C9A216A2C4639A783EB2DF8CE267E_PCD3D_SM5_8__BC5N_NOCCBN_NOIRIS_DEV_SL_PR__E69E9E01A9C6B36B5501564BC41DEE1B3C54F4F8.udd" 2529
"C:/Users/willi/AppData/Local/UnrealEngine/Common/DerivedDataCache/0/2/5/GSM_FA8C9A216A2C4639A783EB2DF8CE267E_PCD3D_SM5_8__BC5N_NOCCBN_NOIRIS_DEV_SL_PR__0A8B86892EAE1DA6CE7668EF138467B689F82B3F.udd" 2530
"C:/Users/willi/AppData/Local/UnrealEngine/Common/DerivedDataCache/6/7/1/GSM_FA8C9A216A2C4639A783EB2DF8CE267E_PCD3D_SM5_8__BC5N_NOCCBN_NOIRIS_DEV_SL_PR__ABAC916E9DED632A052CC83DC2D7F0062D2BEAA5.udd" 2531
"C:/Users/willi/AppData/Local/UnrealEngine/Common/DerivedDataCache/4/7/0/GSM_FA8C9A216A2C4639A783EB2DF8CE267E_PCD3D_SM5_8__BC5N_NOCCBN_NOIRIS_DEV_SL_PR__688C4FBC5F9548EE57D33CA572CFC145DA4028B4.udd" 2532
"C:/Users/willi/AppData/Local/UnrealEngine/Common/DerivedDataCache/9/1/0/GSM_FA8C9A216A2C4639A783EB2DF8CE267E_PCD3D_SM5_8__BC5N_NOCCBN_NOIRIS_DEV_SL_PR__0C66DDD05C17B13FCD521A5CAFB5BCDE228C6171.udd" 2533
"C:/Users/willi/AppData/Local/UnrealEngine/Common/DerivedDataCache/5/1/9/GSM_FA8C9A216A2C4639A783EB2DF8CE267E_PCD3D_SM5_8__BC5N_NOCCBN_NOIRIS_DEV_SL_PR__A8E650DDE72AE9DD644A3A8B5AE43F10A0CF1101.udd" 2534
"C:/Users/willi/AppData/Local/UnrealEngine/Common/DerivedDataCache/1/6/1/GSM_FA8C9A216A2C4639A783EB2DF8CE267E_PCD3D_SM5_8__BC5N_NOCCBN_NOIRIS_DEV_SL_PR__C540DDB49285E85F20193DA6EEC0E670DCCED27E.udd" 2535
"C:/Users/willi/AppData/Local/UnrealEngine/Common/DerivedDataCache/5/1/3/GSM_FA8C9A216A2C4639A783EB2DF8CE267E_PCD3D_SM5_8__BC5N_NOCCBN_NOIRIS_DEV_SL_PR__CCE2A117CBA46FA2114153C173B07199D2C8733C.udd" 2536
"C:/Users/willi/AppData/Local/UnrealEngine/Common/DerivedDataCache/2/0/7/GSM_FA8C9A216A2C4639A783EB2DF8CE267E_PCD3D_SM5_8__BC5N_NOCCBN_NOIRIS_DEV_SL_PR__D9DEC0411D4DFC8A3205E536B7B17223F264F91D.udd" 2537
"C:/Users/willi/AppData/Local/UnrealEngine/Common/DerivedDataCache/6/9/8/GSM_FA8C9A216A2C4639A783EB2DF8CE267E_PCD3D_SM5_8__BC5N_NOCCBN_NOIRIS_DEV_SL_PR__1B50EEFDDF7D0846443FB6A087F2D06DF05E8A4D.udd" 2538
"C:/Users/willi/AppData/Local/UnrealEngine/Common/DerivedDataCache/6/6/2/GSM_FA8C9A216A2C4639A783EB2DF8CE267E_PCD3D_SM5_8__BC5N_NOCCBN_NOIRIS_DEV_SL_PR__4815394A9259A7836597DF852030DE003973CF58.udd" 2539
"C:/Users/willi/AppData/Local/UnrealEngine/Common/DerivedDataCache/3/1/7/GSM_FA8C9A216A2C4639A783EB2DF8CE267E_PCD3D_SM5_8__BC5N_NOCCBN_NOIRIS_DEV_SL_PR__396617F25DC05E631A0BE570EADAD08F83E5243C.udd" 2540
"C:/Users/willi/AppData/Local/UnrealEngine/Common/DerivedDataCache/7/3/5/GSM_FA8C9A216A2C4639A783EB2DF8CE267E_PCD3D_SM5_8__BC5N_NOCCBN_NOIRIS_DEV_SL_PR__3410E7AD439C629B8E056D4F549B2F8AF50D403F.udd" 2541
"C:/Users/willi/AppData/Local/UnrealEngine/Common/DerivedDataCache/9/1/2/GSM_FA8C9A216A2C4639A783EB2DF8CE267E_PCD3D_SM5_8__BC5N_NOCCBN_NOIRIS_DEV_SL_PR__B0ADB98095EE6BDAE99F835A59D2B5B4EC10F724.udd" 2542
"C:/Users/willi/AppData/Local/UnrealEngine/Common/DerivedDataCache/9/3/3/GSM_FA8C9A216A2C4639A783EB2DF8CE267E_PCD3D_SM5_8__BC5N_NOCCBN_NOIRIS_DEV_SL_PR__B31A6FDEEAABD047BA51A3BDD9261BF5BEB8BA49.udd" 2543
"C:/Users/willi/AppData/Local/UnrealEngine/Common/DerivedDataCache/1/3/7/GSM_FA8C9A216A2C4639A783EB2DF8CE267E_PCD3D_SM5_8__BC5N_NOCCBN_NOIRIS_DEV_SL_PR__05D4CDCC77F3C9A824C73E5A993BDCC0CBEFCED5.udd" 2544
"C:/Users/willi/AppData/Local/UnrealEngine/Common/DerivedDataCache/2/1/1/GSM_FA8C9A216A2C4639A783EB2DF8CE267E_PCD3D_SM5_8__BC5N_NOCCBN_NOIRIS_DEV_SL_PR__BB1E39B0CE1F05B5FC60B145FE275F18660A2018.udd" 2545
"C:/Users/willi/AppData/Local/UnrealEngine/Common/DerivedDataCache/4/1/6/GSM_FA8C9A216A2C4639A783EB2DF8CE267E_PCD3D_SM5_8__BC5N_NOCCBN_NOIRIS_DEV_SL_PR__BC679FA24F74BAD88A5F572FC50648FDB2417A48.udd" 2546
"C:/Users/willi/AppData/Local/UnrealEngine/Common/DerivedDataCache/7/1/8/GSM_FA8C9A216A2C4639A783EB2DF8CE267E_PCD3D_SM5_8__BC5N_NOCCBN_NOIRIS_DEV_SL_PR__F9A36DE51B63338F8DD3F07938CFB68111CF6489.udd" 2547
"C:/Users/willi/AppData/Local/UnrealEngine/Common/DerivedDataCache/7/1/7/GSM_FA8C9A216A2C4639A783EB2DF8CE267E_PCD3D_SM5_8__BC5N_NOCCBN_NOIRIS_DEV_SL_PR__5F456C70EA6BFCB710BBE3B9E1B6250668381197.udd" 2548
"C:/Users/willi/AppData/Local/UnrealEngine/Common/DerivedDataCache/9/9/2/GSM_FA8C9A216A2C4639A783EB2DF8CE267E_PCD3D_SM5_8__BC5N_NOCCBN_NOIRIS_DEV_SL_PR__1A51A47A3997854336958AED9828206C88E57227.udd" 2549
"C:/Users/willi/AppData/Local/UnrealEngine/Common/DerivedDataCache/2/3/0/GSM_FA8C9A216A2C4639A783EB2DF8CE267E_PCD3D_SM5_8__BC5N_NOCCBN_NOIRIS_DEV_SL_PR__F8EC65D2CB07BA0D537C15F2F2578D4E5F66141B.udd" 2550
"C:/Users/willi/AppData/Local/UnrealEngine/Common/DerivedDataCache/4/6/7/GSM_FA8C9A216A2C4639A783EB2DF8CE267E_PCD3D_SM5_8__BC5N_NOCCBN_NOIRIS_DEV_SL_PR__3AA2DA7EBC068ECC2E93186D12D16083904A5CB0.udd" 2551
"C:/Users/willi/AppData/Local/UnrealEngine/Common/DerivedDataCache/0/9/0/GSM_FA8C9A216A2C4639A783EB2DF8CE267E_PCD3D_SM5_8__BC5N_NOCCBN_NOIRIS_DEV_SL_PR__5F916BD8ABB9FD4C06C1974AFC2462E31D656547.udd" 2552
"C:/Users/willi/AppData/Local/UnrealEngine/Common/DerivedDataCache/4/4/5/GSM_FA8C9A216A2C4639A783EB2DF8CE267E_PCD3D_SM5_8__BC5N_NOCCBN_NOIRIS_DEV_SL_PR__08AC600A4544FBB9290313A17B263BBBC2014708.udd" 2553
"C:/Users/willi/AppData/Local/UnrealEngine/Common/DerivedDataCache/8/2/7/GSM_FA8C9A216A2C4639A783EB2DF8CE267E_PCD3D_SM5_8__BC5N_NOCCBN_NOIRIS_DEV_SL_PR__F73436CEB13712B04D8F7DC0A948C979E538E9C9.udd" 2554
"C:/Users/willi/AppData/Local/UnrealEngine/Common/DerivedDataCache/6/3/2/GSM_FA8C9A216A2C4639A783EB2DF8CE267E_PCD3D_SM5_8__BC5N_NOCCBN_NOIRIS_DEV_SL_PR__3BDDBC52A374E1B19301F3F661C4A3905DBAE4EC.udd" 2555
"C:/Users/willi/AppData/Local/UnrealEngine/Common/DerivedDataCache/7/8/2/GSM_FA8C9A216A2C4639A783EB2DF8CE267E_PCD3D_SM5_8__BC5N_NOCCBN_NOIRIS_DEV_SL_PR__5E591E14000EFD5097E6CAFC167D909128AFDC53.udd" 2556
"C:/Users/willi/AppData/Local/UnrealEngine/Common/DerivedDataCache/2/5/6/GSM_FA8C9A216A2C4639A783EB2DF8CE267E_PCD3D_SM5_8__BC5N_NOCCBN_NOIRIS_DEV_SL_PR__B51747EC854202531FDB5A73D266D8A91BF7BB23.udd" 2557
"C:/Users/willi/AppData/Local/UnrealEngine/Common/DerivedDataCache/4/1/3/GSM_FA8C9A216A2C4639A783EB2DF8CE267E_PCD3D_SM5_8__BC5N_NOCCBN_NOIRIS_DEV_SL_PR__5CC78B6CDD8148A4ECB9810DC9FEDCC321E7C340.udd" 2558
"C:/Users/willi/AppData/Local/UnrealEngine/Common/DerivedDataCache/3/0/2/GSM_FA8C9A216A2C4639A783EB2DF8CE267E_PCD3D_SM5_8__BC5N_NOCCBN_NOIRIS_DEV_SL_PR__5A0F96312297DAA9E101B0A45137B526C9804029.udd" 2559
"C:/Users/willi/AppData/Local/UnrealEngine/Common/DerivedDataCache/2/1/6/GSM_FA8C9A216A2C4639A783EB2DF8CE267E_PCD3D_SM5_8__BC5N_NOCCBN_NOIRIS_DEV_SL_PR__3EF7D0B0D470685A144A56F9A59E880EB86E381C.udd" 2560
"C:/Users/willi/AppData/Local/UnrealEngine/Common/DerivedDataCache/2/2/4/GSM_FA8C9A216A2C4639A783EB2DF8CE267E_PCD3D_SM5_8__BC5N_NOCCBN_NOIRIS_DEV_SL_PR__FB9CFE1F54CCEBFC1FA8E01287680AC53E05D81B.udd" 2561
"C:/Users/willi/AppData/Local/UnrealEngine/Common/DerivedDataCache/9/1/2/GSM_FA8C9A216A2C4639A783EB2DF8CE267E_PCD3D_SM5_8__BC5N_NOCCBN_NOIRIS_DEV_SL_PR__175FF64E526B124CFF719E4356C2046A26DEC6A5.udd" 2562
"C:/Users/willi/AppData/Local/UnrealEngine/Common/DerivedDataCache/3/3/1/GSM_FA8C9A216A2C4639A783EB2DF8CE267E_PCD3D_SM5_8__BC5N_NOCCBN_NOIRIS_DEV_SL_PR__C9EB6BE33443ECE3B518CEC39F9DD327CB6BDCC9.udd" 2563
"C:/Users/willi/AppData/Local/UnrealEngine/Common/DerivedDataCache/8/3/9/GSM_FA8C9A216A2C4639A783EB2DF8CE267E_PCD3D_SM5_8__BC5N_NOCCBN_NOIRIS_DEV_SL_PR__F7376BA0857C5960093240D4CC07CE81C8049D78.udd" 2564
"C:/Users/willi/AppData/Local/UnrealEngine/Common/DerivedDataCache/4/8/3/GSM_FA8C9A216A2C4639A783EB2DF8CE267E_PCD3D_SM5_8__BC5N_NOCCBN_NOIRIS_DEV_SL_PR__8235B49C5DD522FF8A5045A50B6B91BD4F9D16A1.udd" 2565
"C:/Users/willi/AppData/Local/UnrealEngine/Common/DerivedDataCache/3/2/6/GSM_FA8C9A216A2C4639A783EB2DF8CE267E_PCD3D_SM5_8__BC5N_NOCCBN_NOIRIS_DEV_SL_PR__DF0613221AB027400E14CFB477F91E47A5698F46.udd" 2566
"C:/Users/willi/AppData/Local/UnrealEngine/Common/DerivedDataCache/3/0/6/GSM_FA8C9A216A2C4639A783EB2DF8CE267E_PCD3D_SM5_8__BC5N_NOCCBN_NOIRIS_DEV_SL_PR__A24E8AFEC6FC5BE1B3AAF10726EBFA16032AC7AA.udd" 2567
"C:/Users/willi/AppData/Local/UnrealEngine/Common/DerivedDataCache/7/5/8/GSM_FA8C9A216A2C4639A783EB2DF8CE267E_PCD3D_SM5_8__BC5N_NOCCBN_NOIRIS_DEV_SL_PR__12D5CF2CF1F646726C907D6DEF1432976F90B40B.udd" 2568
"C:/Users/willi/AppData/Local/UnrealEngine/Common/DerivedDataCache/5/6/8/GSM_FA8C9A216A2C4639A783EB2DF8CE267E_PCD3D_SM5_8__BC5N_NOCCBN_NOIRIS_DEV_SL_PR__4A57D04DF77E4110C3DE3EA2B92A64CC85C124E8.udd" 2569
"C:/Users/willi/AppData/Local/UnrealEngine/Common/DerivedDataCache/6/0/8/GSM_FA8C9A216A2C4639A783EB2DF8CE267E_PCD3D_SM5_8__BC5N_NOCCBN_NOIRIS_DEV_SL_PR__18594B3A2FE65B6D8B764D9AADF06F73C145CA2E.udd" 2570
"C:/Users/willi/AppData/Local/UnrealEngine/Common/DerivedDataCache/2/4/5/GSM_FA8C9A216A2C4639A783EB2DF8CE267E_PCD3D_SM5_8__BC5N_NOCCBN_NOIRIS_DEV_SL_PR__A6CA425A3F6CBCE2C3CFFFCFA326E318B7073D32.udd" 2571
"C:/Users/willi/AppData/Local/UnrealEngine/Common/DerivedDataCache/5/5/2/GSM_FA8C9A216A2C4639A783EB2DF8CE267E_PCD3D_SM5_8__BC5N_NOCCBN_NOIRIS_DEV_SL_PR__D2C51BF110BA6BD8C809A75A8F495902C4EF87EF.udd" 2572
"C:/Users/willi/AppData/Local/UnrealEngine/Common/DerivedDataCache/3/8/0/GSM_FA8C9A216A2C4639A783EB2DF8CE267E_PCD3D_SM5_8__BC5N_NOCCBN_NOIRIS_DEV_SL_PR__0005599DC3A7BEFCC83AC12264DB66CAFD63B6A4.udd" 2573
"C:/Users/willi/AppData/Local/UnrealEngine/Common/DerivedDataCache/6/8/7/GSM_FA8C9A216A2C4639A783EB2DF8CE267E_PCD3D_SM5_8__BC5N_NOCCBN_NOIRIS_DEV_SL_PR__DD8DE0E492A294398DEFDF683E8F7E98B8206BD7.udd" 2574
"C:/Users/willi/AppData/Local/UnrealEngine/Common/DerivedDataCache/0/8/2/GSM_FA8C9A216A2C4639A783EB2DF8CE267E_PCD3D_SM5_8__BC5N_NOCCBN_NOIRIS_DEV_SL_PR__7BC97A186E76928933FB913100D0BDEB40636188.udd" 2575
"C:/Users/willi/AppData/Local/UnrealEngine/Common/DerivedDataCache/8/3/5/GSM_FA8C9A216A2C4639A783EB2DF8CE267E_PCD3D_SM5_8__BC5N_NOCCBN_NOIRIS_DEV_SL_PR__A8C037B7A0B2E47B48A11E8E2E1FFFFB4F13CDF5.udd" 2576
"C:/Users/willi/AppData/Local/UnrealEngine/Common/DerivedDataCache/4/5/3/GSM_FA8C9A216A2C4639A783EB2DF8CE267E_PCD3D_SM5_8__BC5N_NOCCBN_NOIRIS_DEV_SL_PR__E24CF099BE6F4A486CB0D7E6E3343A213CDBA317.udd" 2577
"C:/Users/willi/AppData/Local/UnrealEngine/Common/DerivedDataCache/6/5/9/GSM_FA8C9A216A2C4639A783EB2DF8CE267E_PCD3D_SM5_8__BC5N_NOCCBN_NOIRIS_DEV_SL_PR__C5B679AA2BF973FFC66BEB493954B01AC3F0209D.udd" 2578
"C:/Users/willi/AppData/Local/UnrealEngine/Common/DerivedDataCache/9/2/3/GSM_FA8C9A216A2C4639A783EB2DF8CE267E_PCD3D_SM5_8__BC5N_NOCCBN_NOIRIS_DEV_SL_PR__A0A9E339D0C62E806C76E44248C6120307381CCB.udd" 2579
"C:/Users/willi/AppData/Local/UnrealEngine/Common/DerivedDataCache/7/0/6/GSM_FA8C9A216A2C4639A783EB2DF8CE267E_PCD3D_SM5_8__BC5N_NOCCBN_NOIRIS_DEV_SL_PR__EEC167667E5180B92686849409A29DCC2604F3DC.udd" 2580
"C:/Users/willi/AppData/Local/UnrealEngine/Common/DerivedDataCache/0/3/8/GSM_FA8C9A216A2C4639A783EB2DF8CE267E_PCD3D_SM5_8__BC5N_NOCCBN_NOIRIS_DEV_SL_PR__D7AF75DF787BE9587DBB2ACD5851905811829289.udd" 2581
"C:/Users/willi/AppData/Local/UnrealEngine/Common/DerivedDataCache/2/9/9/GSM_FA8C9A216A2C4639A783EB2DF8CE267E_PCD3D_SM5_8__BC5N_NOCCBN_NOIRIS_DEV_SL_PR__0D0D1D697C7DD73589FE1D56222ACB469828F3F5.udd" 2582
"C:/Users/willi/AppData/Local/UnrealEngine/Common/DerivedDataCache/4/4/2/GSM_FA8C9A216A2C4639A783EB2DF8CE267E_PCD3D_SM5_8__BC5N_NOCCBN_NOIRIS_DEV_SL_PR__D63604C9E424D7777D7165506A00D863EDF3A7F7.udd" 2583
"C:/Users/willi/AppData/Local/UnrealEngine/Common/DerivedDataCache/9/9/6/GSM_FA8C9A216A2C4639A783EB2DF8CE267E_PCD3D_SM5_8__BC5N_NOCCBN_NOIRIS_DEV_SL_PR__E6F4DF203CEBB07012C79A85283E7B313939C8C4.udd" 2584
"C:/Users/willi/AppData/Local/UnrealEngine/Common/DerivedDataCache/1/3/8/GSM_FA8C9A216A2C4639A783EB2DF8CE267E_PCD3D_SM5_8__BC5N_NOCCBN_NOIRIS_DEV_SL_PR__BA682B6C43726C99496E70494B7A6CC573D6CC83.udd" 2585
"C:/Users/willi/AppData/Local/UnrealEngine/Common/DerivedDataCache/1/0/3/GSM_FA8C9A216A2C4639A783EB2DF8CE267E_PCD3D_SM5_8__BC5N_NOCCBN_NOIRIS_DEV_SL_PR__39CD7652AD1790A81D1D59F46C418A3FD3686ABB.udd" 2586
"C:/Users/willi/AppData/Local/UnrealEngine/Common/DerivedDataCache/6/1/2/GSM_FA8C9A216A2C4639A783EB2DF8CE267E_PCD3D_SM5_8__BC5N_NOCCBN_NOIRIS_DEV_SL_PR__2E42CDE71F85B71DF98CD30D5619A10BE68BBB1B.udd" 2587
"C:/Users/willi/AppData/Local/UnrealEngine/Common/DerivedDataCache/2/2/7/GSM_FA8C9A216A2C4639A783EB2DF8CE267E_PCD3D_SM5_8__BC5N_NOCCBN_NOIRIS_DEV_SL_PR__3F4C2E66CACF5A6BA92FC4A66C1A6B3DA21F18B8.udd" 2588
"C:/Users/willi/AppData/Local/UnrealEngine/Common/DerivedDataCache/0/0/7/GSM_FA8C9A216A2C4639A783EB2DF8CE267E_PCD3D_SM5_8__BC5N_NOCCBN_NOIRIS_DEV_SL_PR__CE33DCA857C9618A537083574AC6EDC66D351CB3.udd" 2589
"C:/Users/willi/AppData/Local/UnrealEngine/Common/DerivedDataCache/0/0/5/GSM_FA8C9A216A2C4639A783EB2DF8CE267E_PCD3D_SM5_8__BC5N_NOCCBN_NOIRIS_DEV_SL_PR__4A3BA4DCF4F7B848E0E7701643F4A7E1382928BF.udd" 2590
"C:/Users/willi/AppData/Local/UnrealEngine/Common/DerivedDataCache/9/0/5/GSM_FA8C9A216A2C4639A783EB2DF8CE267E_PCD3D_SM5_8__BC5N_NOCCBN_NOIRIS_DEV_SL_PR__C39D857D286D1EF890D5210B3A4B37159CD50F45.udd" 2591
"C:/Users/willi/AppData/Local/UnrealEngine/Common/DerivedDataCache/9/7/0/GSM_FA8C9A216A2C4639A783EB2DF8CE267E_PCD3D_SM5_8__BC5N_NOCCBN_NOIRIS_DEV_SL_PR__D0C61E21A281855773776F5B70504073DB808495.udd" 2592
"C:/Users/willi/AppData/Local/UnrealEngine/Common/DerivedDataCache/7/9/8/GSM_FA8C9A216A2C4639A783EB2DF8CE267E_PCD3D_SM5_8__BC5N_NOCCBN_NOIRIS_DEV_SL_PR__DF566BF180ACC6645A33365086C061C02C965B62.udd" 2593
"C:/Users/willi/AppData/Local/UnrealEngine/Common/DerivedDataCache/6/9/2/GSM_FA8C9A216A2C4639A783EB2DF8CE267E_PCD3D_SM5_8__BC5N_NOCCBN_NOIRIS_DEV_SL_PR__11D1ECFE571B0801362011129EE51F55C7708C73.udd" 2594
"C:/Users/willi/AppData/Local/UnrealEngine/Common/DerivedDataCache/1/5/9/GSM_FA8C9A216A2C4639A783EB2DF8CE267E_PCD3D_SM5_8__BC5N_NOCCBN_NOIRIS_DEV_SL_PR__D7030626B8050D21E41E236F1916AEDEA4F3845D.udd" 2595
"C:/Users/willi/AppData/Local/UnrealEngine/Common/DerivedDataCache/1/6/5/GSM_FA8C9A216A2C4639A783EB2DF8CE267E_PCD3D_SM5_8__BC5N_NOCCBN_NOIRIS_DEV_SL_PR__B88353BAB0EF5EB56CACAC244521EEF0A8D039DF.udd" 2596
"C:/Users/willi/AppData/Local/UnrealEngine/Common/DerivedDataCache/2/3/7/GSM_FA8C9A216A2C4639A783EB2DF8CE267E_PCD3D_SM5_8__BC5N_NOCCBN_NOIRIS_DEV_SL_PR__AC14AD41B6A6A09EF2A36CD9D75E2C0B84D95632.udd" 2597
"C:/Users/willi/AppData/Local/UnrealEngine/Common/DerivedDataCache/2/4/8/GSM_FA8C9A216A2C4639A783EB2DF8CE267E_PCD3D_SM5_8__BC5N_NOCCBN_NOIRIS_DEV_SL_PR__27DD5953899939B942C1ACD2D7E445D7C2E028EE.udd" 2598
"C:/Users/willi/AppData/Local/UnrealEngine/Common/DerivedDataCache/9/3/5/GSM_FA8C9A216A2C4639A783EB2DF8CE267E_PCD3D_SM5_8__BC5N_NOCCBN_NOIRIS_DEV_SL_PR__07F199751411F9D9119B9D8B686DEA80E7900E39.udd" 2599
"C:/Users/willi/AppData/Local/UnrealEngine/Common/DerivedDataCache/5/5/5/GSM_FA8C9A216A2C4639A783EB2DF8CE267E_PCD3D_SM5_8__BC5N_NOCCBN_NOIRIS_DEV_SL_PR__F37D68B0E02A165D4027ABEF9FDAA5C8C0FF5D2F.udd" 2600
"C:/Users/willi/AppData/Local/UnrealEngine/Common/DerivedDataCache/0/5/9/GSM_FA8C9A216A2C4639A783EB2DF8CE267E_PCD3D_SM5_8__BC5N_NOCCBN_NOIRIS_DEV_SL_PR__C97A3BD0C1FA8DE7E6BEA1B35911EA6C1579925D.udd" 2601
"C:/Users/willi/AppData/Local/UnrealEngine/Common/DerivedDataCache/7/8/9/GSM_FA8C9A216A2C4639A783EB2DF8CE267E_PCD3D_SM5_8__BC5N_NOCCBN_NOIRIS_DEV_SL_PR__91135ABBC7DB86564441637BDCC5065608278F02.udd" 2602
"C:/Users/willi/AppData/Local/UnrealEngine/Common/DerivedDataCache/7/0/5/GSM_FA8C9A216A2C4639A783EB2DF8CE267E_PCD3D_SM5_8__BC5N_NOCCBN_NOIRIS_DEV_SL_PR__484CAE6F6D8AB84454CCA9C337A308310ECB7777.udd" 2603
"C:/Users/willi/AppData/Local/UnrealEngine/Common/DerivedDataCache/7/6/3/GSM_FA8C9A216A2C4639A783EB2DF8CE267E_PCD3D_SM5_8__BC5N_NOCCBN_NOIRIS_DEV_SL_PR__6B7F6BB26B0C97CD91808425B5578CA29612D490.udd" 2604
"C:/Users/willi/AppData/Local/UnrealEngine/Common/DerivedDataCache/1/0/1/GSM_FA8C9A216A2C4639A783EB2DF8CE267E_PCD3D_SM5_8__BC5N_NOCCBN_NOIRIS_DEV_SL_PR__7C0BCF121AAB3D7E00916961DF1A350642BE769F.udd" 2605
"C:/Users/willi/AppData/Local/UnrealEngine/Common/DerivedDataCache/9/3/3/GSM_FA8C9A216A2C4639A783EB2DF8CE267E_PCD3D_SM5_8__BC5N_NOCCBN_NOIRIS_DEV_SL_PR__C2B8B454225012CE26715EB9A0E21CB6EAA52C04.udd" 2606
"C:/Users/willi/AppData/Local/UnrealEngine/Common/DerivedDataCache/6/6/4/GSM_FA8C9A216A2C4639A783EB2DF8CE267E_PCD3D_SM5_8__BC5N_NOCCBN_NOIRIS_DEV_SL_PR__2141A79AC1358161C3B2AAE856280D4BAC593A10.udd" 2607
"C:/Users/willi/AppData/Local/UnrealEngine/Common/DerivedDataCache/5/9/2/GSM_FA8C9A216A2C4639A783EB2DF8CE267E_PCD3D_SM5_8__BC5N_NOCCBN_NOIRIS_DEV_SL_PR__4EC157FC47A865C781F6ACE911C532AACAB36DBE.udd" 2608
"C:/Users/willi/AppData/Local/UnrealEngine/Common/DerivedDataCache/8/9/8/GSM_FA8C9A216A2C4639A783EB2DF8CE267E_PCD3D_SM5_8__BC5N_NOCCBN_NOIRIS_DEV_SL_PR__7207F2B12D4DE74C72F9D7FD7491C9047366552E.udd" 2609
"C:/Users/willi/AppData/Local/UnrealEngine/Common/DerivedDataCache/9/8/4/GSM_FA8C9A216A2C4639A783EB2DF8CE267E_PCD3D_SM5_8__BC5N_NOCCBN_NOIRIS_DEV_SL_PR__4F801CE63FFB3F8DEAE805EC43BB8E08E53A8756.udd" 2610
"C:/Users/willi/AppData/Local/UnrealEngine/Common/DerivedDataCache/0/2/2/GSM_FA8C9A216A2C4639A783EB2DF8CE267E_PCD3D_SM5_8__BC5N_NOCCBN_NOIRIS_DEV_SL_PR__2D2815BB5DB703E0F6651D2B884023340F3ADA00.udd" 2611
"C:/Users/willi/AppData/Local/UnrealEngine/Common/DerivedDataCache/0/4/3/GSM_FA8C9A216A2C4639A783EB2DF8CE267E_PCD3D_SM5_8__BC5N_NOCCBN_NOIRIS_DEV_SL_PR__6CBE9F6D6FADAB4369EED437B79F850D57D5AE5F.udd" 2612
"C:/Users/willi/AppData/Local/UnrealEngine/Common/DerivedDataCache/0/7/0/GSM_FA8C9A216A2C4639A783EB2DF8CE267E_PCD3D_SM5_8__BC5N_NOCCBN_NOIRIS_DEV_SL_PR__F192C7DC5615429DE97D1D93C682171F957CCF7F.udd" 2613
"C:/Users/willi/AppData/Local/UnrealEngine/Common/DerivedDataCache/0/1/3/GSM_FA8C9A216A2C4639A783EB2DF8CE267E_PCD3D_SM5_8__BC5N_NOCCBN_NOIRIS_DEV_SL_PR__E7DC8DC298B656D2E292A9E640308A24FBE565F0.udd" 2614
"C:/Users/willi/AppData/Local/UnrealEngine/Common/DerivedDataCache/0/3/3/GSM_FA8C9A216A2C4639A783EB2DF8CE267E_PCD3D_SM5_8__BC5N_NOCCBN_NOIRIS_DEV_SL_PR__605E55587CB48C3B90773068BE2DB1065B09662A.udd" 2615
"C:/Users/willi/AppData/Local/UnrealEngine/Common/DerivedDataCache/5/0/1/GSM_FA8C9A216A2C4639A783EB2DF8CE267E_PCD3D_SM5_8__BC5N_NOCCBN_NOIRIS_DEV_SL_PR__730EF8AAACD6BE41B650E7F305E7DF17BB69D572.udd" 2616
"C:/Users/willi/AppData/Local/UnrealEngine/Common/DerivedDataCache/4/8/2/GSM_FA8C9A216A2C4639A783EB2DF8CE267E_PCD3D_SM5_8__BC5N_NOCCBN_NOIRIS_DEV_SL_PR__F04FFE8E0B3EE7A730580462983D0128F473AF93.udd" 2617
"C:/Users/willi/AppData/Local/UnrealEngine/Common/DerivedDataCache/3/4/8/GSM_FA8C9A216A2C4639A783EB2DF8CE267E_PCD3D_SM5_8__BC5N_NOCCBN_NOIRIS_DEV_SL_PR__798D6DB785151C9B6CF2075F05E4BF9082E73070.udd" 2618
"C:/Users/willi/AppData/Local/UnrealEngine/Common/DerivedDataCache/2/2/5/GSM_FA8C9A216A2C4639A783EB2DF8CE267E_PCD3D_SM5_8__BC5N_NOCCBN_NOIRIS_DEV_SL_PR__1A7E3128D48D659B50C9EA21ABC8CF94D4ED76FC.udd" 2619
"C:/Users/willi/AppData/Local/UnrealEngine/Common/DerivedDataCache/3/3/2/GSM_FA8C9A216A2C4639A783EB2DF8CE267E_PCD3D_SM5_8__BC5N_NOCCBN_NOIRIS_DEV_SL_PR__E74FE00A5AA3BC926A885044FCCEFDC8E14DE309.udd" 2620
"C:/Users/willi/AppData/Local/UnrealEngine/Common/DerivedDataCache/2/1/9/GSM_FA8C9A216A2C4639A783EB2DF8CE267E_PCD3D_SM5_8__BC5N_NOCCBN_NOIRIS_DEV_SL_PR__408E19FD3A3BA72934D146F6CE6010506D2B02C8.udd" 2621
"C:/Users/willi/AppData/Local/UnrealEngine/Common/DerivedDataCache/3/8/0/GSM_FA8C9A216A2C4639A783EB2DF8CE267E_PCD3D_SM5_8__BC5N_NOCCBN_NOIRIS_DEV_SL_PR__AFF8DA9085C0DC463586DC3079615A8071C816FC.udd" 2622
"C:/Users/willi/AppData/Local/UnrealEngine/Common/DerivedDataCache/8/7/3/GSM_FA8C9A216A2C4639A783EB2DF8CE267E_PCD3D_SM5_8__BC5N_NOCCBN_NOIRIS_DEV_SL_PR__CB506BA89EC655BE1E1E59BE89686836FD551511.udd" 2623
"C:/Users/willi/AppData/Local/UnrealEngine/Common/DerivedDataCache/4/4/4/GSM_FA8C9A216A2C4639A783EB2DF8CE267E_PCD3D_SM5_8__BC5N_NOCCBN_NOIRIS_DEV_SL_PR__44090298BDB8C6B817437B43D2E82BEFA2EF3C30.udd" 2624
"C:/Users/willi/AppData/Local/UnrealEngine/Common/DerivedDataCache/2/9/8/GSM_FA8C9A216A2C4639A783EB2DF8CE267E_PCD3D_SM5_8__BC5N_NOCCBN_NOIRIS_DEV_SL_PR__6CC48BA027B4025C25A30CEEC0AE3CD3DF0D78A9.udd" 2625
"C:/Users/willi/AppData/Local/UnrealEngine/Common/DerivedDataCache/9/5/1/GSM_FA8C9A216A2C4639A783EB2DF8CE267E_PCD3D_SM5_8__BC5N_NOCCBN_NOIRIS_DEV_SL_PR__BAC8F6DF426EEC018C2A25B0CF848D20D1A506A5.udd" 2626
"C:/Users/willi/AppData/Local/UnrealEngine/Common/DerivedDataCache/8/0/7/GSM_FA8C9A216A2C4639A783EB2DF8CE267E_PCD3D_SM5_8__BC5N_NOCCBN_NOIRIS_DEV_SL_PR__489A1155F88BDF0DD145088CFA050C9ADC818E39.udd" 2627
"C:/Users/willi/AppData/Local/UnrealEngine/Common/DerivedDataCache/8/3/1/GSM_FA8C9A216A2C4639A783EB2DF8CE267E_PCD3D_SM5_8__BC5N_NOCCBN_NOIRIS_DEV_SL_PR__497A6500852B6A3D39FE91E89F157A5EED400AB7.udd" 2628
"C:/Users/willi/AppData/Local/UnrealEngine/Common/DerivedDataCache/0/3/0/GSM_FA8C9A216A2C4639A783EB2DF8CE267E_PCD3D_SM5_8__BC5N_NOCCBN_NOIRIS_DEV_SL_PR__9F89D7EC75817E451D528D5009B3D619B359F028.udd" 2629
"C:/Users/willi/AppData/Local/UnrealEngine/Common/DerivedDataCache/1/8/8/GSM_FA8C9A216A2C4639A783EB2DF8CE267E_PCD3D_SM5_8__BC5N_NOCCBN_NOIRIS_DEV_SL_PR__D3FA48FDB49063D1D2ED9A5441A1E51CE5C96A67.udd" 2630
"C:/Users/willi/AppData/Local/UnrealEngine/Common/DerivedDataCache/4/7/5/GSM_FA8C9A216A2C4639A783EB2DF8CE267E_PCD3D_SM5_8__BC5N_NOCCBN_NOIRIS_DEV_SL_PR__772EF9F3D06A1B4CFF85BEA547B33049176B6432.udd" 2631
"C:/Users/willi/AppData/Local/UnrealEngine/Common/DerivedDataCache/8/4/5/GSM_FA8C9A216A2C4639A783EB2DF8CE267E_PCD3D_SM5_8__BC5N_NOCCBN_NOIRIS_DEV_SL_PR__E3EF2ADA2FDDDC4BDC0238D029E02ECFE2B0C612.udd" 2632
"C:/Users/willi/AppData/Local/UnrealEngine/Common/DerivedDataCache/7/6/0/GSM_FA8C9A216A2C4639A783EB2DF8CE267E_PCD3D_SM5_8__BC5N_NOCCBN_NOIRIS_DEV_SL_PR__6F68CEF1219CFD3640D71A27084E521A48A848E8.udd" 2633
"C:/Users/willi/AppData/Local/UnrealEngine/Common/DerivedDataCache/3/5/3/GSM_FA8C9A216A2C4639A783EB2DF8CE267E_PCD3D_SM5_8__BC5N_NOCCBN_NOIRIS_DEV_SL_PR__AC5F16EB07E3C5B65D5E699C8579683B77303435.udd" 2634
"C:/Users/willi/AppData/Local/UnrealEngine/Common/DerivedDataCache/1/9/2/GSM_FA8C9A216A2C4639A783EB2DF8CE267E_PCD3D_SM5_8__BC5N_NOCCBN_NOIRIS_DEV_SL_PR__ADBE3543963F2AE88E4BF092711519FB70F2C81E.udd" 2635
"C:/Users/willi/AppData/Local/UnrealEngine/Common/DerivedDataCache/2/5/2/GSM_FA8C9A216A2C4639A783EB2DF8CE267E_PCD3D_SM5_8__BC5N_NOCCBN_NOIRIS_DEV_SL_PR__ED160B96F737AA1D5FCA39490195C2702944EB69.udd" 2636
"C:/Users/willi/AppData/Local/UnrealEngine/Common/DerivedDataCache/0/7/6/GSM_FA8C9A216A2C4639A783EB2DF8CE267E_PCD3D_SM5_8__BC5N_NOCCBN_NOIRIS_DEV_SL_PR__4B7BC4EDFC82C48090E2BA4F59D56F230A17458C.udd" 2637
"C:/Users/willi/AppData/Local/UnrealEngine/Common/DerivedDataCache/0/4/6/GSM_FA8C9A216A2C4639A783EB2DF8CE267E_PCD3D_SM5_8__BC5N_NOCCBN_NOIRIS_DEV_SL_PR__3FA85725B684299CC21A3AADD6623607334FFC3C.udd" 2638
"C:/Users/willi/AppData/Local/UnrealEngine/Common/DerivedDataCache/4/1/7/GSM_FA8C9A216A2C4639A783EB2DF8CE267E_PCD3D_SM5_8__BC5N_NOCCBN_NOIRIS_DEV_SL_PR__50EF8D7E44AE9E7BFD78DE3424402A770F338C21.udd" 2639
"C:/Users/willi/AppData/Local/UnrealEngine/Common/DerivedDataCache/6/7/5/GSM_FA8C9A216A2C4639A783EB2DF8CE267E_PCD3D_SM5_8__BC5N_NOCCBN_NOIRIS_DEV_SL_PR__C95DCA1140459F553E47858A46BE0A7441EB3B42.udd" 2640
"C:/Users/willi/AppData/Local/UnrealEngine/Common/DerivedDataCache/8/5/6/GSM_FA8C9A216A2C4639A783EB2DF8CE267E_PCD3D_SM5_8__BC5N_NOCCBN_NOIRIS_DEV_SL_PR__954F5696F0B071A75D3B367EC93C4851150425E6.udd" 2641
"C:/Users/willi/AppData/Local/UnrealEngine/Common/DerivedDataCache/8/2/4/GSM_FA8C9A216A2C4639A783EB2DF8CE267E_PCD3D_SM5_8__BC5N_NOCCBN_NOIRIS_DEV_SL_PR__7949FBA0080761B1F5F4913BB5628B964406DAC6.udd" 2642
"C:/Users/willi/AppData/Local/UnrealEngine/Common/DerivedDataCache/1/9/9/GSM_FA8C9A216A2C4639A783EB2DF8CE267E_PCD3D_SM5_8__BC5N_NOCCBN_NOIRIS_DEV_SL_PR__3778BF68C54561AB50009E53CBC4AA59E699C330.udd" 2643
"C:/Users/willi/AppData/Local/UnrealEngine/Common/DerivedDataCache/9/9/6/GSM_FA8C9A216A2C4639A783EB2DF8CE267E_PCD3D_SM5_8__BC5N_NOCCBN_NOIRIS_DEV_SL_PR__C9366894EA8FE159AD5A327DCE7C87383B417DD3.udd" 2644
"C:/Users/willi/AppData/Local/UnrealEngine/Common/DerivedDataCache/7/6/0/GSM_FA8C9A216A2C4639A783EB2DF8CE267E_PCD3D_SM5_8__BC5N_NOCCBN_NOIRIS_DEV_SL_PR__349E371729F17DA005BCAD956E48236445FFC4F2.udd" 2645
"C:/Users/willi/AppData/Local/UnrealEngine/Common/DerivedDataCache/9/6/6/GSM_FA8C9A216A2C4639A783EB2DF8CE267E_PCD3D_SM5_8__BC5N_NOCCBN_NOIRIS_DEV_SL_PR__7DFB7C789FD85512C33D725A5AE7909E2ED04361.udd" 2646
"C:/Users/willi/AppData/Local/UnrealEngine/Common/DerivedDataCache/0/0/6/GSM_FA8C9A216A2C4639A783EB2DF8CE267E_PCD3D_SM5_8__BC5N_NOCCBN_NOIRIS_DEV_SL_PR__D45DC9537BE26263A5CB0EA0D92AAF7C4C02F5AD.udd" 2647
"C:/Users/willi/AppData/Local/UnrealEngine/Common/DerivedDataCache/0/5/2/GSM_FA8C9A216A2C4639A783EB2DF8CE267E_PCD3D_SM5_8__BC5N_NOCCBN_NOIRIS_DEV_SL_PR__0BF4AE614401647A370B2F116584DC13C667B3F8.udd" 2648
"C:/Users/willi/AppData/Local/UnrealEngine/Common/DerivedDataCache/4/5/6/GSM_FA8C9A216A2C4639A783EB2DF8CE267E_PCD3D_SM5_8__BC5N_NOCCBN_NOIRIS_DEV_SL_PR__374869F07832D17DE333E651FD74F7206B501123.udd" 2649
"C:/Users/willi/AppData/Local/UnrealEngine/Common/DerivedDataCache/6/6/9/GSM_FA8C9A216A2C4639A783EB2DF8CE267E_PCD3D_SM5_8__BC5N_NOCCBN_NOIRIS_DEV_SL_PR__C5059FFC90396773627AAB72A32759E75777AF34.udd" 2650
"C:/Users/willi/AppData/Local/UnrealEngine/Common/DerivedDataCache/4/3/4/GSM_FA8C9A216A2C4639A783EB2DF8CE267E_PCD3D_SM5_8__BC5N_NOCCBN_NOIRIS_DEV_SL_PR__15CDC5795E84AB77B992E383BDB33CF0B2F563A7.udd" 2651
"C:/Users/willi/AppData/Local/UnrealEngine/Common/DerivedDataCache/0/7/7/GSM_FA8C9A216A2C4639A783EB2DF8CE267E_PCD3D_SM5_8__BC5N_NOCCBN_NOIRIS_DEV_SL_PR__0E57F186AD38E58F184B3370D3E1949D1F10C63F.udd" 2652
"C:/Users/willi/AppData/Local/UnrealEngine/Common/DerivedDataCache/1/8/4/GSM_FA8C9A216A2C4639A783EB2DF8CE267E_PCD3D_SM5_8__BC5N_NOCCBN_NOIRIS_DEV_SL_PR__601F161E2BF867E98D39578EB1EA30A302D82BCE.udd" 2653
"C:/Users/willi/AppData/Local/UnrealEngine/Common/DerivedDataCache/2/3/4/GSM_FA8C9A216A2C4639A783EB2DF8CE267E_PCD3D_SM5_8__BC5N_NOCCBN_NOIRIS_DEV_SL_PR__2FDD9522DDB065AF8BE273F48F8B07895D0223A0.udd" 2654
"C:/Users/willi/AppData/Local/UnrealEngine/Common/DerivedDataCache/9/9/6/GSM_FA8C9A216A2C4639A783EB2DF8CE267E_PCD3D_SM5_8__BC5N_NOCCBN_NOIRIS_DEV_SL_PR__04E50A583CCAD0E47F624DE2221BF431679C8C80.udd" 2655
"C:/Users/willi/AppData/Local/UnrealEngine/Common/DerivedDataCache/0/4/5/GSM_FA8C9A216A2C4639A783EB2DF8CE267E_PCD3D_SM5_8__BC5N_NOCCBN_NOIRIS_DEV_SL_PR__658FC62098685E0CB1FF1D65E07A04A57543588D.udd" 2656
"C:/Users/willi/AppData/Local/UnrealEngine/Common/DerivedDataCache/3/0/3/GSM_FA8C9A216A2C4639A783EB2DF8CE267E_PCD3D_SM5_8__BC5N_NOCCBN_NOIRIS_DEV_SL_PR__A6ADB97CFBF474B9549B8894ECE2A554C29CCDEB.udd" 2657
"C:/Users/willi/AppData/Local/UnrealEngine/Common/DerivedDataCache/3/1/8/GSM_FA8C9A216A2C4639A783EB2DF8CE267E_PCD3D_SM5_8__BC5N_NOCCBN_NOIRIS_DEV_SL_PR__DED14CA654563039A9D352BBF7DB44C9619269D4.udd" 2658
"C:/Users/willi/AppData/Local/UnrealEngine/Common/DerivedDataCache/7/2/1/GSM_FA8C9A216A2C4639A783EB2DF8CE267E_PCD3D_SM5_8__BC5N_NOCCBN_NOIRIS_DEV_SL_PR__DA89444B8C87EF334C32D7A654E7F6393EF17B8B.udd" 2659
"C:/Users/willi/AppData/Local/UnrealEngine/Common/DerivedDataCache/8/0/2/GSM_FA8C9A216A2C4639A783EB2DF8CE267E_PCD3D_SM5_8__BC5N_NOCCBN_NOIRIS_DEV_SL_PR__A799661D0D2F00BC7495D60464DE859C920F8EEC.udd" 2660
"C:/Users/willi/AppData/Local/UnrealEngine/Common/DerivedDataCache/5/0/3/GSM_FA8C9A216A2C4639A783EB2DF8CE267E_PCD3D_SM5_8__BC5N_NOCCBN_NOIRIS_DEV_SL_PR__FEDA20703D02A13098BB356B3AF01E598DDAF64C.udd" 2661
"C:/Users/willi/AppData/Local/UnrealEngine/Common/DerivedDataCache/4/2/4/GSM_FA8C9A216A2C4639A783EB2DF8CE267E_PCD3D_SM5_8__BC5N_NOCCBN_NOIRIS_DEV_SL_PR__5CE302CD45F87A2523C5ACB973382C958D678259.udd" 2662
"C:/Users/willi/AppData/Local/UnrealEngine/Common/DerivedDataCache/4/1/5/GSM_FA8C9A216A2C4639A783EB2DF8CE267E_PCD3D_SM5_8__BC5N_NOCCBN_NOIRIS_DEV_SL_PR__EBC1AB4D63C9E33543C2FBD62FEE5E2F664089CC.udd" 2663
"C:/Users/willi/AppData/Local/UnrealEngine/Common/DerivedDataCache/6/8/8/GSM_FA8C9A216A2C4639A783EB2DF8CE267E_PCD3D_SM5_8__BC5N_NOCCBN_NOIRIS_DEV_SL_PR__FB3521A6C73B6DEF4EF1608179EE2A8007951A05.udd" 2664
"C:/Users/willi/AppData/Local/UnrealEngine/Common/DerivedDataCache/0/0/9/GSM_FA8C9A216A2C4639A783EB2DF8CE267E_PCD3D_SM5_8__BC5N_NOCCBN_NOIRIS_DEV_SL_PR__25C90EB3DD146F5B51B63044E552029A8A053ED8.udd" 2665
"C:/Users/willi/AppData/Local/UnrealEngine/Common/DerivedDataCache/8/1/0/GSM_FA8C9A216A2C4639A783EB2DF8CE267E_PCD3D_SM5_8__BC5N_NOCCBN_NOIRIS_DEV_SL_PR__8CABDA0D6FD15C1008259164A21B176DEB33D4C8.udd" 2666
"C:/Users/willi/AppData/Local/UnrealEngine/Common/DerivedDataCache/6/2/5/GSM_FA8C9A216A2C4639A783EB2DF8CE267E_PCD3D_SM5_8__BC5N_NOCCBN_NOIRIS_DEV_SL_PR__1B17CB17065C812A1410070D0809E6958682C309.udd" 2667
"C:/Users/willi/AppData/Local/UnrealEngine/Common/DerivedDataCache/7/4/1/GSM_FA8C9A216A2C4639A783EB2DF8CE267E_PCD3D_SM5_8__BC5N_NOCCBN_NOIRIS_DEV_SL_PR__6B1FDA0E8B69C3C99E6487399F383BB0D99ACF5A.udd" 2668
"C:/Users/willi/AppData/Local/UnrealEngine/Common/DerivedDataCache/3/3/3/GSM_FA8C9A216A2C4639A783EB2DF8CE267E_PCD3D_SM5_8__BC5N_NOCCBN_NOIRIS_DEV_SL_PR__26DBF059C155CE3D542C37E26CC1726A2019CB79.udd" 2669
"C:/Users/willi/AppData/Local/UnrealEngine/Common/DerivedDataCache/5/7/7/GSM_FA8C9A216A2C4639A783EB2DF8CE267E_PCD3D_SM5_8__BC5N_NOCCBN_NOIRIS_DEV_SL_PR__34DD4A04B8A95F40335BC003AFD45988E3547A92.udd" 2670
"C:/Users/willi/AppData/Local/UnrealEngine/Common/DerivedDataCache/1/3/4/GSM_FA8C9A216A2C4639A783EB2DF8CE267E_PCD3D_SM5_8__BC5N_NOCCBN_NOIRIS_DEV_SL_PR__B05D9DAF96E8D464017009988978D3A3CC192D07.udd" 2671
"C:/Users/willi/AppData/Local/UnrealEngine/Common/DerivedDataCache/0/2/7/GSM_FA8C9A216A2C4639A783EB2DF8CE267E_PCD3D_SM5_8__BC5N_NOCCBN_NOIRIS_DEV_SL_PR__6EF7987DEE2993A6DB565D84D2F53CB5E9D33A3D.udd" 2672
"C:/Users/willi/AppData/Local/UnrealEngine/Common/DerivedDataCache/9/3/9/GSM_FA8C9A216A2C4639A783EB2DF8CE267E_PCD3D_SM5_8__BC5N_NOCCBN_NOIRIS_DEV_SL_PR__2D76D9BCA69A1C5385D55DB5762AC6E672C4E6A2.udd" 2673
"C:/Users/willi/AppData/Local/UnrealEngine/Common/DerivedDataCache/5/8/2/GSM_FA8C9A216A2C4639A783EB2DF8CE267E_PCD3D_SM5_8__BC5N_NOCCBN_NOIRIS_DEV_SL_PR__EAB7791EB7D5AF889B3478F7F3F0989CD97B2FE8.udd" 2674
"C:/Users/willi/AppData/Local/UnrealEngine/Common/DerivedDataCache/8/1/4/GSM_FA8C9A216A2C4639A783EB2DF8CE267E_PCD3D_SM5_8__BC5N_NOCCBN_NOIRIS_DEV_SL_PR__9FE5989EF43CCE62F93BCAE38F2A67FF72CA2B6C.udd" 2675
"C:/Users/willi/AppData/Local/UnrealEngine/Common/DerivedDataCache/4/8/6/GSM_FA8C9A216A2C4639A783EB2DF8CE267E_PCD3D_SM5_8__BC5N_NOCCBN_NOIRIS_DEV_SL_PR__FC35316E5EB81641713D6A0CFBA743B385147EC2.udd" 2676
"C:/Users/willi/AppData/Local/UnrealEngine/Common/DerivedDataCache/7/1/8/GSM_FA8C9A216A2C4639A783EB2DF8CE267E_PCD3D_SM5_8__BC5N_NOCCBN_NOIRIS_DEV_SL_PR__86A9B3DD4141F0B07FF2D22AA3B0E51FDC2DD673.udd" 2677
"C:/Users/willi/AppData/Local/UnrealEngine/Common/DerivedDataCache/2/9/8/GSM_FA8C9A216A2C4639A783EB2DF8CE267E_PCD3D_SM5_8__BC5N_NOCCBN_NOIRIS_DEV_SL_PR__75FE56EB44D9305E597E1C35C9617AD67DE6BBF6.udd" 2678
"C:/Users/willi/AppData/Local/UnrealEngine/Common/DerivedDataCache/3/3/2/GSM_FA8C9A216A2C4639A783EB2DF8CE267E_PCD3D_SM5_8__BC5N_NOCCBN_NOIRIS_DEV_SL_PR__98E78AF020A64A9763810F945B16AEA63A572D49.udd" 2679
"C:/Users/willi/AppData/Local/UnrealEngine/Common/DerivedDataCache/3/7/4/GSM_FA8C9A216A2C4639A783EB2DF8CE267E_PCD3D_SM5_8__BC5N_NOCCBN_NOIRIS_DEV_SL_PR__2C5C6E3DAA02C51F2153D8036317C9C0B90BF482.udd" 2680
"C:/Users/willi/AppData/Local/UnrealEngine/Common/DerivedDataCache/5/4/7/GSM_FA8C9A216A2C4639A783EB2DF8CE267E_PCD3D_SM5_8__BC5N_NOCCBN_NOIRIS_DEV_SL_PR__4939EC5A6B4D91D68B5655DA9DE5CA53BE01F07A.udd" 2681
"C:/Users/willi/AppData/Local/UnrealEngine/Common/DerivedDataCache/0/4/7/GSM_FA8C9A216A2C4639A783EB2DF8CE267E_PCD3D_SM5_8__BC5N_NOCCBN_NOIRIS_DEV_SL_PR__B5888A43530312EAB29666A8E79960069B4BD589.udd" 2682
"C:/Users/willi/AppData/Local/UnrealEngine/Common/DerivedDataCache/3/6/5/GSM_FA8C9A216A2C4639A783EB2DF8CE267E_PCD3D_SM5_8__BC5N_NOCCBN_NOIRIS_DEV_SL_PR__F6088DD4830461D2F6021551BCC20CFCDF472ECA.udd" 2683
"C:/Users/willi/AppData/Local/UnrealEngine/Common/DerivedDataCache/3/4/3/GSM_FA8C9A216A2C4639A783EB2DF8CE267E_PCD3D_SM5_8__BC5N_NOCCBN_NOIRIS_DEV_SL_PR__782BC5776869675CB66990EA5483EF52AA8E7589.udd" 2684
"C:/Users/willi/AppData/Local/UnrealEngine/Common/DerivedDataCache/9/3/9/GSM_FA8C9A216A2C4639A783EB2DF8CE267E_PCD3D_SM5_8__BC5N_NOCCBN_NOIRIS_DEV_SL_PR__78D5EC2BC28C1CE1FC957CA288F5DA767B83B31A.udd" 2685
"C:/Users/willi/AppData/Local/UnrealEngine/Common/DerivedDataCache/3/4/7/GSM_FA8C9A216A2C4639A783EB2DF8CE267E_PCD3D_SM5_8__BC5N_NOCCBN_NOIRIS_DEV_SL_PR__2F21996DD3499D73107C4C172337DFF2198792E8.udd" 2686
"C:/Users/willi/AppData/Local/UnrealEngine/Common/DerivedDataCache/8/8/8/GSM_FA8C9A216A2C4639A783EB2DF8CE267E_PCD3D_SM5_8__BC5N_NOCCBN_NOIRIS_DEV_SL_PR__8D3D1767E4A7F5D0EEE8ECBE564A3D002D0FD839.udd" 2687
"C:/Users/willi/AppData/Local/UnrealEngine/Common/DerivedDataCache/6/4/8/GSM_FA8C9A216A2C4639A783EB2DF8CE267E_PCD3D_SM5_8__BC5N_NOCCBN_NOIRIS_DEV_SL_PR__1EBC676418FA0E6D264D3A924DE580E8ACF64AE1.udd" 2688
"C:/Users/willi/AppData/Local/UnrealEngine/Common/DerivedDataCache/1/6/0/GSM_FA8C9A216A2C4639A783EB2DF8CE267E_PCD3D_SM5_8__BC5N_NOCCBN_NOIRIS_DEV_SL_PR__36275F92BADCC406FD121CA0E12AC713977DA1F1.udd" 2689
"C:/Users/willi/AppData/Local/UnrealEngine/Common/DerivedDataCache/5/1/1/GSM_FA8C9A216A2C4639A783EB2DF8CE267E_PCD3D_SM5_8__BC5N_NOCCBN_NOIRIS_DEV_SL_PR__A2D74D6476F19F354286C6EB11437D886188F672.udd" 2690
"C:/Users/willi/AppData/Local/UnrealEngine/Common/DerivedDataCache/6/3/8/GSM_FA8C9A216A2C4639A783EB2DF8CE267E_PCD3D_SM5_8__BC5N_NOCCBN_NOIRIS_DEV_SL_PR__A163BA701401FEDBBB0D240FC356AF91E58700FF.udd" 2691
"C:/Users/willi/AppData/Local/UnrealEngine/Common/DerivedDataCache/7/3/0/GSM_FA8C9A216A2C4639A783EB2DF8CE267E_PCD3D_SM5_8__BC5N_NOCCBN_NOIRIS_DEV_SL_PR__18725526FBCA535C1CBB9BAEA50F0F72205AC2FD.udd" 2692
"C:/Users/willi/AppData/Local/UnrealEngine/Common/DerivedDataCache/6/7/5/GSM_FA8C9A216A2C4639A783EB2DF8CE267E_PCD3D_SM5_8__BC5N_NOCCBN_NOIRIS_DEV_SL_PR__23324FB2108191C8161A73F58F97D6D7D35826C9.udd" 2693
"C:/Users/willi/AppData/Local/UnrealEngine/Common/DerivedDataCache/8/6/5/GSM_FA8C9A216A2C4639A783EB2DF8CE267E_PCD3D_SM5_8__BC5N_NOCCBN_NOIRIS_DEV_SL_PR__A32D7CB2C3E1F61DCCB7FAE9D4233B4540F9ADA2.udd" 2694
"C:/Users/willi/AppData/Local/UnrealEngine/Common/DerivedDataCache/1/1/9/GSM_FA8C9A216A2C4639A783EB2DF8CE267E_PCD3D_SM5_8__BC5N_NOCCBN_NOIRIS_DEV_SL_PR__5FF76CAA0CD87BB27A164B87D864B489F6EDB482.udd" 2695
"C:/Users/willi/AppData/Local/UnrealEngine/Common/DerivedDataCache/7/0/8/GSM_FA8C9A216A2C4639A783EB2DF8CE267E_PCD3D_SM5_8__BC5N_NOCCBN_NOIRIS_DEV_SL_PR__2EE44E007AB83F8B156DC837B432D17689B802EB.udd" 2696
"C:/Users/willi/AppData/Local/UnrealEngine/Common/DerivedDataCache/9/0/0/GSM_FA8C9A216A2C4639A783EB2DF8CE267E_PCD3D_SM5_8__BC5N_NOCCBN_NOIRIS_DEV_SL_PR__835A3B3B2462CF726D3F7CF62DEBE51AD90C763B.udd" 2697
"C:/Users/willi/AppData/Local/UnrealEngine/Common/DerivedDataCache/4/1/1/GSM_FA8C9A216A2C4639A783EB2DF8CE267E_PCD3D_SM5_8__BC5N_NOCCBN_NOIRIS_DEV_SL_PR__0B8D116B15BE6A7517DE38F84040081FD47CF16D.udd" 2698
"C:/Users/willi/AppData/Local/UnrealEngine/Common/DerivedDataCache/2/8/2/GSM_FA8C9A216A2C4639A783EB2DF8CE267E_PCD3D_SM5_8__BC5N_NOCCBN_NOIRIS_DEV_SL_PR__E694A55FDB3101FCAE445AF6521D27A920B44768.udd" 2699
"C:/Users/willi/AppData/Local/UnrealEngine/Common/DerivedDataCache/4/8/2/GSM_FA8C9A216A2C4639A783EB2DF8CE267E_PCD3D_SM5_8__BC5N_NOCCBN_NOIRIS_DEV_SL_PR__893D3B100E1D77E0A53E2EAD89E7D164E47AD867.udd" 2700
"C:/Users/willi/AppData/Local/UnrealEngine/Common/DerivedDataCache/7/7/5/GSM_FA8C9A216A2C4639A783EB2DF8CE267E_PCD3D_SM5_8__BC5N_NOCCBN_NOIRIS_DEV_SL_PR__7B2FCE83054612107BB610CA471D3E255E4C76C2.udd" 2701
"C:/Users/willi/AppData/Local/UnrealEngine/Common/DerivedDataCache/8/4/2/GSM_FA8C9A216A2C4639A783EB2DF8CE267E_PCD3D_SM5_8__BC5N_NOCCBN_NOIRIS_DEV_SL_PR__170456D801897D055E8C8E209E53EF4EE17CFC5D.udd" 2702
"C:/Users/willi/AppData/Local/UnrealEngine/Common/DerivedDataCache/6/2/4/GSM_FA8C9A216A2C4639A783EB2DF8CE267E_PCD3D_SM5_8__BC5N_NOCCBN_NOIRIS_DEV_SL_PR__67F35E691A0455F8C216D25573C33E9091A4617A.udd" 2703
"C:/Users/willi/AppData/Local/UnrealEngine/Common/DerivedDataCache/9/7/3/GSM_FA8C9A216A2C4639A783EB2DF8CE267E_PCD3D_SM5_8__BC5N_NOCCBN_NOIRIS_DEV_SL_PR__39281929C6D191A218C2897417474ED01177DB7E.udd" 2704
"C:/Users/willi/AppData/Local/UnrealEngine/Common/DerivedDataCache/6/5/9/GSM_FA8C9A216A2C4639A783EB2DF8CE267E_PCD3D_SM5_8__BC5N_NOCCBN_NOIRIS_DEV_SL_PR__55C543299AA5910AEFD0C791AE5A27A074F8E8F9.udd" 2705
"C:/Users/willi/AppData/Local/UnrealEngine/Common/DerivedDataCache/2/1/7/GSM_FA8C9A216A2C4639A783EB2DF8CE267E_PCD3D_SM5_8__BC5N_NOCCBN_NOIRIS_DEV_SL_PR__91AD7AF785AAFE4402FC0AAC2D0725F4670C3433.udd" 2706
"C:/Users/willi/AppData/Local/UnrealEngine/Common/DerivedDataCache/5/7/6/GSM_FA8C9A216A2C4639A783EB2DF8CE267E_PCD3D_SM5_8__BC5N_NOCCBN_NOIRIS_DEV_SL_PR__579FE4A0162CFBBCE4C57B4106AC06990D9E9DD8.udd" 2707
"C:/Users/willi/AppData/Local/UnrealEngine/Common/DerivedDataCache/0/2/0/GSM_FA8C9A216A2C4639A783EB2DF8CE267E_PCD3D_SM5_8__BC5N_NOCCBN_NOIRIS_DEV_SL_PR__F90B7D3FFD2042218E40D964BFEF95EFA208575D.udd" 2708
"C:/Users/willi/AppData/Local/UnrealEngine/Common/DerivedDataCache/6/0/2/GSM_FA8C9A216A2C4639A783EB2DF8CE267E_PCD3D_SM5_8__BC5N_NOCCBN_NOIRIS_DEV_SL_PR__9C56CA6A651FEE5A118D42C399319597FF84E51E.udd" 2709
"C:/Users/willi/AppData/Local/UnrealEngine/Common/DerivedDataCache/8/8/2/GSM_FA8C9A216A2C4639A783EB2DF8CE267E_PCD3D_SM5_8__BC5N_NOCCBN_NOIRIS_DEV_SL_PR__DC9B1655B7D67B382C6D5F961FD1852E4FD857D3.udd" 2710
"C:/Users/willi/AppData/Local/UnrealEngine/Common/DerivedDataCache/7/7/0/GSM_FA8C9A216A2C4639A783EB2DF8CE267E_PCD3D_SM5_8__BC5N_NOCCBN_NOIRIS_DEV_SL_PR__D4BD8DE733EFFE2DA55BF30EAFC981EC135F0AFA.udd" 2711
"C:/Users/willi/AppData/Local/UnrealEngine/Common/DerivedDataCache/5/8/6/GSM_FA8C9A216A2C4639A783EB2DF8CE267E_PCD3D_SM5_8__BC5N_NOCCBN_NOIRIS_DEV_SL_PR__08BE4C4C437466E7DFCDB6C931FDCB893E0B95D4.udd" 2712
"C:/Users/willi/AppData/Local/UnrealEngine/Common/DerivedDataCache/3/7/0/GSM_FA8C9A216A2C4639A783EB2DF8CE267E_PCD3D_SM5_8__BC5N_NOCCBN_NOIRIS_DEV_SL_PR__940B5E687DE20E374C0756D9EC4C0E576CBA29AC.udd" 2713
"C:/Users/willi/AppData/Local/UnrealEngine/Common/DerivedDataCache/7/6/8/GSM_FA8C9A216A2C4639A783EB2DF8CE267E_PCD3D_SM5_8__BC5N_NOCCBN_NOIRIS_DEV_SL_PR__F22ED8081454F2F1EF58040BF00DB022587BAB33.udd" 2714
"C:/Users/willi/AppData/Local/UnrealEngine/Common/DerivedDataCache/2/5/8/GSM_FA8C9A216A2C4639A783EB2DF8CE267E_PCD3D_SM5_8__BC5N_NOCCBN_NOIRIS_DEV_SL_PR__B06FB8E2D34A18F89A3082BC283919F39B8A71C1.udd" 2715
"C:/Users/willi/AppData/Local/UnrealEngine/Common/DerivedDataCache/7/7/1/GSM_FA8C9A216A2C4639A783EB2DF8CE267E_PCD3D_SM5_8__BC5N_NOCCBN_NOIRIS_DEV_SL_PR__7658386591BD93A500FBC13A52B796FFF4D9C80C.udd" 2716
"C:/Users/willi/AppData/Local/UnrealEngine/Common/DerivedDataCache/4/0/0/GSM_FA8C9A216A2C4639A783EB2DF8CE267E_PCD3D_SM5_8__BC5N_NOCCBN_NOIRIS_DEV_SL_PR__65943B515677E32E1B8B716B06947662B30DA092.udd" 2717
"C:/Users/willi/AppData/Local/UnrealEngine/Common/DerivedDataCache/7/0/2/GSM_FA8C9A216A2C4639A783EB2DF8CE267E_PCD3D_SM5_8__BC5N_NOCCBN_NOIRIS_DEV_SL_PR__2647D3A94E11C9E1BC13828F21C8CC10DA8CB044.udd" 2718
"C:/Users/willi/AppData/Local/UnrealEngine/Common/DerivedDataCache/0/2/4/GSM_FA8C9A216A2C4639A783EB2DF8CE267E_PCD3D_SM5_8__BC5N_NOCCBN_NOIRIS_DEV_SL_PR__559BD493BEBF5641D349EF04F770DE950B2A1110.udd" 2719
"C:/Users/willi/AppData/Local/UnrealEngine/Common/DerivedDataCache/3/4/7/GSM_FA8C9A216A2C4639A783EB2DF8CE267E_PCD3D_SM5_8__BC5N_NOCCBN_NOIRIS_DEV_SL_PR__2F86A1866B9A8D8D940D1CCB61D40F84B905BCAE.udd" 2720
"C:/Users/willi/AppData/Local/UnrealEngine/Common/DerivedDataCache/5/5/3/GSM_FA8C9A216A2C4639A783EB2DF8CE267E_PCD3D_SM5_8__BC5N_NOCCBN_NOIRIS_DEV_SL_PR__4665B5F53E163155C8E9FCE8383ACFA0777E35FD.udd" 2721
"C:/Users/willi/AppData/Local/UnrealEngine/Common/DerivedDataCache/3/7/0/GSM_FA8C9A216A2C4639A783EB2DF8CE267E_PCD3D_SM5_8__BC5N_NOCCBN_NOIRIS_DEV_SL_PR__E24F448392D386463FD0F9995B82E972DF6D89DD.udd" 2722
"C:/Users/willi/AppData/Local/UnrealEngine/Common/DerivedDataCache/1/7/3/GSM_FA8C9A216A2C4639A783EB2DF8CE267E_PCD3D_SM5_8__BC5N_NOCCBN_NOIRIS_DEV_SL_PR__6AB866603B4A6692B7F8B077695B0379841EF381.udd" 2723
"C:/Users/willi/AppData/Local/UnrealEngine/Common/DerivedDataCache/4/1/0/GSM_FA8C9A216A2C4639A783EB2DF8CE267E_PCD3D_SM5_8__BC5N_NOCCBN_NOIRIS_DEV_SL_PR__5B7FA3BBFE16D498853CD0E323BEF3F514622F59.udd" 2724
"C:/Users/willi/AppData/Local/UnrealEngine/Common/DerivedDataCache/3/2/3/GSM_FA8C9A216A2C4639A783EB2DF8CE267E_PCD3D_SM5_8__BC5N_NOCCBN_NOIRIS_DEV_SL_PR__5A5DAEDE253AE08BD4545B257C6DA3DE1F5516F4.udd" 2725
"C:/Users/willi/AppData/Local/UnrealEngine/Common/DerivedDataCache/8/0/8/GSM_FA8C9A216A2C4639A783EB2DF8CE267E_PCD3D_SM5_8__BC5N_NOCCBN_NOIRIS_DEV_SL_PR__C6D08C0581519FADE86530A0A67F23E610F5D4F9.udd" 2726
"C:/Users/willi/AppData/Local/UnrealEngine/Common/DerivedDataCache/8/0/0/GSM_FA8C9A216A2C4639A783EB2DF8CE267E_PCD3D_SM5_8__BC5N_NOCCBN_NOIRIS_DEV_SL_PR__3A505BCB99A60DB0C1570E32BB638691C7971ECE.udd" 2727
"C:/Users/willi/AppData/Local/UnrealEngine/Common/DerivedDataCache/1/7/8/GSM_FA8C9A216A2C4639A783EB2DF8CE267E_PCD3D_SM5_8__BC5N_NOCCBN_NOIRIS_DEV_SL_PR__836A8B7568BDCE55A0BA605CA3113FE8B9B56FD3.udd" 2728
"C:/Users/willi/AppData/Local/UnrealEngine/Common/DerivedDataCache/4/8/3/GSM_FA8C9A216A2C4639A783EB2DF8CE267E_PCD3D_SM5_8__BC5N_NOCCBN_NOIRIS_DEV_SL_PR__972DA89511B265639BA3C1DC133F367F9669D5C9.udd" 2729
"C:/Users/willi/AppData/Local/UnrealEngine/Common/DerivedDataCache/7/9/8/GSM_FA8C9A216A2C4639A783EB2DF8CE267E_PCD3D_SM5_8__BC5N_NOCCBN_NOIRIS_DEV_SL_PR__7637393D08D822953D3973A44883C6523021C188.udd" 2730
"C:/Users/willi/AppData/Local/UnrealEngine/Common/DerivedDataCache/0/7/0/GSM_FA8C9A216A2C4639A783EB2DF8CE267E_PCD3D_SM5_8__BC5N_NOCCBN_NOIRIS_DEV_SL_PR__7FE42471E807257D34C44F0AFE0281EDB0DC6870.udd" 2731
"C:/Users/willi/AppData/Local/UnrealEngine/Common/DerivedDataCache/7/0/9/GSM_FA8C9A216A2C4639A783EB2DF8CE267E_PCD3D_SM5_8__BC5N_NOCCBN_NOIRIS_DEV_SL_PR__AC63F4B6D52D526185286028F2608046AB29F49F.udd" 2732
"C:/Users/willi/AppData/Local/UnrealEngine/Common/DerivedDataCache/8/3/1/GSM_FA8C9A216A2C4639A783EB2DF8CE267E_PCD3D_SM5_8__BC5N_NOCCBN_NOIRIS_DEV_SL_PR__550BA95D82B5526BCC7FF5D6388A0E504706F596.udd" 2733
"C:/Users/willi/AppData/Local/UnrealEngine/Common/DerivedDataCache/5/5/4/GSM_FA8C9A216A2C4639A783EB2DF8CE267E_PCD3D_SM5_8__BC5N_NOCCBN_NOIRIS_DEV_SL_PR__4198A4DEDDC09FFD6D251A7C4B5CE091B637F7B6.udd" 2734
"C:/Users/willi/AppData/Local/UnrealEngine/Common/DerivedDataCache/9/2/7/GSM_FA8C9A216A2C4639A783EB2DF8CE267E_PCD3D_SM5_8__BC5N_NOCCBN_NOIRIS_DEV_SL_PR__B5798D73F6A53DCECD8F84D9F53AC18A0C485CE8.udd" 2735
"C:/Users/willi/AppData/Local/UnrealEngine/Common/DerivedDataCache/1/7/1/GSM_FA8C9A216A2C4639A783EB2DF8CE267E_PCD3D_SM5_8__BC5N_NOCCBN_NOIRIS_DEV_SL_PR__EF5C56F43269831F1705F27DFF0200B7F196F809.udd" 2736
"C:/Users/willi/AppData/Local/UnrealEngine/Common/DerivedDataCache/4/5/7/GSM_FA8C9A216A2C4639A783EB2DF8CE267E_PCD3D_SM5_8__BC5N_NOCCBN_NOIRIS_DEV_SL_PR__025ACEAF8C2B8DEE33F6CC5FB37B2F0A64DFC562.udd" 2737
"C:/Users/willi/AppData/Local/UnrealEngine/Common/DerivedDataCache/8/6/4/GSM_FA8C9A216A2C4639A783EB2DF8CE267E_PCD3D_SM5_8__BC5N_NOCCBN_NOIRIS_DEV_SL_PR__FBB69CFE1F0B0A639DEFFBEDAD37B3214D868EDB.udd" 2738
"C:/Users/willi/AppData/Local/UnrealEngine/Common/DerivedDataCache/0/1/5/GSM_FA8C9A216A2C4639A783EB2DF8CE267E_PCD3D_SM5_8__BC5N_NOCCBN_NOIRIS_DEV_SL_PR__0B0FA9BE8E55CE61879B25FFEFA2B0556128F48B.udd" 2739
"C:/Users/willi/AppData/Local/UnrealEngine/Common/DerivedDataCache/5/3/9/GSM_FA8C9A216A2C4639A783EB2DF8CE267E_PCD3D_SM5_8__BC5N_NOCCBN_NOIRIS_DEV_SL_PR__A1B835E6CE1F7DCEBC1E22AA1164E84231CAA804.udd" 2740
"C:/Users/willi/AppData/Local/UnrealEngine/Common/DerivedDataCache/5/8/2/GSM_FA8C9A216A2C4639A783EB2DF8CE267E_PCD3D_SM5_8__BC5N_NOCCBN_NOIRIS_DEV_SL_PR__A6BC8CD17D8EF326AB1C0D5A307ACCCFF1068BDA.udd" 2741
"C:/Users/willi/AppData/Local/UnrealEngine/Common/DerivedDataCache/0/9/9/GSM_FA8C9A216A2C4639A783EB2DF8CE267E_PCD3D_SM5_8__BC5N_NOCCBN_NOIRIS_DEV_SL_PR__ED247869FD42EB1D432A1F34ABD911722FAB8B4E.udd" 2742
"C:/Users/willi/AppData/Local/UnrealEngine/Common/DerivedDataCache/5/5/2/GSM_FA8C9A216A2C4639A783EB2DF8CE267E_PCD3D_SM5_8__BC5N_NOCCBN_NOIRIS_DEV_SL_PR__F18CCE99A4E81E4B3B244F83727A81371FC8A08E.udd" 2743
"C:/Users/willi/AppData/Local/UnrealEngine/Common/DerivedDataCache/0/1/1/GSM_FA8C9A216A2C4639A783EB2DF8CE267E_PCD3D_SM5_8__BC5N_NOCCBN_NOIRIS_DEV_SL_PR__F2408DFF2DC5B6096D828DE4A6DCD2FDF5385800.udd" 2744
"C:/Users/willi/AppData/Local/UnrealEngine/Common/DerivedDataCache/3/3/6/GSM_FA8C9A216A2C4639A783EB2DF8CE267E_PCD3D_SM5_8__BC5N_NOCCBN_NOIRIS_DEV_SL_PR__D6651493D791E3C93DC320C99DC736460159C39B.udd" 2745
"C:/Users/willi/AppData/Local/UnrealEngine/Common/DerivedDataCache/3/1/9/MATSM_0BA69734E4FD45E082FA4560DBE25454_PCD3D_SM5_8__BC5N_NOCCBN_NOIRIS_DEV_SL___25A0AA5105A0E718B131159A0FB1836F669A18F0.udd" 2746
"C:/Users/willi/AppData/Local/UnrealEngine/Common/DerivedDataCache/3/1/3/MATSM_0BA69734E4FD45E082FA4560DBE25454_PCD3D_SM5_8__BC5N_NOCCBN_NOIRIS_DEV_SL___40DE589333BAFCAB6F073F9301E02298EB523C30.udd" 2747
"C:/Users/willi/AppData/Local/UnrealEngine/Common/DerivedDataCache/7/1/3/MATSM_0BA69734E4FD45E082FA4560DBE25454_PCD3D_SM5_8__BC5N_NOCCBN_NOIRIS_DEV_SL___7AABC5E29DEDF7EA92B5190C54A2259AA70C51E8.udd" 2748
"C:/Users/willi/AppData/Local/UnrealEngine/Common/DerivedDataCache/0/6/2/MATSM_0BA69734E4FD45E082FA4560DBE25454_PCD3D_SM5_8__BC5N_NOCCBN_NOIRIS_DEV_SL___39E7FD97473B510353451800048825FF6711554C.udd" 2749
"C:/Users/willi/AppData/Local/UnrealEngine/Common/DerivedDataCache/4/1/3/MATSM_0BA69734E4FD45E082FA4560DBE25454_PCD3D_SM5_8__BC5N_NOCCBN_NOIRIS_DEV_SL___5D46EA302A03CB6D0E43E6C229FE8944E5902EDB.udd" 2750
"C:/Users/willi/AppData/Local/UnrealEngine/Common/DerivedDataCache/2/0/2/MATSM_0BA69734E4FD45E082FA4560DBE25454_PCD3D_SM5_8__BC5N_NOCCBN_NOIRIS_DEV_SL___FC908D344AD1F5A4DE9E1E5DEC58AD6B608CEF2D.udd" 2751
"C:/Users/willi/AppData/Local/UnrealEngine/Common/DerivedDataCache/2/3/0/MATSM_0BA69734E4FD45E082FA4560DBE25454_PCD3D_SM5_8__BC5N_NOCCBN_NOIRIS_DEV_SL___2074B6DDC6238417DFA5636123CBF74B247C8BA3.udd" 2752
"C:/Users/willi/AppData/Local/UnrealEngine/Common/DerivedDataCache/2/7/6/MATSM_0BA69734E4FD45E082FA4560DBE25454_PCD3D_SM5_8__BC5N_NOCCBN_NOIRIS_DEV_SL___EDEF1CCDD30E62C5E7FC80B2EB19382A9D093C53.udd" 2753
"C:/Users/willi/AppData/Local/UnrealEngine/Common/DerivedDataCache/6/2/9/MATSM_0BA69734E4FD45E082FA4560DBE25454_PCD3D_SM5_8__BC5N_NOCCBN_NOIRIS_DEV_SL___2B826B16680ABC0DF0D4504E604786DBDF120153.udd" 2754
"C:/Users/willi/AppData/Local/UnrealEngine/Common/DerivedDataCache/3/5/5/MATSM_0BA69734E4FD45E082FA4560DBE25454_PCD3D_SM5_8__BC5N_NOCCBN_NOIRIS_DEV_SL___15BC990268DE6F962E9C95A887E4FCC03934ABF9.udd" 2755
"C:/Users/willi/AppData/Local/UnrealEngine/Common/DerivedDataCache/5/0/1/MATSM_0BA69734E4FD45E082FA4560DBE25454_PCD3D_SM5_8__BC5N_NOCCBN_NOIRIS_DEV_SL___09E1FDE15D63B27FECF69E7CAF502D8AA97E7363.udd" 2756
"C:/Users/willi/AppData/Local/UnrealEngine/Common/DerivedDataCache/1/2/8/MATSM_0BA69734E4FD45E082FA4560DBE25454_PCD3D_SM5_8__BC5N_NOCCBN_NOIRIS_DEV_SL___2A514549A4DEAB43628C2E1B7D095FC8C926BABC.udd" 2757
"C:/Users/willi/AppData/Local/UnrealEngine/Common/DerivedDataCache/4/4/8/MATSM_0BA69734E4FD45E082FA4560DBE25454_PCD3D_SM5_8__BC5N_NOCCBN_NOIRIS_DEV_SL___7F8BFDB9373AD2520C5D20D782BCA4D324FE922C.udd" 2758
"C:/Users/willi/AppData/Local/UnrealEngine/Common/DerivedDataCache/2/1/1/MATSM_0BA69734E4FD45E082FA4560DBE25454_PCD3D_SM5_8__BC5N_NOCCBN_NOIRIS_DEV_SL___7931C5696AAC1396ACE4F0B870A0051B5016E930.udd" 2759
"C:/Users/willi/AppData/Local/UnrealEngine/Common/DerivedDataCache/0/5/8/MATSM_0BA69734E4FD45E082FA4560DBE25454_PCD3D_SM5_8__BC5N_NOCCBN_NOIRIS_DEV_SL___472552CD22EDA1A2D21B95CD053CB272B07CB214.udd" 2760
"C:/Users/willi/AppData/Local/UnrealEngine/Common/DerivedDataCache/6/8/6/MATSM_0BA69734E4FD45E082FA4560DBE25454_PCD3D_SM5_8__BC5N_NOCCBN_NOIRIS_DEV_SL___CA9A8672E279D46D56045F16992CC3EDAB8F51EE.udd" 2761
"C:/Users/willi/AppData/Local/UnrealEngine/Common/DerivedDataCache/5/2/1/MATSM_0BA69734E4FD45E082FA4560DBE25454_PCD3D_SM5_8__BC5N_NOCCBN_NOIRIS_DEV_SL___36AC6AA6F74DD89A973A8C7B6EC51BC5B75AA89A.udd" 2762
"C:/Users/willi/AppData/Local/UnrealEngine/Common/DerivedDataCache/4/7/9/MATSM_0BA69734E4FD45E082FA4560DBE25454_PCD3D_SM5_8__BC5N_NOCCBN_NOIRIS_DEV_SL___4613248AF399110BE86B5405EC0C7EA741FE744A.udd" 2763
"C:/Users/willi/AppData/Local/UnrealEngine/Common/DerivedDataCache/2/1/6/MATSM_0BA69734E4FD45E082FA4560DBE25454_PCD3D_SM5_8__BC5N_NOCCBN_NOIRIS_DEV_SL___9325205EDB6892D429FBD6038F2B6C20CFA90343.udd" 2764
"C:/Users/willi/AppData/Local/UnrealEngine/Common/DerivedDataCache/3/9/2/MATSM_0BA69734E4FD45E082FA4560DBE25454_PCD3D_SM5_8__BC5N_NOCCBN_NOIRIS_DEV_SL___F7108DEB57AF4E94866D9275F9DED0E8A9F9492B.udd" 2765
"C:/Users/willi/AppData/Local/UnrealEngine/Common/DerivedDataCache/8/8/5/MATSM_0BA69734E4FD45E082FA4560DBE25454_PCD3D_SM5_8__BC5N_NOCCBN_NOIRIS_DEV_SL___578B1E53C3099BF75A929C27070D8D7558FFA907.udd" 2766
"C:/Users/willi/AppData/Local/UnrealEngine/Common/DerivedDataCache/9/2/7/MATSM_0BA69734E4FD45E082FA4560DBE25454_PCD3D_SM5_8__BC5N_NOCCBN_NOIRIS_DEV_SL___1BD1B4BC35C605C8B78C382B60A4079229E7960C.udd" 2767
"C:/Users/willi/AppData/Local/UnrealEngine/Common/DerivedDataCache/8/8/7/MATSM_0BA69734E4FD45E082FA4560DBE25454_PCD3D_SM5_8__BC5N_NOCCBN_NOIRIS_DEV_SL___4D94F01359B7A5A958B0D386E56D7C2E722B7EFE.udd" 2768
"C:/Users/willi/AppData/Local/UnrealEngine/Common/DerivedDataCache/5/9/1/MATSM_0BA69734E4FD45E082FA4560DBE25454_PCD3D_SM5_8__BC5N_NOCCBN_NOIRIS_DEV_SL___FFEC0AAA3708399515E3A1B1DC96423CF466782B.udd" 2769
"C:/Users/willi/AppData/Local/UnrealEngine/Common/DerivedDataCache/0/3/0/MATSM_0BA69734E4FD45E082FA4560DBE25454_PCD3D_SM5_8__BC5N_NOCCBN_NOIRIS_DEV_SL___5B69C378243F2BD29C3ACDCED62E6F72A6872ABE.udd" 2770
"C:/Users/willi/AppData/Local/UnrealEngine/Common/DerivedDataCache/1/9/5/MATSM_0BA69734E4FD45E082FA4560DBE25454_PCD3D_SM5_8__BC5N_NOCCBN_NOIRIS_DEV_SL___DAFABD5B1A8BA9792E3A00323A21CAAFC5B8FD10.udd" 2771
"C:/Users/willi/AppData/Local/UnrealEngine/Common/DerivedDataCache/8/6/1/MATSM_0BA69734E4FD45E082FA4560DBE25454_PCD3D_SM5_8__BC5N_NOCCBN_NOIRIS_DEV_SL___CE5896A1BAE819B1FF09159CAA79F96840C0A04B.udd" 2772
"C:/Users/willi/AppData/Local/UnrealEngine/Common/DerivedDataCache/8/0/2/MATSM_0BA69734E4FD45E082FA4560DBE25454_PCD3D_SM5_8__BC5N_NOCCBN_NOIRIS_DEV_SL___8C59B21B4D77F52DE2D5351C094AB8126610CE5A.udd" 2773
"C:/Users/willi/AppData/Local/UnrealEngine/Common/DerivedDataCache/6/5/3/MATSM_0BA69734E4FD45E082FA4560DBE25454_PCD3D_SM5_8__BC5N_NOCCBN_NOIRIS_DEV_SL___CABA5B97EAC0CFCAF3DF0F1622B5E3E3BB41D01A.udd" 2774
"C:/Users/willi/AppData/Local/UnrealEngine/Common/DerivedDataCache/1/3/0/MATSM_0BA69734E4FD45E082FA4560DBE25454_PCD3D_SM5_8__BC5N_NOCCBN_NOIRIS_DEV_SL___162F41915D8A6747A4A6574FB8048D2C50503F85.udd" 2775
"C:/Users/willi/AppData/Local/UnrealEngine/Common/DerivedDataCache/9/5/9/MATSM_0BA69734E4FD45E082FA4560DBE25454_PCD3D_SM5_8__BC5N_NOCCBN_NOIRIS_DEV_SL___DD0944697D1B3BE0268344A5FEDD4E12C6988788.udd" 2776
"C:/Users/willi/AppData/Local/UnrealEngine/Common/DerivedDataCache/1/2/8/MATSM_0BA69734E4FD45E082FA4560DBE25454_PCD3D_SM5_8__BC5N_NOCCBN_NOIRIS_DEV_SL___1BBB49D5509E4B51B6C31A4825CA33A8294637AC.udd" 2777
"C:/Users/willi/AppData/Local/UnrealEngine/Common/DerivedDataCache/9/4/6/MATSM_0BA69734E4FD45E082FA4560DBE25454_PCD3D_SM5_8__BC5N_NOCCBN_NOIRIS_DEV_SL___6080C81CB7C93620CB9E5B9BAAE75C37C40818D2.udd" 2778
"C:/Users/willi/AppData/Local/UnrealEngine/Common/DerivedDataCache/4/1/8/MATSM_0BA69734E4FD45E082FA4560DBE25454_PCD3D_SM5_8__BC5N_NOCCBN_NOIRIS_DEV_SL___A6222F9185E3CED6D715A44AAFF4F335133C724B.udd" 2779
"C:/Users/willi/AppData/Local/UnrealEngine/Common/DerivedDataCache/3/1/7/MATSM_0BA69734E4FD45E082FA4560DBE25454_PCD3D_SM5_8__BC5N_NOCCBN_NOIRIS_DEV_SL___849B0968A6E2492A20A23FCAAFCF8FF0B2BD0F9E.udd" 2780
"C:/Users/willi/AppData/Local/UnrealEngine/Common/DerivedDataCache/8/4/6/MATSM_0BA69734E4FD45E082FA4560DBE25454_PCD3D_SM5_8__BC5N_NOCCBN_NOIRIS_DEV_SL___E6963EC40419FEA9504AD2829F3DE83A5F2FF585.udd" 2781
"C:/Users/willi/AppData/Local/UnrealEngine/Common/DerivedDataCache/2/9/9/MATSM_0BA69734E4FD45E082FA4560DBE25454_PCD3D_SM5_8__BC5N_NOCCBN_NOIRIS_DEV_SL___9C016A2850CFABBEA88C5491E48CE2A40A212788.udd" 2782
"C:/Users/willi/AppData/Local/UnrealEngine/Common/DerivedDataCache/3/0/4/MATSM_0BA69734E4FD45E082FA4560DBE25454_PCD3D_SM5_8__BC5N_NOCCBN_NOIRIS_DEV_SL___2CEC38E9586BD8EF1DFDE4B88B3F95C5A51AC915.udd" 2783
"C:/Users/willi/AppData/Local/UnrealEngine/Common/DerivedDataCache/6/1/2/MATSM_0BA69734E4FD45E082FA4560DBE25454_PCD3D_SM5_8__BC5N_NOCCBN_NOIRIS_DEV_SL___5A066E737E86EE37BB9B7888311C1D496A1FF25C.udd" 2784
"C:/Users/willi/AppData/Local/UnrealEngine/Common/DerivedDataCache/2/0/7/MATSM_0BA69734E4FD45E082FA4560DBE25454_PCD3D_SM5_8__BC5N_NOCCBN_NOIRIS_DEV_SL___1EE5AB7D6D14D2E2359A1D43749BDB60B0BDA195.udd" 2785
"C:/Users/willi/AppData/Local/UnrealEngine/Common/DerivedDataCache/9/9/9/MATSM_0BA69734E4FD45E082FA4560DBE25454_PCD3D_SM5_8__BC5N_NOCCBN_NOIRIS_DEV_SL___EB1254892A010F75983E2E5C25D5E384CE82BB7B.udd" 2786
"C:/Users/willi/AppData/Local/UnrealEngine/Common/DerivedDataCache/8/4/0/MATSM_0BA69734E4FD45E082FA4560DBE25454_PCD3D_SM5_8__BC5N_NOCCBN_NOIRIS_DEV_SL___A2785561088DB8E850C3FA9F75418F411B46507C.udd" 2787
"C:/Users/willi/AppData/Local/UnrealEngine/Common/DerivedDataCache/5/9/6/MATSM_0BA69734E4FD45E082FA4560DBE25454_PCD3D_SM5_8__BC5N_NOCCBN_NOIRIS_DEV_SL___38746A9F9E658C8380A560B39D9F37326656A6B9.udd" 2788
"C:/Users/willi/AppData/Local/UnrealEngine/Common/DerivedDataCache/3/5/5/MATSM_0BA69734E4FD45E082FA4560DBE25454_PCD3D_SM5_8__BC5N_NOCCBN_NOIRIS_DEV_SL___D687C557F3A28B0B83E699E6F887A2F1D928A369.udd" 2789
"C:/Users/willi/AppData/Local/UnrealEngine/Common/DerivedDataCache/8/6/0/MATSM_0BA69734E4FD45E082FA4560DBE25454_PCD3D_SM5_8__BC5N_NOCCBN_NOIRIS_DEV_SL___2EE65912A73C4DFEEB5CAA226E0A82CC726EA254.udd" 2790
"C:/Users/willi/AppData/Local/UnrealEngine/Common/DerivedDataCache/0/1/0/MATSM_0BA69734E4FD45E082FA4560DBE25454_PCD3D_SM5_8__BC5N_NOCCBN_NOIRIS_DEV_SL___827915DC65B5CAB776508AF26CFAAC2701B4A6CE.udd" 2791
"C:/Users/willi/AppData/Local/UnrealEngine/Common/DerivedDataCache/3/2/1/MATSM_0BA69734E4FD45E082FA4560DBE25454_PCD3D_SM5_8__BC5N_NOCCBN_NOIRIS_DEV_SL___7D8AB3A438A5245C689D341FFEDAE012F10C03A5.udd" 2792
"C:/Users/willi/AppData/Local/UnrealEngine/Common/DerivedDataCache/9/6/1/MATSM_0BA69734E4FD45E082FA4560DBE25454_PCD3D_SM5_8__BC5N_NOCCBN_NOIRIS_DEV_SL___67773F2781C88345C81EDDCCF00E02A1C75A620F.udd" 2793
"C:/Users/willi/AppData/Local/UnrealEngine/Common/DerivedDataCache/9/5/1/MATSM_0BA69734E4FD45E082FA4560DBE25454_PCD3D_SM5_8__BC5N_NOCCBN_NOIRIS_DEV_SL___78BBA3C79497B89F44E69A5F31FAC75B19094473.udd" 2794
"C:/Users/willi/AppData/Local/UnrealEngine/Common/DerivedDataCache/0/8/8/MATSM_0BA69734E4FD45E082FA4560DBE25454_PCD3D_SM5_8__BC5N_NOCCBN_NOIRIS_DEV_SL___B0C4ABD6F9C883DE05FF54B514144D046699600F.udd" 2795
"C:/Users/willi/AppData/Local/UnrealEngine/Common/DerivedDataCache/9/2/8/MATSM_0BA69734E4FD45E082FA4560DBE25454_PCD3D_SM5_8__BC5N_NOCCBN_NOIRIS_DEV_SL___F9224FCB304D1A985FA93279580C53AA1CA2D1BA.udd" 2796
"C:/Users/willi/AppData/Local/UnrealEngine/Common/DerivedDataCache/1/2/5/MATSM_0BA69734E4FD45E082FA4560DBE25454_PCD3D_SM5_8__BC5N_NOCCBN_NOIRIS_DEV_SL___B32E026123120AE8BB381B61025988357ED2E17D.udd" 2797
"C:/Users/willi/AppData/Local/UnrealEngine/Common/DerivedDataCache/7/3/4/MATSM_0BA69734E4FD45E082FA4560DBE25454_PCD3D_SM5_8__BC5N_NOCCBN_NOIRIS_DEV_SL___200714C16A8AE74D06F6B2E6932FBC56B5346C02.udd" 2798
"C:/Users/willi/AppData/Local/UnrealEngine/Common/DerivedDataCache/9/2/2/MATSM_0BA69734E4FD45E082FA4560DBE25454_PCD3D_SM5_8__BC5N_NOCCBN_NOIRIS_DEV_SL___1C6BAA4F6C2C34A108BF14E1A234E8798A1DE223.udd" 2799
"../../../Engine/Content/EngineMaterials/DefaultCalibrationGrayscale.uasset" 2800
"../../../Engine/Content/EngineMaterials/PPM_DefaultCalibrationGrayscale.uasset" 2801
"../../../Engine/Content/EngineMaterials/DefaultCalibrationColor.uasset" 2802
"../../../Engine/Content/EngineMaterials/PPM_DefaultCalibrationColor.uasset" 2803
"../../../Engine/Content/MobileResources/HUD/VirtualJoystick_Thumb.uasset" 2804
"../../../Engine/Content/MobileResources/HUD/VirtualJoystick_Background.uasset" 2805
"../../../Engine/Content/MobileResources/HUD/DefaultVirtualJoysticks.uasset" 2806
"../../../Engine/Content/EditorMaterials/PreviewShadowIndicator.uasset" 2807
"../../../Engine/Content/EditorMaterials/PreviewShadowIndicatorMaterial.uasset" 2808
"../../../Engine/Content/EngineDebugMaterials/DebugEditorMaterial.uasset" 2809
"../../../Engine/Content/EditorResources/BSPVertex.uasset" 2810
"../../../Engine/Content/EngineSounds/Submixes/MasterReverbEffectPreset.uasset" 2811
"../../../Engine/Content/EngineSounds/Submixes/MasterReverbSubmixDefault.uasset" 2812
"../../../Engine/Content/EngineSounds/Submixes/MasterSubmixDefault.uasset" 2813
"../../../Engine/Content/EngineSounds/Submixes/MasterEQEffectPreset.uasset" 2814
"../../../Engine/Content/EngineSounds/Submixes/MasterEQSubmixDefault.uasset" 2815
"C:/Users/willi/AppData/Local/UnrealEngine/Common/DerivedDataCache/2/9/9/MATSM_0BA69734E4FD45E082FA4560DBE25454_PCD3D_SM5_8__BC5N_NOCCBN_NOIRIS_DEV_SL___567D7DB4778FEEAF1C6998A637BC4222B822BCA5.udd" 2816
"C:/Users/willi/AppData/Local/UnrealEngine/Common/DerivedDataCache/5/6/8/MATSM_0BA69734E4FD45E082FA4560DBE25454_PCD3D_SM5_8__BC5N_NOCCBN_NOIRIS_DEV_SL___F84E18DA8E6958AF3DE5EF0403FF8883B68EE6EB.udd" 2817
"../../../Engine/Content/EngineSounds/Master.uasset" 2818
"../../../Engine/Content/MobileResources/HUD/T_Castle_ThumbstickOutter.uasset" 2819
"../../../Engine/Content/MobileResources/HUD/T_Castle_ThumbstickInner.uasset" 2820
"../../../Engine/Content/MobileResources/HUD/MobileHUDDirectionStick.uasset" 2821
"../../../Engine/Content/MobileResources/HUD/MobileHUDDirectionPad3.uasset" 2822
"../../../Engine/Content/MobileResources/HUD/MobileHUDDirectionPad2.uasset" 2823
"C:/Users/willi/AppData/Local/UnrealEngine/Common/DerivedDataCache/0/3/5/MATSM_0BA69734E4FD45E082FA4560DBE25454_PCD3D_SM5_8__BC5N_NOCCBN_NOIRIS_DEV_SL___17FBC0038B23FE0D3B780A767B3D5BD1B6EF207C.udd" 2824
"../../../Engine/Content/MobileResources/HUD/MobileHUDDirectionPad.uasset" 2825
"C:/Users/willi/AppData/Local/UnrealEngine/Common/DerivedDataCache/0/9/1/MATSM_0BA69734E4FD45E082FA4560DBE25454_PCD3D_SM5_8__BC5N_NOCCBN_NOIRIS_DEV_SL___96A1BBFAC66FAAF7FD412C7FF6A2171EC66E8576.udd" 2826
"../../../Engine/Content/MobileResources/HUD/MobileHUDButtonFire.uasset" 2827
"../../../Engine/Content/MobileResources/HUD/MobileHUDButton3.uasset" 2828
"../../../Engine/Content/MobileResources/HUD/MobileHUDButton2_on.uasset" 2829
"../../../Engine/Content/MobileResources/HUD/MobileHUDButton2_off.uasset" 2830
"../../../Engine/Content/MobileResources/HUD/MobileHUDButton1_on.uasset" 2831
"../../../Engine/Content/MobileResources/HUD/MobileHUDButton1_off.uasset" 2832
"../../../Engine/Content/MobileResources/HUD/LeftVirtualJoystickOnly.uasset" 2833
"../../../Engine/Content/MobileResources/HUD/AnalogHat.uasset" 2834
"../../../Engine/Content/MobileResources/T_MobileMenu2.uasset" 2835
"../../../Engine/Content/MobileResources/T_MobileControls_texture.uasset" 2836
"C:/Users/willi/Documents/GitHub/fnaf-spelet/Content/UI/Images/unknwon.uasset" 2837
"C:/Users/willi/Documents/GitHub/fnaf-spelet/Content/UI/Images/phone.uasset" 2838
"C:/Users/willi/Documents/GitHub/fnaf-spelet/Content/UI/Images/image_psd.uasset" 2839
"C:/Users/willi/Documents/GitHub/fnaf-spelet/Content/UI/Images/image0.uasset" 2840
"C:/Users/willi/Documents/GitHub/fnaf-spelet/Content/UI/Images/battery__1_.uasset" 2841
"C:/Users/willi/Documents/GitHub/fnaf-spelet/Content/UI/Images/battery.uasset" 2842
"C:/Users/willi/Documents/GitHub/fnaf-spelet/Content/UI/WB_WonUI.uasset" 2843
"C:/Users/willi/Documents/GitHub/fnaf-spelet/Content/UI/WB_Transition.uasset" 2844
"../../../Engine/Content/EngineFonts/DroidSansMono.uasset" 2845
"C:/Users/willi/Documents/GitHub/fnaf-spelet/Content/UI/WB_Objective.uasset" 2846
"../../../Engine/Content/EngineFonts/Faces/DroidSansMono.uasset" 2847
"C:/Users/willi/Documents/GitHub/fnaf-spelet/Content/UI/WB_Night.uasset" 2848
"C:/Users/willi/Documents/GitHub/fnaf-spelet/Content/Materials/Intro.uasset" 2849
"C:/Users/willi/Documents/GitHub/fnaf-spelet/Content/UI/WB_MainMenu.uasset" 2850
"C:/Users/willi/Documents/GitHub/fnaf-spelet/Content/Movies/Screen_Recording_20260402_115449_Capcut.uasset" 2851
"C:/Users/willi/Documents/GitHub/fnaf-spelet/Content/Movies/IntroMediaPlayer.uasset" 2852
"C:/Users/willi/AppData/Local/UnrealEngine/Common/DerivedDataCache/3/8/8/TEXTURE_E01F4250BECD420DA9CE63B5EECEC2C2_BGRA8_DE2FD06646727AFA45E9AFACA3E44D6__80A81CC0443CF6BCE7118BAFF01B2FC4D8B15A94.udd" 2853
"C:/Users/willi/AppData/Local/UnrealEngine/Common/DerivedDataCache/1/1/9/TEXTURE_E01F4250BECD420DA9CE63B5EECEC2C2_BGRA8_BCA40A2E482835A86287429F2880399__628EA4DAC23E189CD23879496207BFFCD8F8E08F.udd" 2854
"C:/Users/willi/Documents/GitHub/fnaf-spelet/Content/UI/WB_Letter.uasset" 2855
"C:/Users/willi/AppData/Local/UnrealEngine/Common/DerivedDataCache/7/5/8/TEXTURE_E01F4250BECD420DA9CE63B5EECEC2C2_BGRA8_EED183E54EDF4653C2F1FB81A9E2A26__8A9EE3EB25F2EE24DC2647C9F26CA70A4912D20C.udd" 2856
"C:/Users/willi/Documents/GitHub/fnaf-spelet/Content/UI/WB_IntroPhone.uasset" 2857
"C:/Users/willi/AppData/Local/UnrealEngine/Common/DerivedDataCache/1/5/7/TEXTURE_E01F4250BECD420DA9CE63B5EECEC2C2_OODLE_AUTODXT_11_C08A861D431797120D2E__4EE6320098A5B4E89661368997E34286DAC9E1A8.udd" 2858
"C:/Users/willi/Documents/GitHub/fnaf-spelet/Content/UI/WB_Clock.uasset" 2859
"C:/Users/willi/AppData/Local/UnrealEngine/Common/DerivedDataCache/0/4/2/TEXTURE_E01F4250BECD420DA9CE63B5EECEC2C2_BGRA8_1DD7E6B642CC19ED07F3CDAA9BF0727__B8F025A22EE51C820BEDABB69482D173B392BDC0.udd" 2860
"C:/Users/willi/Documents/GitHub/fnaf-spelet/Content/Sounds/heavy_metal_door_open.uasset" 2861
"C:/Users/willi/Documents/GitHub/fnaf-spelet/Content/Sounds/heavy_door_metal.uasset" 2862
"../../../Engine/Content/EditorBlueprintResources/StandardMacros.uasset" 2863
"C:/Users/willi/Documents/GitHub/fnaf-spelet/Content/Blueprints/bp_dOOR.uasset" 2864
"C:/Users/willi/Documents/GitHub/fnaf-spelet/Content/UI/WB_CameraUI.uasset" 2865
"C:/Users/willi/Documents/GitHub/fnaf-spelet/Content/Sounds/camera_shutter.uasset" 2866
"C:/Users/willi/Documents/GitHub/fnaf-spelet/Content/Sounds/turn_camera_off.uasset" 2867
"C:/Users/willi/AppData/Local/UnrealEngine/Common/DerivedDataCache/2/2/6/TEXTURE_E01F4250BECD420DA9CE63B5EECEC2C2_BGRA8_35D3CB1A4D73CAA8AF4D0C860160925__2F68F5A7E8ECDD3043A14B47AF0A12C9207783E5.udd" 2868
"../../../Engine/Content/Maps/Entry_BuiltData.uasset" 2869
"../../../Engine/Content/Maps/Entry.umap" 2870
"C:/Users/willi/AppData/Local/UnrealEngine/Common/DerivedDataCache/2/9/0/AUDIO_0005_0000_OGG10000$2D1$2D1$2D1$2D1$2D1_0004_C77A42564967351D53D2CE8F5CA44639.udd" 2871
"../../../Engine/Plugins/Experimental/Enterprise/DatasmithRuntime/Content/Materials/M_PbrTranslucent_2Sided.uasset" 2872
"C:/Users/willi/AppData/Local/UnrealEngine/Common/DerivedDataCache/4/7/7/AUDIO_0005_0000_OGG10000$2D1$2D1$2D1$2D1$2D1_0004_8EBE73544D3B94B8289BF6B07CF9A120.udd" 2873
"../../../Engine/Plugins/Experimental/Enterprise/DatasmithRuntime/Content/Materials/M_PbrTranslucent.uasset" 2874
"../../../Engine/Plugins/Experimental/Enterprise/DatasmithRuntime/Content/Materials/M_PbrOpaque_2Sided.uasset" 2875
"C:/Users/willi/AppData/Local/UnrealEngine/Common/DerivedDataCache/7/1/8/AUDIO_0005_0000_OGG10000$2D1$2D1$2D1$2D1$2D1_0004_BE211ED640D2CD5B7666CCA6C8EEEA69.udd" 2876
"../../../Engine/Plugins/Experimental/Enterprise/DatasmithRuntime/Content/Materials/M_PbrOpaque.uasset" 2877
"C:/Users/willi/AppData/Local/UnrealEngine/Common/DerivedDataCache/9/1/7/AUDIO_0005_0000_OGG10000$2D1$2D1$2D1$2D1$2D1_0004_71D18DAE44882A98FE756386A27E1C79.udd" 2878
"../../../Engine/Content/Functions/Engine_MaterialFunctions02/Math/InverseTransformMatrix.uasset" 2879
"../../../Engine/Plugins/Importers/USDImporter/Content/Materials/WorldSpaceNormalsToTangentSpace.uasset" 2880
"../../../Engine/Plugins/Importers/USDImporter/Content/Textures/DefaultLinearColorVT.uasset" 2881
"../../../Engine/Plugins/Importers/USDImporter/Content/Textures/DefaultNormalVT.uasset" 2882
"../../../Engine/Plugins/Importers/USDImporter/Content/Textures/DefaultColorVT.uasset" 2883
"../../../Engine/Plugins/Importers/USDImporter/Content/Materials/UsdPreviewSurfaceVT.uasset" 2884
"../../../Engine/Plugins/Importers/USDImporter/Content/Materials/ChannelSelector.uasset" 2885
"../../../Engine/Content/Functions/Engine_MaterialFunctions02/Utility/MakeFloat4.uasset" 2886
"C:/Users/willi/AppData/Local/UnrealEngine/Common/DerivedDataCache/9/9/7/STREAMEDAUDIO_BC6E92FBBD314E3B9B9EC6778749EB5E_OGG10000$2D1$2D1$2D1$2D1$2D1_4_C77A42564967351D53D2CE8F5CA44639.udd" 2887
"C:/Users/willi/AppData/Local/UnrealEngine/Common/DerivedDataCache/1/3/8/STREAMEDAUDIO_BC6E92FBBD314E3B9B9EC6778749EB5E_OGG10000$2D1$2D1$2D1$2D1$2D1_4_8EBE73544D3B94B8289BF6B07CF9A120.udd" 2888
"C:/Users/willi/AppData/Local/UnrealEngine/Common/DerivedDataCache/3/2/1/STREAMEDAUDIO_BC6E92FBBD314E3B9B9EC6778749EB5E_OGG10000$2D1$2D1$2D1$2D1$2D1_4_BE211ED640D2CD5B7666CCA6C8EEEA69.udd" 2889
"C:/Users/willi/AppData/Local/UnrealEngine/Common/DerivedDataCache/1/4/6/STREAMEDAUDIO_BC6E92FBBD314E3B9B9EC6778749EB5E_OGG10000$2D1$2D1$2D1$2D1$2D1_4_71D18DAE44882A98FE756386A27E1C79.udd" 2890
"../../../Engine/Plugins/Importers/USDImporter/Content/Materials/UsdPreviewSurface.uasset" 2891
"../../../Engine/Plugins/Importers/USDImporter/Content/Materials/UsdPreviewSurfaceTranslucentVT.uasset" 2892
"../../../Engine/Plugins/Importers/USDImporter/Content/Materials/UsdPreviewSurfaceTranslucent.uasset" 2893
"C:/Users/willi/AppData/Local/UnrealEngine/Common/DerivedDataCache/4/1/5/MATSM_0BA69734E4FD45E082FA4560DBE25454_PCD3D_SM5_8__BC5N_NOCCBN_NOIRIS_DEV_SL___E23504F9A9981428196DF7EEB3B9FAF929BA8F6D.udd" 2894
"../../../Engine/Plugins/Importers/USDImporter/Content/Materials/DisplayColor.uasset" 2895
"../../../Engine/Plugins/Importers/USDImporter/Content/Materials/DisplayColorDoubleSided.uasset" 2896
"C:/Users/willi/AppData/Local/UnrealEngine/Common/DerivedDataCache/6/4/7/MATSM_0BA69734E4FD45E082FA4560DBE25454_PCD3D_SM5_8__BC5N_NOCCBN_NOIRIS_DEV_SL___DD2845B415A79D372E6C1F83DA14BF1058282DB7.udd" 2897
"C:/Users/willi/AppData/Local/UnrealEngine/Common/DerivedDataCache/9/1/0/MATSM_0BA69734E4FD45E082FA4560DBE25454_PCD3D_SM5_8__BC5N_NOCCBN_NOIRIS_DEV_SL___44ADDAFE8DC3DEB681A764E6648F10E107A84A3B.udd" 2898
"../../../Engine/Plugins/Importers/USDImporter/Content/Materials/DisplayColorAndOpacity.uasset" 2899
"../../../Engine/Plugins/Importers/USDImporter/Content/Materials/DisplayColorAndOpacityDoubleSided.uasset" 2900
"C:/Users/willi/AppData/Local/UnrealEngine/Common/DerivedDataCache/1/4/7/MATSM_0BA69734E4FD45E082FA4560DBE25454_PCD3D_SM5_8__BC5N_NOCCBN_NOIRIS_DEV_SL___AF5816B7E72FCD26B4CFA1695F3450BEF585B31C.udd" 2901
"C:/Users/willi/Documents/GitHub/fnaf-spelet/Content/Levels/WinLevel.umap" 2902
"C:/Users/willi/Documents/GitHub/fnaf-spelet/Content/Textures/bark_brown/bark_brown_02_diff_2k.uasset" 2903
"C:/Users/willi/Documents/GitHub/fnaf-spelet/Content/Textures/bark_brown_02_diff_2k.uasset" 2904
"C:/Users/willi/Documents/GitHub/fnaf-spelet/Content/Textures/low_tide_rocks_diff_2k.uasset" 2905
"C:/Users/willi/Documents/GitHub/fnaf-spelet/Content/Materials/M_Triplanar.uasset" 2906
"../../../Engine/Content/Functions/Engine_MaterialFunctions01/Gradient/LinearGradient.uasset" 2907
"../../../Engine/Content/Functions/Engine_MaterialFunctions01/Texturing/WorldAlignedTexture.uasset" 2908
"C:/Users/willi/Documents/GitHub/fnaf-spelet/Content/Materials/M_Wood.uasset" 2909
"../../../Engine/Content/Functions/Engine_MaterialFunctions01/ImageAdjustment/CheapContrast.uasset" 2910
"C:/Users/willi/Documents/GitHub/fnaf-spelet/Content/Textures/rusty_metal_05_diff_2k.uasset" 2911
"C:/Users/willi/AppData/Local/UnrealEngine/Common/DerivedDataCache/3/7/8/MATSM_0BA69734E4FD45E082FA4560DBE25454_PCD3D_SM5_8__BC5N_NOCCBN_NOIRIS_DEV_SL___BDE1C84B8E38AC92622EB0132B08A70FBC61EFAD.udd" 2912
"C:/Users/willi/Documents/GitHub/fnaf-spelet/Content/Materials/M_RustyMetal.uasset" 2913
"C:/Users/willi/Documents/GitHub/fnaf-spelet/Content/Textures/rock_face_03_diff_2k.uasset" 2914
"C:/Users/willi/Documents/GitHub/fnaf-spelet/Content/Materials/M_RockTriplanar.uasset" 2915
"C:/Users/willi/AppData/Local/UnrealEngine/Common/DerivedDataCache/3/0/4/MATSM_0BA69734E4FD45E082FA4560DBE25454_PCD3D_SM5_8__BC5N_NOCCBN_NOIRIS_DEV_SL___71248175914B75274549F31BDF1304C1C350CE28.udd" 2916
"C:/Users/willi/Documents/GitHub/fnaf-spelet/Content/Textures/corrugated_iron/corrugated_iron_03_diff_2k.uasset" 2917
"C:/Users/willi/Documents/GitHub/fnaf-spelet/Content/Textures/corrugated_iron_03_diff_2k.uasset" 2918
"C:/Users/willi/AppData/Local/UnrealEngine/Common/DerivedDataCache/2/0/1/MATSM_0BA69734E4FD45E082FA4560DBE25454_PCD3D_SM5_8__BC5N_NOCCBN_NOIRIS_DEV_SL___146FBBDCD40AF9F8777A11C1805A50A42E3C49E6.udd" 2919
"C:/Users/willi/Documents/GitHub/fnaf-spelet/Content/Materials/M_Iron.uasset" 2920
"C:/Users/willi/Documents/GitHub/fnaf-spelet/Content/Materials/M_LowTideRocks.uasset" 2921
"C:/Users/willi/Documents/GitHub/fnaf-spelet/Content/Materials/M_Camera.uasset" 2922
"C:/Users/willi/Documents/GitHub/fnaf-spelet/Content/Sounds/elevator_sound.uasset" 2923
"C:/Users/willi/Documents/GitHub/fnaf-spelet/Content/Materials/M_Invisible.uasset" 2924
"C:/Users/willi/Documents/GitHub/fnaf-spelet/Content/Sounds/NewSoundAttenuation.uasset" 2925
"C:/Users/willi/Documents/GitHub/fnaf-spelet/Content/Sounds/footsteps2.uasset" 2926
"C:/Users/willi/Documents/GitHub/fnaf-spelet/Content/Sounds/flashlight_click.uasset" 2927
"C:/Users/willi/Documents/GitHub/fnaf-spelet/Content/Blueprints/Player/BP_PlayerCharacter.uasset" 2928
"C:/Users/willi/Documents/GitHub/fnaf-spelet/Content/Blueprints/Player/PlayerGameMode.uasset" 2929
"C:/Users/willi/Documents/GitHub/fnaf-spelet/Content/Assets/lampa/Materials/M_standardSurface4SG.uasset" 2930
"C:/Users/willi/Documents/GitHub/fnaf-spelet/Content/Assets/lampa/Materials/M_standardSurface3SG.uasset" 2931
"C:/Users/willi/Documents/GitHub/fnaf-spelet/Content/Assets/lampa/Materials/M_standardSurface2SG.uasset" 2932
"C:/Users/willi/Documents/GitHub/fnaf-spelet/Content/Assets/lampa/StaticMeshes/SM_pSphere3.uasset" 2933
"C:/Users/willi/Documents/GitHub/fnaf-spelet/Content/Blueprints/BP_Light1.uasset" 2934
"C:/Users/willi/Documents/GitHub/fnaf-spelet/Content/Blueprints/BP_HitboxLevelOpen.uasset" 2935
"C:/Users/willi/Documents/GitHub/fnaf-spelet/Content/Materials/M_Button.uasset" 2936
"C:/Users/willi/Documents/GitHub/fnaf-spelet/Content/Assets/elevator_2/Materials/M_DisplayColor.uasset" 2937
"C:/Users/willi/Documents/GitHub/fnaf-spelet/Content/Assets/elevator_2/StaticMeshes/SM_polySurfaceShape49.uasset" 2938
"C:/Users/willi/AppData/Local/UnrealEngine/Common/DerivedDataCache/2/2/9/AUDIO_0005_0000_OGG10000$2D1$2D1$2D1$2D1$2D1_0004_149030C54A3141D1820ADAB60DEA7252.udd" 2939
"C:/Users/willi/Documents/GitHub/fnaf-spelet/Content/Assets/elevator_2/StaticMeshes/SM_pCubeShape32.uasset" 2940
"C:/Users/willi/Documents/GitHub/fnaf-spelet/Content/Assets/elevator_2/StaticMeshes/SM_pCubeShape40.uasset" 2941
"C:/Users/willi/Documents/GitHub/fnaf-spelet/Content/Assets/elevator_2/StaticMeshes/SM_polySurface115Shape.uasset" 2942
"C:/Users/willi/AppData/Local/UnrealEngine/Common/DerivedDataCache/9/7/3/AUDIO_0005_0000_OGG10000$2D1$2D1$2D1$2D1$2D1_0004_ADF075C34462A289B398EA9C7B9493F1.udd" 2943
"C:/Users/willi/Documents/GitHub/fnaf-spelet/Content/Assets/elevator_2/StaticMeshes/SM_polySurface128Shape.uasset" 2944
"C:/Users/willi/AppData/Local/UnrealEngine/Common/DerivedDataCache/2/5/4/AUDIO_0005_0000_OGG10000$2D1$2D1$2D1$2D1$2D1_0004_A5A4CACB425300E48F934FB0E18CA004.udd" 2945
"C:/Users/willi/Documents/GitHub/fnaf-spelet/Content/Assets/elevator_2/StaticMeshes/SM_polySurface42Shape.uasset" 2946
"C:/Users/willi/Documents/GitHub/fnaf-spelet/Content/Assets/elevator_2/StaticMeshes/SM_polySurface51Shape.uasset" 2947
"C:/Users/willi/Documents/GitHub/fnaf-spelet/Content/Assets/elevator_2/StaticMeshes/SM_polySurface98Shape.uasset" 2948
"C:/Users/willi/Documents/GitHub/fnaf-spelet/Content/Assets/elevator_2/StaticMeshes/SM_polySurface99Shape.uasset" 2949
"C:/Users/willi/Documents/GitHub/fnaf-spelet/Content/Levels/Intro.umap" 2950
"C:/Users/willi/AppData/Local/UnrealEngine/Common/DerivedDataCache/8/7/7/STATICMESH_9CE2B6FB46754B699726C4AA1515F12E_228332BAE0224DD294E232B87D83948FQU__9C5F52C0D90B9958DDA83BDE646D5F896380B78F.udd" 2951
"C:/Users/willi/AppData/Local/UnrealEngine/Common/DerivedDataCache/3/5/5/PHYSX_A08609EF508D460CBB6710540B03AACF_PHYSXPC_9C019CEB46F220DA4CF641ADF2EA58C__B6E567A6241DD1EC3CEF7E66A33F4F4D19D3336D.udd" 2952
"C:/Users/willi/AppData/Local/UnrealEngine/Common/DerivedDataCache/4/6/0/NAVCOLLISION_2983273BE5D6425391E8C0B3D1C0A55D_NAVCOLLISION_X_9C019CEB46F220DA4__562CC1586C431AE92C3677D1CDF4578D1839903A.udd" 2953
"C:/Users/willi/AppData/Local/UnrealEngine/Common/DerivedDataCache/9/9/7/STATICMESH_9CE2B6FB46754B699726C4AA1515F12E_228332BAE0224DD294E232B87D83948FQU__8C08720899C7F9FF9B090E4F387F6F1858497197.udd" 2954
"C:/Users/willi/AppData/Local/UnrealEngine/Common/DerivedDataCache/8/3/0/PHYSX_A08609EF508D460CBB6710540B03AACF_PHYSXPC_9D7F1B37480A2BD767125CBF3A05826__55E2FF332A95304239B0E3BA5DF8608433483640.udd" 2955
"C:/Users/willi/AppData/Local/UnrealEngine/Common/DerivedDataCache/5/9/8/NAVCOLLISION_2983273BE5D6425391E8C0B3D1C0A55D_NAVCOLLISION_X_9D7F1B37480A2BD76__95022DBDCE974BCFFDCA1960BAF3CAB4890F61C9.udd" 2956
"C:/Users/willi/AppData/Local/UnrealEngine/Common/DerivedDataCache/8/9/7/STATICMESH_9CE2B6FB46754B699726C4AA1515F12E_228332BAE0224DD294E232B87D83948FQU__EB7F96D33461365582EEFF72F4AD6E3740766C5A.udd" 2957
"C:/Users/willi/AppData/Local/UnrealEngine/Common/DerivedDataCache/9/0/3/PHYSX_A08609EF508D460CBB6710540B03AACF_PHYSXPC_97B6679E4BDBADF65ACDD9903827ABE__AD84B462033FFC3883E19214CB42B6C66B180491.udd" 2958
"C:/Users/willi/AppData/Local/UnrealEngine/Common/DerivedDataCache/1/5/9/NAVCOLLISION_2983273BE5D6425391E8C0B3D1C0A55D_NAVCOLLISION_X_97B6679E4BDBADF65__2BA47E861B92B6C1FEB163B97FEDF47FE7BED835.udd" 2959
"C:/Users/willi/AppData/Local/UnrealEngine/Common/DerivedDataCache/1/5/4/TEXTURE_E01F4250BECD420DA9CE63B5EECEC2C2_OODLE_BC5_11_122003924E39A572EF68B5BA__08458F47DBD768139BBEB191EFB9DB8EBCC2C9CD.udd" 2960
"C:/Users/willi/AppData/Local/UnrealEngine/Common/DerivedDataCache/3/1/6/TEXTURE_E01F4250BECD420DA9CE63B5EECEC2C2_OODLE_BC5_11_122003924E39A572EF68B5BA__2CAF40EECB8D58080F51F74C69F5FAD14FF035BC.udd" 2961
"C:/Users/willi/AppData/Local/UnrealEngine/Common/DerivedDataCache/2/1/8/TEXTURE_E01F4250BECD420DA9CE63B5EECEC2C2_OODLE_BC5_11_122003924E39A572EF68B5BA__DA5CB08C3D649995B0471E837D84630398F0532D.udd" 2962
"C:/Users/willi/AppData/Local/UnrealEngine/Common/DerivedDataCache/2/6/3/TEXTURE_E01F4250BECD420DA9CE63B5EECEC2C2_OODLE_AUTODXT_11_38E5BDF04EBE9A56B1E9__4B0ACA941A0E6915599AA82F85283DC9E9C4E0C5.udd" 2963
"C:/Users/willi/AppData/Local/UnrealEngine/Common/DerivedDataCache/8/2/6/TEXTURE_E01F4250BECD420DA9CE63B5EECEC2C2_OODLE_AUTODXT_11_38E5BDF04EBE9A56B1E9__48E6BEADF5E75671DFDDBB7C27E9991C9A88953A.udd" 2964
"C:/Users/willi/AppData/Local/UnrealEngine/Common/DerivedDataCache/9/6/8/TEXTURE_E01F4250BECD420DA9CE63B5EECEC2C2_OODLE_AUTODXT_11_38E5BDF04EBE9A56B1E9__EE82D047E0178C0FDB7F2A11654517F19187ED0D.udd" 2965
"C:/Users/willi/AppData/Local/UnrealEngine/Common/DerivedDataCache/6/4/1/TEXTURE_E01F4250BECD420DA9CE63B5EECEC2C2_OODLE_AUTODXT_11_38E5BDF04EBE9A56B1E9__EF9225B2A469A07CF8BA09713A94F86075645DD7.udd" 2966
"C:/Users/willi/AppData/Local/UnrealEngine/Common/DerivedDataCache/8/1/0/TEXTURE_E01F4250BECD420DA9CE63B5EECEC2C2_OODLE_AUTODXT_11_38E5BDF04EBE9A56B1E9__913DB1C8723EFCDC7EE9925F26C6B1BF064F4B9A.udd" 2967
"C:/Users/willi/AppData/Local/UnrealEngine/Common/DerivedDataCache/6/1/8/TEXTURE_E01F4250BECD420DA9CE63B5EECEC2C2_OODLE_AUTODXT_11_38E5BDF04EBE9A56B1E9__C6256C4E32F7B7904559359A564D9AF9F862AF02.udd" 2968
"C:/Users/willi/AppData/Local/UnrealEngine/Common/DerivedDataCache/7/2/5/TEXTURE_E01F4250BECD420DA9CE63B5EECEC2C2_OODLE_AUTODXT_11_38E5BDF04EBE9A56B1E9__4E2A3B281633CCE6EABE4AD5E51D5877C6D265EB.udd" 2969
"C:/Users/willi/AppData/Local/UnrealEngine/Common/DerivedDataCache/5/4/3/TEXTURE_E01F4250BECD420DA9CE63B5EECEC2C2_OODLE_AUTODXT_11_38E5BDF04EBE9A56B1E9__819CA701CE4B213FE9D11A66ECBA6E47190389BD.udd" 2970
"C:/Users/willi/AppData/Local/UnrealEngine/Common/DerivedDataCache/3/5/4/MATSM_0BA69734E4FD45E082FA4560DBE25454_PCD3D_SM5_8__BC5N_NOCCBN_NOIRIS_DEV_SL___59002A6F902FE8B5B9124945373923D9A9C6212F.udd" 2971
"C:/Users/willi/AppData/Local/UnrealEngine/Common/DerivedDataCache/9/2/4/MATSM_0BA69734E4FD45E082FA4560DBE25454_PCD3D_SM5_8__BC5N_NOCCBN_NOIRIS_DEV_SL___1FD8E795AA50BC93590EE3705233B684E4291FAE.udd" 2972
"C:/Users/willi/AppData/Local/UnrealEngine/Common/DerivedDataCache/5/2/8/MATSM_0BA69734E4FD45E082FA4560DBE25454_PCD3D_SM5_8__BC5N_NOCCBN_NOIRIS_DEV_SL___DD1ADB4446668831D6853C8DC16B1DC45832BB24.udd" 2973
"C:/Users/willi/AppData/Local/UnrealEngine/Common/DerivedDataCache/3/1/2/MATSM_0BA69734E4FD45E082FA4560DBE25454_PCD3D_SM5_8__BC5N_NOCCBN_NOIRIS_DEV_SL___34F25793F5690774475A1969A108503328573DA4.udd" 2974
"C:/Users/willi/AppData/Local/UnrealEngine/Common/DerivedDataCache/3/6/2/TEXTURE_E01F4250BECD420DA9CE63B5EECEC2C2_OODLE_AUTODXT_11_2A849CB144D12973AD57__EC0181F8606055117D858E24BF11C9C3226E6FD2.udd" 2975
"C:/Users/willi/AppData/Local/UnrealEngine/Common/DerivedDataCache/1/4/4/TEXTURE_E01F4250BECD420DA9CE63B5EECEC2C2_OODLE_AUTODXT_11_2A849CB144D12973AD57__625F08D096D0CD688E0F8DA513E83F3B30AC29FB.udd" 2976
"C:/Users/willi/AppData/Local/UnrealEngine/Common/DerivedDataCache/0/0/8/TEXTURE_E01F4250BECD420DA9CE63B5EECEC2C2_OODLE_AUTODXT_11_2A849CB144D12973AD57__DBC27D3D9FB200713B34587CB68F61FC367A0F12.udd" 2977
"C:/Users/willi/AppData/Local/UnrealEngine/Common/DerivedDataCache/3/0/4/TEXTURE_E01F4250BECD420DA9CE63B5EECEC2C2_OODLE_AUTODXT_11_2A849CB144D12973AD57__4CA7463A09DBE15A2881A9CB08FFFA4853EE95E6.udd" 2978
"C:/Users/willi/AppData/Local/UnrealEngine/Common/DerivedDataCache/2/0/4/TEXTURE_E01F4250BECD420DA9CE63B5EECEC2C2_OODLE_AUTODXT_11_2A849CB144D12973AD57__16325F00A11266C134C1275A74FFB48756263886.udd" 2979
"C:/Users/willi/AppData/Local/UnrealEngine/Common/DerivedDataCache/0/0/8/TEXTURE_E01F4250BECD420DA9CE63B5EECEC2C2_OODLE_AUTODXT_11_2A849CB144D12973AD57__04C6242F810B61050B859AA61426DE7A1E113381.udd" 2980
"C:/Users/willi/AppData/Local/UnrealEngine/Common/DerivedDataCache/5/3/3/TEXTURE_E01F4250BECD420DA9CE63B5EECEC2C2_OODLE_AUTODXT_11_7191EFE44F0708564EEC__DDD98665DE443BC526B087403E83EF262A8E02C8.udd" 2981
"C:/Users/willi/AppData/Local/UnrealEngine/Common/DerivedDataCache/1/5/2/TEXTURE_E01F4250BECD420DA9CE63B5EECEC2C2_OODLE_AUTODXT_11_7191EFE44F0708564EEC__A4C2491AF0EAB04B2466CAC51E7DB6D282043429.udd" 2982
"C:/Users/willi/AppData/Local/UnrealEngine/Common/DerivedDataCache/6/8/3/TEXTURE_E01F4250BECD420DA9CE63B5EECEC2C2_OODLE_AUTODXT_11_7191EFE44F0708564EEC__EC2C28B6AEC94ABD447FAC86EBE297E7FE6E2D59.udd" 2983
"C:/Users/willi/AppData/Local/UnrealEngine/Common/DerivedDataCache/7/9/2/TEXTURE_E01F4250BECD420DA9CE63B5EECEC2C2_OODLE_AUTODXT_11_7191EFE44F0708564EEC__E78A3CCD115793B06DBD6C01BDD828131E8EE426.udd" 2984
"C:/Users/willi/AppData/Local/UnrealEngine/Common/DerivedDataCache/1/1/8/TEXTURE_E01F4250BECD420DA9CE63B5EECEC2C2_OODLE_AUTODXT_11_7191EFE44F0708564EEC__DB5C9D13E711C22843B413DF5B322E1A1B95FF40.udd" 2985
"C:/Users/willi/AppData/Local/UnrealEngine/Common/DerivedDataCache/3/5/6/TEXTURE_E01F4250BECD420DA9CE63B5EECEC2C2_OODLE_AUTODXT_11_7191EFE44F0708564EEC__DC2FCEB165D13214580947A05A11E152912B92A6.udd" 2986
"C:/Users/willi/AppData/Local/UnrealEngine/Common/DerivedDataCache/0/0/0/MATSM_0BA69734E4FD45E082FA4560DBE25454_PCD3D_SM5_8__BC5N_NOCCBN_NOIRIS_DEV_SL___BBC9DC996C8FC0EED17A83860E14DF8B68AB10CF.udd" 2987
"C:/Users/willi/AppData/Local/UnrealEngine/Common/DerivedDataCache/9/1/4/TEXTURE_E01F4250BECD420DA9CE63B5EECEC2C2_OODLE_AUTODXT_11_AE2940804CBCF4E6069D__F4AE37822B5AF36B20CB24379C81FD3100751737.udd" 2988
"C:/Users/willi/AppData/Local/UnrealEngine/Common/DerivedDataCache/9/8/9/TEXTURE_E01F4250BECD420DA9CE63B5EECEC2C2_OODLE_AUTODXT_11_AE2940804CBCF4E6069D__ACA74325DBEE2FE0B0ABB05178337D58B4E953C6.udd" 2989
"C:/Users/willi/AppData/Local/UnrealEngine/Common/DerivedDataCache/9/2/8/TEXTURE_E01F4250BECD420DA9CE63B5EECEC2C2_OODLE_AUTODXT_11_AE2940804CBCF4E6069D__996638E99F6FBC4BCB6E218A8458DD55A7C20DC3.udd" 2990
"C:/Users/willi/AppData/Local/UnrealEngine/Common/DerivedDataCache/3/6/1/TEXTURE_E01F4250BECD420DA9CE63B5EECEC2C2_OODLE_AUTODXT_11_AE2940804CBCF4E6069D__94350D3063407A08A7E513A0E4ABE91BBC7B7314.udd" 2991
"C:/Users/willi/AppData/Local/UnrealEngine/Common/DerivedDataCache/5/6/0/TEXTURE_E01F4250BECD420DA9CE63B5EECEC2C2_OODLE_AUTODXT_11_AE2940804CBCF4E6069D__CFCE73FB1E4D779416698ED54C5D1CFA7CDE0346.udd" 2992
"C:/Users/willi/AppData/Local/UnrealEngine/Common/DerivedDataCache/3/8/9/TEXTURE_E01F4250BECD420DA9CE63B5EECEC2C2_OODLE_AUTODXT_11_AE2940804CBCF4E6069D__AF78CE72E16C8B4504AC8C82AD96756102A2BCA5.udd" 2993
"C:/Users/willi/AppData/Local/UnrealEngine/Common/DerivedDataCache/4/3/6/TEXTURE_E01F4250BECD420DA9CE63B5EECEC2C2_OODLE_AUTODXT_11_52B5D87A49D740275DF5__CC40020478316A80EAD2D3C724EFA2421196EF24.udd" 2994
"C:/Users/willi/AppData/Local/UnrealEngine/Common/DerivedDataCache/7/2/3/TEXTURE_E01F4250BECD420DA9CE63B5EECEC2C2_OODLE_AUTODXT_11_52B5D87A49D740275DF5__CDC841D497EF042036151517BBE58D584452769F.udd" 2995
"C:/Users/willi/AppData/Local/UnrealEngine/Common/DerivedDataCache/1/4/7/TEXTURE_E01F4250BECD420DA9CE63B5EECEC2C2_OODLE_AUTODXT_11_52B5D87A49D740275DF5__E833F873AB1537A11ABED0769A627FA4B2282718.udd" 2996
"C:/Users/willi/AppData/Local/UnrealEngine/Common/DerivedDataCache/7/2/9/TEXTURE_E01F4250BECD420DA9CE63B5EECEC2C2_OODLE_AUTODXT_11_52B5D87A49D740275DF5__77B2008284D0AB11750D96869DC10A8C5A70116D.udd" 2997
"C:/Users/willi/AppData/Local/UnrealEngine/Common/DerivedDataCache/4/4/8/TEXTURE_E01F4250BECD420DA9CE63B5EECEC2C2_OODLE_AUTODXT_11_52B5D87A49D740275DF5__A81EF410C723DA3ECCE5CF4C6620AF62EA14684A.udd" 2998
"C:/Users/willi/AppData/Local/UnrealEngine/Common/DerivedDataCache/4/9/6/TEXTURE_E01F4250BECD420DA9CE63B5EECEC2C2_OODLE_AUTODXT_11_52B5D87A49D740275DF5__BE5A867A1FD89B2936A81489C14351D4D10478DD.udd" 2999
"C:/Users/willi/AppData/Local/UnrealEngine/Common/DerivedDataCache/6/0/6/TEXTURE_E01F4250BECD420DA9CE63B5EECEC2C2_OODLE_AUTODXT_11_82B4434E45D372F17677__94541623439B58C5784699FBEC5E0766BB3D0ED3.udd" 3000
"C:/Users/willi/AppData/Local/UnrealEngine/Common/DerivedDataCache/6/8/6/TEXTURE_E01F4250BECD420DA9CE63B5EECEC2C2_OODLE_AUTODXT_11_82B4434E45D372F17677__60293AA718CA1D84662C245A90FD900BF39A19AA.udd" 3001
"C:/Users/willi/AppData/Local/UnrealEngine/Common/DerivedDataCache/1/9/7/TEXTURE_E01F4250BECD420DA9CE63B5EECEC2C2_OODLE_AUTODXT_11_82B4434E45D372F17677__D2CC9D13CFB98D8FD135A4FF6901E3B59F93CDBD.udd" 3002
"C:/Users/willi/AppData/Local/UnrealEngine/Common/DerivedDataCache/3/6/2/TEXTURE_E01F4250BECD420DA9CE63B5EECEC2C2_OODLE_AUTODXT_11_82B4434E45D372F17677__C40C4AF505F03AFE81DED54A897810C5BD8B97E5.udd" 3003
"C:/Users/willi/AppData/Local/UnrealEngine/Common/DerivedDataCache/9/5/5/TEXTURE_E01F4250BECD420DA9CE63B5EECEC2C2_OODLE_AUTODXT_11_82B4434E45D372F17677__961A4860AC22DF209B31FC6034C464B57D2415EF.udd" 3004
"C:/Users/willi/AppData/Local/UnrealEngine/Common/DerivedDataCache/2/1/4/TEXTURE_E01F4250BECD420DA9CE63B5EECEC2C2_OODLE_AUTODXT_11_82B4434E45D372F17677__14B5C41E7C345B12735A40D0F56DB0567A38A8D2.udd" 3005
"C:/Users/willi/AppData/Local/UnrealEngine/Common/DerivedDataCache/4/3/3/MATSM_0BA69734E4FD45E082FA4560DBE25454_PCD3D_SM5_8__BC5N_NOCCBN_NOIRIS_DEV_SL___47A233022B6646670F32A7A787ED5646553FA8BA.udd" 3006
"C:/Users/willi/AppData/Local/UnrealEngine/Common/DerivedDataCache/7/8/8/MATSM_0BA69734E4FD45E082FA4560DBE25454_PCD3D_SM5_8__BC5N_NOCCBN_NOIRIS_DEV_SL___1889B08F2841D3ACE848545669C0FF0C2C4A1116.udd" 3007
"C:/Users/willi/AppData/Local/UnrealEngine/Common/DerivedDataCache/2/5/9/MATSM_0BA69734E4FD45E082FA4560DBE25454_PCD3D_SM5_8__BC5N_NOCCBN_NOIRIS_DEV_SL___DF34FD49D2FB62FAFB4F122294168C2BF0492FA0.udd" 3008
"C:/Users/willi/AppData/Local/UnrealEngine/Common/DerivedDataCache/6/0/2/STREAMEDAUDIO_BC6E92FBBD314E3B9B9EC6778749EB5E_OGG10000$2D1$2D1$2D1$2D1$2D1_4_149030C54A3141D1820ADAB60DEA7252.udd" 3009
"C:/Users/willi/AppData/Local/UnrealEngine/Common/DerivedDataCache/3/6/2/STREAMEDAUDIO_BC6E92FBBD314E3B9B9EC6778749EB5E_OGG10000$2D1$2D1$2D1$2D1$2D1_4_ADF075C34462A289B398EA9C7B9493F1.udd" 3010
"C:/Users/willi/AppData/Local/UnrealEngine/Common/DerivedDataCache/0/3/3/STREAMEDAUDIO_BC6E92FBBD314E3B9B9EC6778749EB5E_OGG10000$2D1$2D1$2D1$2D1$2D1_4_A5A4CACB425300E48F934FB0E18CA004.udd" 3011
"C:/Users/willi/AppData/Local/UnrealEngine/Common/DerivedDataCache/6/7/8/MATSM_0BA69734E4FD45E082FA4560DBE25454_PCD3D_SM5_8__BC5N_NOCCBN_NOIRIS_DEV_SL___ECD73D8E93FE83D8A75282DF657667256CC029CA.udd" 3012
"C:/Users/willi/Documents/GitHub/fnaf-spelet/Content/Sounds/power_down.uasset" 3013
"C:/Users/willi/Documents/GitHub/fnaf-spelet/Content/Textures/Concrete032_2K-JPG/Concrete032_2K-JPG_AmbientOcclusion.uasset" 3014
"C:/Users/willi/Documents/GitHub/fnaf-spelet/Content/Textures/Concrete032_2K-JPG/Concrete032_2K-JPG/Textures/T_Concrete032_2K-JPG_Roughness.uasset" 3015
"C:/Users/willi/Documents/GitHub/fnaf-spelet/Content/Textures/Concrete032_2K-JPG/Concrete032_2K-JPG/Textures/T_Concrete032_2K-JPG_Color.uasset" 3016
"C:/Users/willi/Documents/GitHub/fnaf-spelet/Content/Textures/Concrete032_2K-JPG/Concrete032_2K-JPG_Displacement.uasset" 3017
"C:/Users/willi/Documents/GitHub/fnaf-spelet/Content/Textures/Concrete032_2K-JPG/Concrete032_2K-JPG_NormalGL.uasset" 3018
"C:/Users/willi/Documents/GitHub/fnaf-spelet/Content/Sounds/ambiance.uasset" 3019
"../../../Engine/Content/EngineMaterials/DefaultNormal_Uncompressed.uasset" 3020
"C:/Users/willi/AppData/Local/UnrealEngine/Common/DerivedDataCache/2/0/9/STATICMESH_9CE2B6FB46754B699726C4AA1515F12E_228332BAE0224DD294E232B87D83948FQU__750B7B5BC5D855456934D13294EB8F64E049B02B.udd" 3021
"C:/Users/willi/AppData/Local/UnrealEngine/Common/DerivedDataCache/4/1/7/PHYSX_A08609EF508D460CBB6710540B03AACF_PHYSXPC_8AB6ABF240F9D8EDF8C5A38F68A2688__C8530EF5D41CD220AF8527EDA897FF8DCBB26D45.udd" 3022
"C:/Users/willi/AppData/Local/UnrealEngine/Common/DerivedDataCache/7/7/6/NAVCOLLISION_2983273BE5D6425391E8C0B3D1C0A55D_NAVCOLLISION_X_8AB6ABF240F9D8EDF__AC67DEA5F16A7F146689210B6562D696D6FC5E58.udd" 3023
"../../../Engine/Content/Functions/Engine_MaterialFunctions02/Math/Transform3x3Matrix.uasset" 3024
"C:/Users/willi/AppData/Local/UnrealEngine/Common/DerivedDataCache/5/5/1/STATICMESH_9CE2B6FB46754B699726C4AA1515F12E_228332BAE0224DD294E232B87D83948FQU__7B2C67997BCB45732CFB1CC1B006086A7C259848.udd" 3025
"C:/Users/willi/AppData/Local/UnrealEngine/Common/DerivedDataCache/7/7/1/PHYSX_A08609EF508D460CBB6710540B03AACF_PHYSXPC_E66A65FB4CF0416C0E34BC958F46B78__49AF0817BD61D98A70EE9F3BC2CD742734E48291.udd" 3026
"C:/Users/willi/AppData/Local/UnrealEngine/Common/DerivedDataCache/0/0/0/NAVCOLLISION_2983273BE5D6425391E8C0B3D1C0A55D_NAVCOLLISION_X_E66A65FB4CF0416C0__BC41C386C4FACDBECE2C85E0AF3545E0F9F17F32.udd" 3027
"../../../Engine/Content/Functions/Engine_MaterialFunctions02/Math/CreateThirdOrthogonalVector.uasset" 3028
"C:/Users/willi/AppData/Local/UnrealEngine/Common/DerivedDataCache/8/9/0/STATICMESH_9CE2B6FB46754B699726C4AA1515F12E_228332BAE0224DD294E232B87D83948FQU__2B0B8075A50DBF2AB39F3F2B6475E76F499ED589.udd" 3029
"C:/Users/willi/AppData/Local/UnrealEngine/Common/DerivedDataCache/1/3/0/PHYSX_A08609EF508D460CBB6710540B03AACF_PHYSXPC_B3655C514D121026FDDD6EA2F2B9AF4__469F421E175DD407A3A45EE4F467FCE90A8D05A2.udd" 3030
"C:/Users/willi/AppData/Local/UnrealEngine/Common/DerivedDataCache/6/3/5/NAVCOLLISION_2983273BE5D6425391E8C0B3D1C0A55D_NAVCOLLISION_X_B3655C514D121026F__EF967EEFC3C45E33ED8260315FE90EE9C3358DF6.udd" 3031
"../../../Engine/Content/Functions/Engine_MaterialFunctions02/WorldAlignedNormals_HighQuality.uasset" 3032
"C:/Users/willi/AppData/Local/UnrealEngine/Common/DerivedDataCache/7/1/8/STATICMESH_9CE2B6FB46754B699726C4AA1515F12E_228332BAE0224DD294E232B87D83948FQU__B0B83FA692DD2D7B6B498D725B4F72505EE641AD.udd" 3033
"C:/Users/willi/AppData/Local/UnrealEngine/Common/DerivedDataCache/7/3/8/PHYSX_A08609EF508D460CBB6710540B03AACF_PHYSXPC_117B7AF84FF3E445849FDB849E27B07__5E5412C9AD760E064E7FFD1E98FB9B43FE5244FF.udd" 3034
"C:/Users/willi/AppData/Local/UnrealEngine/Common/DerivedDataCache/4/5/6/NAVCOLLISION_2983273BE5D6425391E8C0B3D1C0A55D_NAVCOLLISION_X_117B7AF84FF3E4458__F29A1F27015F6125A4814EEB49B935317901985D.udd" 3035
"../../../Engine/Content/Functions/Engine_MaterialFunctions01/Texturing/WorldAlignedNormal.uasset" 3036
"C:/Users/willi/AppData/Local/UnrealEngine/Common/DerivedDataCache/4/5/4/STATICMESH_9CE2B6FB46754B699726C4AA1515F12E_228332BAE0224DD294E232B87D83948FQU__941BA0A08926EDB87304740A7CAF466C2EA0532B.udd" 3037
"C:/Users/willi/AppData/Local/UnrealEngine/Common/DerivedDataCache/5/2/7/PHYSX_A08609EF508D460CBB6710540B03AACF_PHYSXPC_EAB3422A4177A7485E2AD096BE6F89A__68D89E4CB7E3591BF46EA81AF11D84B6044252EB.udd" 3038
"C:/Users/willi/AppData/Local/UnrealEngine/Common/DerivedDataCache/6/5/9/NAVCOLLISION_2983273BE5D6425391E8C0B3D1C0A55D_NAVCOLLISION_X_EAB3422A4177A7485__66ADF70CA4B7D9B7982F58FE8A176EDD05EF2B87.udd" 3039
"C:/Users/willi/Documents/GitHub/fnaf-spelet/Content/Materials/M_Concrete032.uasset" 3040
"C:/Users/willi/AppData/Local/UnrealEngine/Common/DerivedDataCache/1/9/2/STATICMESH_9CE2B6FB46754B699726C4AA1515F12E_228332BAE0224DD294E232B87D83948FQU__533B0FA752047054C15C67210BFA0D8051CC328D.udd" 3041
"C:/Users/willi/AppData/Local/UnrealEngine/Common/DerivedDataCache/9/9/8/PHYSX_A08609EF508D460CBB6710540B03AACF_PHYSXPC_E53031A8450E682F8BFDFA920BC8E7D__953147BC4487ACD66B4BB577AFC68F7B52A431F3.udd" 3042
"C:/Users/willi/AppData/Local/UnrealEngine/Common/DerivedDataCache/4/6/0/NAVCOLLISION_2983273BE5D6425391E8C0B3D1C0A55D_NAVCOLLISION_X_E53031A8450E682F8__D25170FC4CAF34844F149E855AB5DDFBB7752274.udd" 3043
"C:/Users/willi/Documents/GitHub/fnaf-spelet/Content/Levels/Game_BuiltData.uasset" 3044
"C:/Users/willi/AppData/Local/UnrealEngine/Common/DerivedDataCache/7/2/2/STATICMESH_9CE2B6FB46754B699726C4AA1515F12E_228332BAE0224DD294E232B87D83948FQU__D0FA4BA87AA38B652F352FC85CF2E8A47D3BF592.udd" 3045
"C:/Users/willi/AppData/Local/UnrealEngine/Common/DerivedDataCache/6/0/0/PHYSX_A08609EF508D460CBB6710540B03AACF_PHYSXPC_1294D15D46F39A072EDDA28368DC7C9__3DB5CB355A352C8D80254B9ECF1387E859DFAB37.udd" 3046
"C:/Users/willi/AppData/Local/UnrealEngine/Common/DerivedDataCache/1/1/5/NAVCOLLISION_2983273BE5D6425391E8C0B3D1C0A55D_NAVCOLLISION_X_1294D15D46F39A072__2F079F8BA360E3A8399E5D69C1438C2BAF009517.udd" 3047
"../../../Engine/Content/Tutorial/SubEditors/TutorialAssets/Character/TutorialTPP_Skeleton.uasset" 3048
"C:/Users/willi/AppData/Local/UnrealEngine/Common/DerivedDataCache/6/4/8/PHYSX_A08609EF508D460CBB6710540B03AACF_PHYSXPC_88E7595F4CC3891379F53B8C692BF82D__1_0_0_0_2_13315_0.udd" 3049
"C:/Users/willi/AppData/Local/UnrealEngine/Common/DerivedDataCache/2/8/1/MATSM_0BA69734E4FD45E082FA4560DBE25454_PCD3D_SM5_8__BC5N_NOCCBN_NOIRIS_DEV_SL___DFC0E80C18C6EA7694D6293F2B1C4BF9D5339101.udd" 3050
"../../../Engine/Content/Tutorial/SubEditors/TutorialAssets/Character/Tutorial_Walk_Fwd.uasset" 3051
"C:/Users/willi/AppData/Local/UnrealEngine/Common/DerivedDataCache/2/3/8/AUDIO_0005_0000_OGG10000$2D1$2D1$2D1$2D1$2D1_0004_17CBEEE04CDE0CA8836399A8E6E6C74B.udd" 3052
"../../../Engine/Content/Tutorial/SubEditors/TutorialAssets/Character/Tutorial_Idle.uasset" 3053
"C:/Users/willi/AppData/Local/UnrealEngine/Common/DerivedDataCache/2/1/5/AUDIO_0005_0000_OGG10000$2D1$2D1$2D1$2D1$2D1_0004_DC4B1F094F3D4F19A49E0EB7EE2D39CC.udd" 3054
"C:/Users/willi/Documents/GitHub/fnaf-spelet/Content/Sounds/jumpscare.uasset" 3055
"../../../Engine/Content/Tutorial/SubEditors/TutorialAssets/Character/TutorialTPP_PhysicsAsset.uasset" 3056
"../../../Engine/Content/Tutorial/SubEditors/TutorialAssets/Character/TutorialTPP_Mat.uasset" 3057
"../../../Engine/Content/Tutorial/SubEditors/TutorialAssets/Character/TutorialTPP.uasset" 3058
"C:/Users/willi/Documents/GitHub/fnaf-spelet/Content/Blueprints/Animatronics/BP_TestAnimatronic.uasset" 3059
"C:/Users/willi/Documents/GitHub/fnaf-spelet/Content/Blueprints/BP_GameStartTrigger.uasset" 3060
"C:/Users/willi/Documents/GitHub/fnaf-spelet/Content/Sounds/fan_spin.uasset" 3061
"C:/Users/willi/Documents/GitHub/fnaf-spelet/Content/Assets/fan/desk_fan_4k/Textures/T_BASE_baseColor.uasset" 3062
"C:/Users/willi/Documents/GitHub/fnaf-spelet/Content/Assets/fan/desk_fan_4k/Textures/T_BASE_metallicRoughness_metal.uasset" 3063
"C:/Users/willi/Documents/GitHub/fnaf-spelet/Content/Assets/fan/desk_fan_4k/Textures/T_BASE_metallicRoughness_rough.uasset" 3064
"C:/Users/willi/Documents/GitHub/fnaf-spelet/Content/Assets/fan/desk_fan_4k/Textures/T_BASE_normal.uasset" 3065
"C:/Users/willi/Documents/GitHub/fnaf-spelet/Content/Assets/fan/desk_fan_4k/Materials/M_BASE.uasset" 3066
"C:/Users/willi/Documents/GitHub/fnaf-spelet/Content/Assets/fan/desk_fan_4k/Textures/T_material_baseColor.uasset" 3067
"C:/Users/willi/Documents/GitHub/fnaf-spelet/Content/Assets/fan/desk_fan_4k/Materials/M_material.uasset" 3068
"../../../Engine/Content/Animation/DefaultAnimBoneCompressionSettings.uasset" 3069
"../../../Engine/Content/Animation/DefaultAnimCurveCompressionSettings.uasset" 3070
"C:/Users/willi/Documents/GitHub/fnaf-spelet/Content/Assets/fan/desk_fan_4k/StaticMeshes/SM_scene.uasset" 3071
"C:/Users/willi/Documents/GitHub/fnaf-spelet/Content/Blueprints/BP_DeskFan.uasset" 3072
"C:/Users/willi/AppData/Local/UnrealEngine/Common/DerivedDataCache/1/6/6/AUDIO_0005_0000_OGG10000$2D1$2D1$2D1$2D1$2D1_0004_E66177A94B6ECD8DCBE1F58B12CF762B.udd" 3073
"C:/Users/willi/Documents/GitHub/fnaf-spelet/Content/Blueprints/BP_CameraTrigger.uasset" 3074
"C:/Users/willi/Documents/GitHub/fnaf-spelet/Content/Blueprints/BP_CameraTarget.uasset" 3075
"C:/Users/willi/Documents/GitHub/fnaf-spelet/Content/Assets/animatronic/animatronic_Skeleton.uasset" 3076
"C:/Users/willi/Documents/GitHub/fnaf-spelet/Content/Assets/animatronic/animatronic_PhysicsAsset.uasset" 3077
"C:/Users/willi/Documents/GitHub/fnaf-spelet/Content/Assets/animatronic/Material_015.uasset" 3078
"C:/Users/willi/Documents/GitHub/fnaf-spelet/Content/Assets/animatronic/Material_014.uasset" 3079
"C:/Users/willi/AppData/Local/UnrealEngine/Common/DerivedDataCache/9/9/9/AUDIO_0005_0000_OGG10000$2D1$2D1$2D1$2D1$2D1_0004_BEDF4D984B978C3C8E663B874FB19368.udd" 3080
"C:/Users/willi/Documents/GitHub/fnaf-spelet/Content/Assets/animatronic/Material_004_Normal_001_ncl1_1.uasset" 3081
"C:/Users/willi/Documents/GitHub/fnaf-spelet/Content/Assets/animatronic/Material_004_Albedo_001_ncl1_1.uasset" 3082
"C:/Users/willi/Documents/GitHub/fnaf-spelet/Content/Assets/animatronic/Material_013.uasset" 3083
"C:/Users/willi/Documents/GitHub/fnaf-spelet/Content/Assets/animatronic/Material_012.uasset" 3084
"C:/Users/willi/Documents/GitHub/fnaf-spelet/Content/Assets/animatronic/Material_011.uasset" 3085
"C:/Users/willi/Documents/GitHub/fnaf-spelet/Content/Assets/animatronic/animatronic_002.uasset" 3086
"C:/Users/willi/Documents/GitHub/fnaf-spelet/Content/Assets/animatronic/animatronic.uasset" 3087
"../../../Engine/Content/EngineMaterials/DefaultNormal.uasset" 3088
"C:/Users/willi/AppData/Local/UnrealEngine/Common/DerivedDataCache/9/6/0/STATICMESH_9CE2B6FB46754B699726C4AA1515F12E_228332BAE0224DD294E232B87D83948FQU__0AFB1705C36D5A55C180BC805B0F197D7493436B.udd" 3089
"C:/Users/willi/AppData/Local/UnrealEngine/Common/DerivedDataCache/2/5/2/PHYSX_A08609EF508D460CBB6710540B03AACF_PHYSXPC_D102A5BE4A90382A54EBA49FED91502__37442A895CD3A0A53098100F3EA12D2A40DA2521.udd" 3090
"C:/Users/willi/AppData/Local/UnrealEngine/Common/DerivedDataCache/0/1/4/NAVCOLLISION_2983273BE5D6425391E8C0B3D1C0A55D_NAVCOLLISION_X_D102A5BE4A90382A5__6773708FD05D6E949D99B612A51FA2CDAC4E8BDC.udd" 3091
"C:/Users/willi/Documents/GitHub/fnaf-spelet/Content/Materials/M_Triplanar_Arm.uasset" 3092
"C:/Users/willi/Documents/GitHub/fnaf-spelet/Content/Textures/metal_plate_2k/textures/metal_plate_nor_dx_2k.uasset" 3093
"C:/Users/willi/Documents/GitHub/fnaf-spelet/Content/Textures/metal_plate_2k/textures/metal_plate_diff_2k.uasset" 3094
"C:/Users/willi/Documents/GitHub/fnaf-spelet/Content/Textures/metal_plate_2k/textures/metal_plate_arm_2k.uasset" 3095
"C:/Users/willi/Documents/GitHub/fnaf-spelet/Content/Materials/M_RustyMetal_2.uasset" 3096
"C:/Users/willi/Documents/GitHub/fnaf-spelet/Content/Textures/worn_corrugated_iron/worn_corrugated_iron_nor_gl_2k.uasset" 3097
"C:/Users/willi/Documents/GitHub/fnaf-spelet/Content/Textures/worn_corrugated_iron/worn_corrugated_iron_diff_2k.uasset" 3098
"C:/Users/willi/Documents/GitHub/fnaf-spelet/Content/Textures/worn_corrugated_iron/worn_corrugated_iron_arm_2k.uasset" 3099
"C:/Users/willi/Documents/GitHub/fnaf-spelet/Content/Materials/M_MetalWall_Arm.uasset" 3100
"C:/Users/willi/Documents/GitHub/fnaf-spelet/Content/Textures/concrete_floor_worn_001_2k/textures/concrete_floor_worn_001_nor_gl_2k.uasset" 3101
"C:/Users/willi/Documents/GitHub/fnaf-spelet/Content/Textures/concrete_floor_worn_001_2k/textures/concrete_floor_worn_001_diff_2k.uasset" 3102
"C:/Users/willi/Documents/GitHub/fnaf-spelet/Content/Textures/concrete_floor_worn_001_2k/textures/concrete_floor_worn_001_arm_2k.uasset" 3103
"C:/Users/willi/Documents/GitHub/fnaf-spelet/Content/Materials/M_ConcreteFloor.uasset" 3104
"C:/Users/willi/Documents/GitHub/fnaf-spelet/Content/Assets/office/standardSurface7.uasset" 3105
"C:/Users/willi/AppData/Local/UnrealEngine/Common/DerivedDataCache/5/2/6/SKELETALMESH_91550326BADA436B92C8BF16C910465C_933FF8474B70E445FB6EF6B1086B5ABC__48174C97C9C47E5981BBFAD970EF5D1D8191BAAD.udd" 3106
"C:/Users/willi/Documents/GitHub/fnaf-spelet/Content/Assets/office/pCube168.uasset" 3107
"C:/Users/willi/Documents/GitHub/fnaf-spelet/Content/Assets/office/standardSurface27.uasset" 3108
"C:/Users/willi/Documents/GitHub/fnaf-spelet/Content/Assets/office/standardSurface28.uasset" 3109
"C:/Users/willi/Documents/GitHub/fnaf-spelet/Content/Assets/office/pCube176.uasset" 3110
"C:/Users/willi/Documents/GitHub/fnaf-spelet/Content/Assets/office/standardSurface24.uasset" 3111
"C:/Users/willi/Documents/GitHub/fnaf-spelet/Content/Assets/office/sweep2.uasset" 3112
"C:/Users/willi/Documents/GitHub/fnaf-spelet/Content/Assets/office/sweep1.uasset" 3113
"C:/Users/willi/Documents/GitHub/fnaf-spelet/Content/Assets/office/standardSurface15.uasset" 3114
"C:/Users/willi/Documents/GitHub/fnaf-spelet/Content/Assets/office/pPlane5.uasset" 3115
"C:/Users/willi/Documents/GitHub/fnaf-spelet/Content/Assets/office/standardSurface23.uasset" 3116
"C:/Users/willi/Documents/GitHub/fnaf-spelet/Content/Assets/office/pPlane3.uasset" 3117
"C:/Users/willi/Documents/GitHub/fnaf-spelet/Content/Assets/office/standardSurface13.uasset" 3118
"C:/Users/willi/Documents/GitHub/fnaf-spelet/Content/Assets/office/pPlane2.uasset" 3119
"C:/Users/willi/Documents/GitHub/fnaf-spelet/Content/Assets/office/standardSurface14.uasset" 3120
"C:/Users/willi/Documents/GitHub/fnaf-spelet/Content/Assets/office/pPlane1.uasset" 3121
"C:/Users/willi/Documents/GitHub/fnaf-spelet/Content/Assets/office/standardSurface16.uasset" 3122
"C:/Users/willi/Documents/GitHub/fnaf-spelet/Content/Assets/office/office.uasset" 3123
"C:/Users/willi/AppData/Local/UnrealEngine/Common/DerivedDataCache/3/8/2/STATICMESH_9CE2B6FB46754B699726C4AA1515F12E_228332BAE0224DD294E232B87D83948FQU__3148B12289457D5A58B4F6FBC180AE883EDE5EC0.udd" 3124
"C:/Users/willi/AppData/Local/UnrealEngine/Common/DerivedDataCache/4/7/5/PHYSX_A08609EF508D460CBB6710540B03AACF_PHYSXPC_B877BE6E42880467024DAA8E6F1E10C__6635F78929E1BD3A83475C1FDBD6799CD5C4BF15.udd" 3125
"C:/Users/willi/AppData/Local/UnrealEngine/Common/DerivedDataCache/2/4/2/NAVCOLLISION_2983273BE5D6425391E8C0B3D1C0A55D_NAVCOLLISION_X_B877BE6E428804670__06E05322BADD8DDE05B9E2983157FB86F334C8BC.udd" 3126
"C:/Users/willi/Documents/GitHub/fnaf-spelet/Content/Assets/office/polySurface87.uasset" 3127
"C:/Users/willi/Documents/GitHub/fnaf-spelet/Content/Assets/office/standardSurface17.uasset" 3128
"C:/Users/willi/Documents/GitHub/fnaf-spelet/Content/Assets/office/polySurface64.uasset" 3129
"C:/Users/willi/AppData/Local/UnrealEngine/Common/DerivedDataCache/3/2/9/STATICMESH_9CE2B6FB46754B699726C4AA1515F12E_228332BAE0224DD294E232B87D83948FQU__54E3B7F983B5E08823A141F799D2995270915690.udd" 3130
"C:/Users/willi/AppData/Local/UnrealEngine/Common/DerivedDataCache/6/4/1/PHYSX_A08609EF508D460CBB6710540B03AACF_PHYSXPC_B44A5BFF497EF58B5FB20ABF4AD4493__A120F40E4A06715458682491EC41C585CC4E19EC.udd" 3131
"C:/Users/willi/AppData/Local/UnrealEngine/Common/DerivedDataCache/1/9/7/NAVCOLLISION_2983273BE5D6425391E8C0B3D1C0A55D_NAVCOLLISION_X_B44A5BFF497EF58B5__2F983D4F28C31BD2A49BF7628430ED90B1F40BE4.udd" 3132
"C:/Users/willi/Documents/GitHub/fnaf-spelet/Content/Assets/office/standardSurface19.uasset" 3133
"C:/Users/willi/Documents/GitHub/fnaf-spelet/Content/Assets/office/polySurface63.uasset" 3134
"C:/Users/willi/AppData/Local/UnrealEngine/Common/DerivedDataCache/9/7/3/STATICMESH_9CE2B6FB46754B699726C4AA1515F12E_228332BAE0224DD294E232B87D83948FQU__8933368BED2B8464EC330ED02DFF3925B2060659.udd" 3135
"C:/Users/willi/AppData/Local/UnrealEngine/Common/DerivedDataCache/1/3/1/PHYSX_A08609EF508D460CBB6710540B03AACF_PHYSXPC_BAEAE94A4FA3654C49F1E9B268C1608__3A72B865CF0D721516A2D634E13F5EFFAA69CF3D.udd" 3136
"C:/Users/willi/AppData/Local/UnrealEngine/Common/DerivedDataCache/0/9/5/NAVCOLLISION_2983273BE5D6425391E8C0B3D1C0A55D_NAVCOLLISION_X_BAEAE94A4FA3654C4__6DAFB838CA5B9CAACDA572B0EE18A61615925CE9.udd" 3137
"C:/Users/willi/Documents/GitHub/fnaf-spelet/Content/Assets/office/standardSurface20.uasset" 3138
"C:/Users/willi/AppData/Local/UnrealEngine/Common/DerivedDataCache/1/3/0/STATICMESH_9CE2B6FB46754B699726C4AA1515F12E_228332BAE0224DD294E232B87D83948FQU__F1B718B458FA366C5DC64FD5F2CC7C44323B767F.udd" 3139
"C:/Users/willi/AppData/Local/UnrealEngine/Common/DerivedDataCache/0/0/6/PHYSX_A08609EF508D460CBB6710540B03AACF_PHYSXPC_80F98AC24919FB95042D3B8A78E3318__0B01D69858D0615BFAD5D441431353E7E11D7FE5.udd" 3140
"C:/Users/willi/AppData/Local/UnrealEngine/Common/DerivedDataCache/0/6/7/NAVCOLLISION_2983273BE5D6425391E8C0B3D1C0A55D_NAVCOLLISION_X_80F98AC24919FB950__5E055E7F0DB39BA1EA3E1507568A302330532D6C.udd" 3141
"C:/Users/willi/Documents/GitHub/fnaf-spelet/Content/Assets/office/polySurface133.uasset" 3142
"C:/Users/willi/Documents/GitHub/fnaf-spelet/Content/Assets/office/standardSurface22.uasset" 3143
"C:/Users/willi/AppData/Local/UnrealEngine/Common/DerivedDataCache/9/2/0/STATICMESH_9CE2B6FB46754B699726C4AA1515F12E_228332BAE0224DD294E232B87D83948FQU__D4008437EF8459314BE5573DA364EDBE7F1B7653.udd" 3144
"C:/Users/willi/AppData/Local/UnrealEngine/Common/DerivedDataCache/9/6/3/PHYSX_A08609EF508D460CBB6710540B03AACF_PHYSXPC_3BA6A4704EDDB9C4C52D20A062BE5C5__3A8872E6E13039390FDB2A3094A03C44494328E1.udd" 3145
"C:/Users/willi/AppData/Local/UnrealEngine/Common/DerivedDataCache/3/1/9/NAVCOLLISION_2983273BE5D6425391E8C0B3D1C0A55D_NAVCOLLISION_X_3BA6A4704EDDB9C4C__EB3E01514ECBE377B73A32C9F67999BC0E30829B.udd" 3146
"C:/Users/willi/Documents/GitHub/fnaf-spelet/Content/Assets/office/polySurface132.uasset" 3147
"C:/Users/willi/Documents/GitHub/fnaf-spelet/Content/Assets/office/standardSurface11.uasset" 3148
"C:/Users/willi/AppData/Local/UnrealEngine/Common/DerivedDataCache/0/5/3/STATICMESH_9CE2B6FB46754B699726C4AA1515F12E_228332BAE0224DD294E232B87D83948FQU__5DB448D46F755DBD5F04C6D2A3129FD2BFA5C82F.udd" 3149
"C:/Users/willi/AppData/Local/UnrealEngine/Common/DerivedDataCache/9/4/5/PHYSX_A08609EF508D460CBB6710540B03AACF_PHYSXPC_520790D74293D9150F04A689B6F89B1__EA0A8670A063E771DE602053B055A6005701C28F.udd" 3150
"C:/Users/willi/AppData/Local/UnrealEngine/Common/DerivedDataCache/0/9/9/NAVCOLLISION_2983273BE5D6425391E8C0B3D1C0A55D_NAVCOLLISION_X_520790D74293D9150__736D09F1A23F35EDC877EDD6F0B960D0112AAC92.udd" 3151
"C:/Users/willi/Documents/GitHub/fnaf-spelet/Content/Assets/office/pCylinder34.uasset" 3152
"C:/Users/willi/Documents/GitHub/fnaf-spelet/Content/Assets/office/pCylinder33.uasset" 3153
"C:/Users/willi/AppData/Local/UnrealEngine/Common/DerivedDataCache/2/8/7/STATICMESH_9CE2B6FB46754B699726C4AA1515F12E_228332BAE0224DD294E232B87D83948FQU__585D66D7939A3E4404183339EC11577F3ECFA3F7.udd" 3154
"C:/Users/willi/AppData/Local/UnrealEngine/Common/DerivedDataCache/7/4/5/PHYSX_A08609EF508D460CBB6710540B03AACF_PHYSXPC_1DD3D5CB40391537FB0BC7876E1BDF2__1302DBBA144141C2BF6A2BA35547E5952EF63893.udd" 3155
"C:/Users/willi/AppData/Local/UnrealEngine/Common/DerivedDataCache/1/4/5/NAVCOLLISION_2983273BE5D6425391E8C0B3D1C0A55D_NAVCOLLISION_X_1DD3D5CB40391537F__E398F91DE82A7718E519A2522E7B1D6EF426ED2E.udd" 3156
"C:/Users/willi/Documents/GitHub/fnaf-spelet/Content/Assets/office/pCylinder32.uasset" 3157
"C:/Users/willi/Documents/GitHub/fnaf-spelet/Content/Assets/office/pCylinder31.uasset" 3158
"C:/Users/willi/AppData/Local/UnrealEngine/Common/DerivedDataCache/8/1/4/STATICMESH_9CE2B6FB46754B699726C4AA1515F12E_228332BAE0224DD294E232B87D83948FQU__BD759A5E1DE9BBB3BACFE09C481071CE240C8DB5.udd" 3159
"C:/Users/willi/AppData/Local/UnrealEngine/Common/DerivedDataCache/9/7/6/PHYSX_A08609EF508D460CBB6710540B03AACF_PHYSXPC_A4573AEE40F73D4BBD8808850B3405C__3C4B80879739A5AA589A918B14B7CA04623630D5.udd" 3160
"C:/Users/willi/AppData/Local/UnrealEngine/Common/DerivedDataCache/6/3/2/NAVCOLLISION_2983273BE5D6425391E8C0B3D1C0A55D_NAVCOLLISION_X_A4573AEE40F73D4BB__9BD2368B751A8888CF36848820591A717FA70A63.udd" 3161
"C:/Users/willi/Documents/GitHub/fnaf-spelet/Content/Assets/office/pCylinder30.uasset" 3162
"C:/Users/willi/Documents/GitHub/fnaf-spelet/Content/Assets/office/pCylinder29.uasset" 3163
"C:/Users/willi/AppData/Local/UnrealEngine/Common/DerivedDataCache/2/6/2/STATICMESH_9CE2B6FB46754B699726C4AA1515F12E_228332BAE0224DD294E232B87D83948FQU__9349DB24C9C2574F88EFB479C5832875C5018224.udd" 3164
"C:/Users/willi/AppData/Local/UnrealEngine/Common/DerivedDataCache/4/9/2/PHYSX_A08609EF508D460CBB6710540B03AACF_PHYSXPC_62EC50F04BBE92F48E9A398C7826DC7__7C2EC5E08E40B8DBF15F9CCAE3346FDF5D31F206.udd" 3165
"C:/Users/willi/AppData/Local/UnrealEngine/Common/DerivedDataCache/5/0/2/NAVCOLLISION_2983273BE5D6425391E8C0B3D1C0A55D_NAVCOLLISION_X_62EC50F04BBE92F48__A3DBAFC646EEC05067E21A3678D8F0957160CDED.udd" 3166
"C:/Users/willi/Documents/GitHub/fnaf-spelet/Content/Assets/office/pCylinder28.uasset" 3167
"C:/Users/willi/Documents/GitHub/fnaf-spelet/Content/Assets/office/pCylinder27.uasset" 3168
"C:/Users/willi/AppData/Local/UnrealEngine/Common/DerivedDataCache/2/0/5/STATICMESH_9CE2B6FB46754B699726C4AA1515F12E_228332BAE0224DD294E232B87D83948FQU__A2D92724BA42EE4A00ED67F8EB99224EC39BB802.udd" 3169
"C:/Users/willi/AppData/Local/UnrealEngine/Common/DerivedDataCache/2/5/2/PHYSX_A08609EF508D460CBB6710540B03AACF_PHYSXPC_C2F1104248B7EC6F2B7D4681E4C0275__BDB16211FD3600965D3632C71B13AC01A5E09A9E.udd" 3170
"C:/Users/willi/AppData/Local/UnrealEngine/Common/DerivedDataCache/8/0/2/NAVCOLLISION_2983273BE5D6425391E8C0B3D1C0A55D_NAVCOLLISION_X_C2F1104248B7EC6F2__FB49E3F406A248D64BD820B3CE95F0D6DF273CBD.udd" 3171
"C:/Users/willi/Documents/GitHub/fnaf-spelet/Content/Assets/office/pCylinder26.uasset" 3172
"C:/Users/willi/Documents/GitHub/fnaf-spelet/Content/Assets/office/pCylinder25.uasset" 3173
"C:/Users/willi/AppData/Local/UnrealEngine/Common/DerivedDataCache/6/9/3/STATICMESH_9CE2B6FB46754B699726C4AA1515F12E_228332BAE0224DD294E232B87D83948FQU__9A0E0D3E6CE3A1E159450ADF770CC53870FBD55E.udd" 3174
"C:/Users/willi/AppData/Local/UnrealEngine/Common/DerivedDataCache/1/5/0/PHYSX_A08609EF508D460CBB6710540B03AACF_PHYSXPC_A34C4C65497AC9C5A21610B819770C4__469DD5860CD54A8172B552317244E3EDD71A8705.udd" 3175
"C:/Users/willi/AppData/Local/UnrealEngine/Common/DerivedDataCache/2/4/5/NAVCOLLISION_2983273BE5D6425391E8C0B3D1C0A55D_NAVCOLLISION_X_A34C4C65497AC9C5A__0FF1DDD2ABBFD367CD3513EFBE50EA5B199FF2BA.udd" 3176
"C:/Users/willi/Documents/GitHub/fnaf-spelet/Content/Assets/office/pCylinder24.uasset" 3177
"C:/Users/willi/Documents/GitHub/fnaf-spelet/Content/Assets/office/pCylinder23.uasset" 3178
"C:/Users/willi/AppData/Local/UnrealEngine/Common/DerivedDataCache/7/7/1/STATICMESH_9CE2B6FB46754B699726C4AA1515F12E_228332BAE0224DD294E232B87D83948FQU__C9E54B40712275ED41800BF232C402B879D61B72.udd" 3179
"C:/Users/willi/AppData/Local/UnrealEngine/Common/DerivedDataCache/2/0/1/PHYSX_A08609EF508D460CBB6710540B03AACF_PHYSXPC_9E071B4A41265711EFB5BC98906D26F__AF918D517369548739A92D55F567EE0BA5370BCC.udd" 3180
"C:/Users/willi/AppData/Local/UnrealEngine/Common/DerivedDataCache/9/2/0/NAVCOLLISION_2983273BE5D6425391E8C0B3D1C0A55D_NAVCOLLISION_X_9E071B4A41265711E__96684B4051F70D5BC8DEEA333C7DDDDB8F1A888C.udd" 3181
"C:/Users/willi/Documents/GitHub/fnaf-spelet/Content/Assets/office/standardSurface6.uasset" 3182
"C:/Users/willi/Documents/GitHub/fnaf-spelet/Content/Assets/office/pCylinder18.uasset" 3183
"C:/Users/willi/AppData/Local/UnrealEngine/Common/DerivedDataCache/6/3/0/STATICMESH_9CE2B6FB46754B699726C4AA1515F12E_228332BAE0224DD294E232B87D83948FQU__E2AC6B9D0404978F3074BAB39EF9D1D33ED94A68.udd" 3184
"C:/Users/willi/AppData/Local/UnrealEngine/Common/DerivedDataCache/2/9/9/PHYSX_A08609EF508D460CBB6710540B03AACF_PHYSXPC_B0FC54DA46598ADE6D8B9B854DB3F71__13252C3CA55F6EF3BE404B4F521BF32C6433A2E8.udd" 3185
"C:/Users/willi/AppData/Local/UnrealEngine/Common/DerivedDataCache/4/7/5/NAVCOLLISION_2983273BE5D6425391E8C0B3D1C0A55D_NAVCOLLISION_X_B0FC54DA46598ADE6__74CB7C8F538807D0EFF21A1AAB3D23A93A2DD8EE.udd" 3186
"C:/Users/willi/Documents/GitHub/fnaf-spelet/Content/Assets/office/standardSurface4.uasset" 3187
"C:/Users/willi/Documents/GitHub/fnaf-spelet/Content/Assets/office/standardSurface5.uasset" 3188
"C:/Users/willi/AppData/Local/UnrealEngine/Common/DerivedDataCache/6/7/9/STATICMESH_9CE2B6FB46754B699726C4AA1515F12E_228332BAE0224DD294E232B87D83948FQU__87F89DFECA51E0A440B7F33CBDCB719BF145C3BE.udd" 3189
"C:/Users/willi/AppData/Local/UnrealEngine/Common/DerivedDataCache/3/2/7/PHYSX_A08609EF508D460CBB6710540B03AACF_PHYSXPC_CFEA57A64BB441AC6D35BA8140CFCF9__790E51B5EEAF897E382983971D5A2AD1248F0589.udd" 3190
"C:/Users/willi/AppData/Local/UnrealEngine/Common/DerivedDataCache/3/1/4/NAVCOLLISION_2983273BE5D6425391E8C0B3D1C0A55D_NAVCOLLISION_X_CFEA57A64BB441AC6__1B7F005A214519ABA6C67E1A9955CD2A3CD033DC.udd" 3191
"C:/Users/willi/Documents/GitHub/fnaf-spelet/Content/Assets/office/pCylinder17.uasset" 3192
"C:/Users/willi/AppData/Local/UnrealEngine/Common/DerivedDataCache/2/2/6/STATICMESH_9CE2B6FB46754B699726C4AA1515F12E_228332BAE0224DD294E232B87D83948FQU__A97984A64F92D215383B600F7E12C7A4B2970DF4.udd" 3193
"C:/Users/willi/AppData/Local/UnrealEngine/Common/DerivedDataCache/9/7/1/PHYSX_A08609EF508D460CBB6710540B03AACF_PHYSXPC_3F6C870742D4FA9C3821AEB729C440F__DCC91408F4E5D39D41FD0FF12A7E778653FFA6D1.udd" 3194
"C:/Users/willi/AppData/Local/UnrealEngine/Common/DerivedDataCache/1/9/9/NAVCOLLISION_2983273BE5D6425391E8C0B3D1C0A55D_NAVCOLLISION_X_3F6C870742D4FA9C3__D5C78845C5A7DA053ADE0A98DA4B1D94703FBE5E.udd" 3195
"C:/Users/willi/Documents/GitHub/fnaf-spelet/Content/Assets/office/pCylinder15.uasset" 3196
"C:/Users/willi/AppData/Local/UnrealEngine/Common/DerivedDataCache/0/1/1/STATICMESH_9CE2B6FB46754B699726C4AA1515F12E_228332BAE0224DD294E232B87D83948FQU__E57C09D32E1ACB879F6A6C4717388D9BBBD839B0.udd" 3197
"C:/Users/willi/AppData/Local/UnrealEngine/Common/DerivedDataCache/7/6/6/PHYSX_A08609EF508D460CBB6710540B03AACF_PHYSXPC_7A9E2977443BD93DC2BED38C5242B37__4E3F295E3A54895AA5948AE414DDA3704103A08E.udd" 3198
"C:/Users/willi/AppData/Local/UnrealEngine/Common/DerivedDataCache/7/0/1/NAVCOLLISION_2983273BE5D6425391E8C0B3D1C0A55D_NAVCOLLISION_X_7A9E2977443BD93DC__FB6B6CF9526CF201BABA6DE8794D99A3CE2D5A91.udd" 3199
"C:/Users/willi/Documents/GitHub/fnaf-spelet/Content/Assets/office/standardSurface8.uasset" 3200
"C:/Users/willi/AppData/Local/UnrealEngine/Common/DerivedDataCache/3/1/4/STATICMESH_9CE2B6FB46754B699726C4AA1515F12E_228332BAE0224DD294E232B87D83948FQU__4C4144A4A67212F16E5159D46CEF5A2AD1F3113C.udd" 3201
"C:/Users/willi/AppData/Local/UnrealEngine/Common/DerivedDataCache/8/2/4/PHYSX_A08609EF508D460CBB6710540B03AACF_PHYSXPC_C86AF77344ECA073670CF1A837704DF__AB8F1A5315CA4377E5F0D71D65C1DE056B19B9C3.udd" 3202
"C:/Users/willi/AppData/Local/UnrealEngine/Common/DerivedDataCache/5/4/2/NAVCOLLISION_2983273BE5D6425391E8C0B3D1C0A55D_NAVCOLLISION_X_C86AF77344ECA0736__4E1B5F7C784E7A7005EC4DB8A8223D70B21F2127.udd" 3203
"C:/Users/willi/Documents/GitHub/fnaf-spelet/Content/Assets/office/pCube39.uasset" 3204
"C:/Users/willi/AppData/Local/UnrealEngine/Common/DerivedDataCache/6/3/9/STATICMESH_9CE2B6FB46754B699726C4AA1515F12E_228332BAE0224DD294E232B87D83948FQU__8A4010A988C8B0ABA38FE59963BCE312BDF4FFDF.udd" 3205
"C:/Users/willi/AppData/Local/UnrealEngine/Common/DerivedDataCache/3/7/5/PHYSX_A08609EF508D460CBB6710540B03AACF_PHYSXPC_9B2354D545FFBD9721F303A150CBF1D__A7CD6B4F1A0C35B6BCA6639937A79F8D969A03CD.udd" 3206
"C:/Users/willi/AppData/Local/UnrealEngine/Common/DerivedDataCache/6/9/7/NAVCOLLISION_2983273BE5D6425391E8C0B3D1C0A55D_NAVCOLLISION_X_9B2354D545FFBD972__ABF7995E41DBD85A44F8FF014BCAE71DF96560BA.udd" 3207
"C:/Users/willi/Documents/GitHub/fnaf-spelet/Content/Assets/office/pCube38.uasset" 3208
"C:/Users/willi/AppData/Local/UnrealEngine/Common/DerivedDataCache/9/0/2/STATICMESH_9CE2B6FB46754B699726C4AA1515F12E_228332BAE0224DD294E232B87D83948FQU__CEDEC7A894BD4ECDD58555FE5C222A72BBE8394B.udd" 3209
"C:/Users/willi/AppData/Local/UnrealEngine/Common/DerivedDataCache/7/4/7/PHYSX_A08609EF508D460CBB6710540B03AACF_PHYSXPC_D519360D45ECEA8D4FD2D79E2B3163A__A7F3DE7EC200B2F51412A4D984353B43027CCE62.udd" 3210
"C:/Users/willi/AppData/Local/UnrealEngine/Common/DerivedDataCache/1/3/2/NAVCOLLISION_2983273BE5D6425391E8C0B3D1C0A55D_NAVCOLLISION_X_D519360D45ECEA8D4__3D9DC64F590B52834AC2A11CAD181FFAD6682938.udd" 3211
"C:/Users/willi/Documents/GitHub/fnaf-spelet/Content/Assets/office/pCube23.uasset" 3212
"C:/Users/willi/AppData/Local/UnrealEngine/Common/DerivedDataCache/1/9/7/STATICMESH_9CE2B6FB46754B699726C4AA1515F12E_228332BAE0224DD294E232B87D83948FQU__85299572845CE1677C780B84AACBFC8F26FD98DE.udd" 3213
"C:/Users/willi/AppData/Local/UnrealEngine/Common/DerivedDataCache/6/5/8/PHYSX_A08609EF508D460CBB6710540B03AACF_PHYSXPC_26B9EDB94777189A64CD54A49070745__B99D08E7BB1C8D4F66BDE0434FD32E445E388E9E.udd" 3214
"C:/Users/willi/AppData/Local/UnrealEngine/Common/DerivedDataCache/7/3/0/NAVCOLLISION_2983273BE5D6425391E8C0B3D1C0A55D_NAVCOLLISION_X_26B9EDB94777189A6__BB8E43A056FC96B04AC7E66C3754102CFDF08FA7.udd" 3215
"C:/Users/willi/Documents/GitHub/fnaf-spelet/Content/Assets/office/standardSurface25.uasset" 3216
"C:/Users/willi/AppData/Local/UnrealEngine/Common/DerivedDataCache/8/5/2/STATICMESH_9CE2B6FB46754B699726C4AA1515F12E_228332BAE0224DD294E232B87D83948FQU__4550A821F6E5E9B9124EEDEFB9647B0E4AF95E29.udd" 3217
"C:/Users/willi/AppData/Local/UnrealEngine/Common/DerivedDataCache/9/9/0/PHYSX_A08609EF508D460CBB6710540B03AACF_PHYSXPC_ED593CBA4007B7873F740B8CA3DB51D__0B54AA1F06BA6E0616FE3785FB3BEFA258C36CE3.udd" 3218
"C:/Users/willi/AppData/Local/UnrealEngine/Common/DerivedDataCache/1/4/6/NAVCOLLISION_2983273BE5D6425391E8C0B3D1C0A55D_NAVCOLLISION_X_ED593CBA4007B7873__61914DB62206F9D03269F33B7FA672356F79B915.udd" 3219
"C:/Users/willi/Documents/GitHub/fnaf-spelet/Content/Assets/office/pCube2.uasset" 3220
"C:/Users/willi/AppData/Local/UnrealEngine/Common/DerivedDataCache/1/3/7/STATICMESH_9CE2B6FB46754B699726C4AA1515F12E_228332BAE0224DD294E232B87D83948FQU__23413FA22061D514E03C2C9AD6CC03EF8D864ED6.udd" 3221
"C:/Users/willi/AppData/Local/UnrealEngine/Common/DerivedDataCache/8/3/5/PHYSX_A08609EF508D460CBB6710540B03AACF_PHYSXPC_E49E3D7849B789964D2FB6A4F22FF3B__191DA12800AD547D353752DA4A2DE46ED3F20605.udd" 3222
"C:/Users/willi/AppData/Local/UnrealEngine/Common/DerivedDataCache/8/9/9/NAVCOLLISION_2983273BE5D6425391E8C0B3D1C0A55D_NAVCOLLISION_X_E49E3D7849B789964__D331239A57CFFD4306FF3926E284417DABE0F60B.udd" 3223
"C:/Users/willi/Documents/GitHub/fnaf-spelet/Content/Assets/office/standardSurface2.uasset" 3224
"C:/Users/willi/AppData/Local/UnrealEngine/Common/DerivedDataCache/9/4/7/STATICMESH_9CE2B6FB46754B699726C4AA1515F12E_228332BAE0224DD294E232B87D83948FQU__1237FD082492609FA148171FAA8098B3DDC7B436.udd" 3225
"C:/Users/willi/AppData/Local/UnrealEngine/Common/DerivedDataCache/3/7/8/PHYSX_A08609EF508D460CBB6710540B03AACF_PHYSXPC_00AB45BC41D57445C7543E810FD5C54__787D6ADDCC75657731EB3E6E07CD928C43125C67.udd" 3226
"C:/Users/willi/AppData/Local/UnrealEngine/Common/DerivedDataCache/2/7/4/NAVCOLLISION_2983273BE5D6425391E8C0B3D1C0A55D_NAVCOLLISION_X_00AB45BC41D57445C__DF9BCD7EF211D7D17DA0DDF6D312761F7BE2AC07.udd" 3227
"C:/Users/willi/Documents/GitHub/fnaf-spelet/Content/Assets/office/pCube179.uasset" 3228
"C:/Users/willi/AppData/Local/UnrealEngine/Common/DerivedDataCache/7/1/8/STATICMESH_9CE2B6FB46754B699726C4AA1515F12E_228332BAE0224DD294E232B87D83948FQU__1F6870C8928A56EF260ADDE8A28BE3B0CF888822.udd" 3229
"C:/Users/willi/AppData/Local/UnrealEngine/Common/DerivedDataCache/3/6/4/PHYSX_A08609EF508D460CBB6710540B03AACF_PHYSXPC_83D6F11F4ECCE41DF4EAA69CFC842AD__AF93540A5E6D8D9D80E8869F63CD54ACE3FD12A2.udd" 3230
"C:/Users/willi/AppData/Local/UnrealEngine/Common/DerivedDataCache/0/2/9/NAVCOLLISION_2983273BE5D6425391E8C0B3D1C0A55D_NAVCOLLISION_X_83D6F11F4ECCE41DF__2FAA466C20754C35512BD6D3480C983352022BB5.udd" 3231
"C:/Users/willi/Documents/GitHub/fnaf-spelet/Content/Assets/office/pCube178.uasset" 3232
"C:/Users/willi/AppData/Local/UnrealEngine/Common/DerivedDataCache/4/1/9/STATICMESH_9CE2B6FB46754B699726C4AA1515F12E_228332BAE0224DD294E232B87D83948FQU__2E29EABFD9C4C4384833538AB2C4CB8CCD89E238.udd" 3233
"C:/Users/willi/AppData/Local/UnrealEngine/Common/DerivedDataCache/9/8/9/PHYSX_A08609EF508D460CBB6710540B03AACF_PHYSXPC_710FD71D4431E76D1B01D4B5FC21264__C66DD5D6390B6EDD1EF2BB8EFAA97F2B1E2A0544.udd" 3234
"C:/Users/willi/AppData/Local/UnrealEngine/Common/DerivedDataCache/0/0/3/NAVCOLLISION_2983273BE5D6425391E8C0B3D1C0A55D_NAVCOLLISION_X_710FD71D4431E76D1__75A908839284D1D5B05D34742163F3E8C48CBF51.udd" 3235
"C:/Users/willi/Documents/GitHub/fnaf-spelet/Content/Assets/office/pCube175.uasset" 3236
"C:/Users/willi/Documents/GitHub/fnaf-spelet/Content/Assets/office/pCube174.uasset" 3237
"C:/Users/willi/AppData/Local/UnrealEngine/Common/DerivedDataCache/1/5/8/STATICMESH_9CE2B6FB46754B699726C4AA1515F12E_228332BAE0224DD294E232B87D83948FQU__97A17A4F753577C1D35099F81BFFA88617E5E61E.udd" 3238
"C:/Users/willi/AppData/Local/UnrealEngine/Common/DerivedDataCache/3/9/9/PHYSX_A08609EF508D460CBB6710540B03AACF_PHYSXPC_F1CCF17A4823AF7D22E0CDBA7BAD20D__D24079560478F47966230D9608CCC3326549E2A8.udd" 3239
"C:/Users/willi/AppData/Local/UnrealEngine/Common/DerivedDataCache/7/1/6/NAVCOLLISION_2983273BE5D6425391E8C0B3D1C0A55D_NAVCOLLISION_X_F1CCF17A4823AF7D2__23DFE0EE50EE6DB0C96DF343F1B04E1D31B696C5.udd" 3240
"C:/Users/willi/Documents/GitHub/fnaf-spelet/Content/Assets/office/pCube177.uasset" 3241
"C:/Users/willi/Documents/GitHub/fnaf-spelet/Content/Assets/office/pCube173.uasset" 3242
"C:/Users/willi/Documents/GitHub/fnaf-spelet/Content/Assets/office/standardSurface10.uasset" 3243
"C:/Users/willi/AppData/Local/UnrealEngine/Common/DerivedDataCache/0/7/1/STATICMESH_9CE2B6FB46754B699726C4AA1515F12E_228332BAE0224DD294E232B87D83948FQU__2D309ED7CC7BB9A5E63DDC1F76CD828626F471B4.udd" 3244
"C:/Users/willi/AppData/Local/UnrealEngine/Common/DerivedDataCache/7/9/9/PHYSX_A08609EF508D460CBB6710540B03AACF_PHYSXPC_EC50DF494E2D30E44CB784A85D86B2E__AE23124E2BAAE2FEB4876A06F187CCD32EC96E51.udd" 3245
"C:/Users/willi/AppData/Local/UnrealEngine/Common/DerivedDataCache/0/7/5/NAVCOLLISION_2983273BE5D6425391E8C0B3D1C0A55D_NAVCOLLISION_X_EC50DF494E2D30E44__4C832C2F624A2C8A2877AD4CA2380464D9E29222.udd" 3246
"C:/Users/willi/Documents/GitHub/fnaf-spelet/Content/Assets/office/pCube12.uasset" 3247
"C:/Users/willi/AppData/Local/UnrealEngine/Common/DerivedDataCache/4/3/8/STATICMESH_9CE2B6FB46754B699726C4AA1515F12E_228332BAE0224DD294E232B87D83948FQU__60690A79543794BE58AB235C0DB5D8318F133A60.udd" 3248
"C:/Users/willi/AppData/Local/UnrealEngine/Common/DerivedDataCache/7/5/4/PHYSX_A08609EF508D460CBB6710540B03AACF_PHYSXPC_871D7B414DF007BA164C49975AA44B7__CD9E8A63142DC6CF26675F29448BD6A094767522.udd" 3249
"C:/Users/willi/AppData/Local/UnrealEngine/Common/DerivedDataCache/0/4/7/NAVCOLLISION_2983273BE5D6425391E8C0B3D1C0A55D_NAVCOLLISION_X_871D7B414DF007BA1__E723FB5079DC636C14F9286A88341A94BF854AFD.udd" 3250
"C:/Users/willi/Documents/GitHub/fnaf-spelet/Content/Assets/office/pCube11.uasset" 3251
"C:/Users/willi/Documents/GitHub/fnaf-spelet/Content/Assets/office/pCube1.uasset" 3252
"C:/Users/willi/AppData/Local/UnrealEngine/Common/DerivedDataCache/6/6/9/STATICMESH_9CE2B6FB46754B699726C4AA1515F12E_228332BAE0224DD294E232B87D83948FQU__6E490388696847DDCEB31D8ED4FEF42E3572CA45.udd" 3253
"C:/Users/willi/AppData/Local/UnrealEngine/Common/DerivedDataCache/3/5/3/PHYSX_A08609EF508D460CBB6710540B03AACF_PHYSXPC_E56C91D54F26D68B5A9BBEA247CB329__F5A20033EC3C2FFC08BC4874ADC847620E1711E5.udd" 3254
"C:/Users/willi/AppData/Local/UnrealEngine/Common/DerivedDataCache/4/1/1/NAVCOLLISION_2983273BE5D6425391E8C0B3D1C0A55D_NAVCOLLISION_X_E56C91D54F26D68B5__72861C31BC69068F9A82AB1A5D097C905152C0EA.udd" 3255
"C:/Users/willi/Documents/GitHub/fnaf-spelet/Content/Assets/office/pCylinder19.uasset" 3256
"C:/Users/willi/AppData/Local/UnrealEngine/Common/DerivedDataCache/6/2/9/STATICMESH_9CE2B6FB46754B699726C4AA1515F12E_228332BAE0224DD294E232B87D83948FQU__41D7A5D4BD47434D6A6F14305B58F90F59FE9B32.udd" 3257
"C:/Users/willi/AppData/Local/UnrealEngine/Common/DerivedDataCache/3/4/1/PHYSX_A08609EF508D460CBB6710540B03AACF_PHYSXPC_C8623B2E4E9BDB0C9D4F1699529DDB9__015EE90536678AF6F298A4DD998CAEED1762A9E2.udd" 3258
"C:/Users/willi/AppData/Local/UnrealEngine/Common/DerivedDataCache/3/2/6/NAVCOLLISION_2983273BE5D6425391E8C0B3D1C0A55D_NAVCOLLISION_X_C8623B2E4E9BDB0C9__7685639505D01ED76C16FA4EA60F531965B18BFE.udd" 3259
"C:/Users/willi/Documents/GitHub/fnaf-spelet/Content/Materials/M_Monitor.uasset" 3260
"C:/Users/willi/AppData/Local/UnrealEngine/Common/DerivedDataCache/4/0/9/STATICMESH_9CE2B6FB46754B699726C4AA1515F12E_228332BAE0224DD294E232B87D83948FQU__C96625DFF7E9E0ECFF9EBEB4A209FC7C2D69FD32.udd" 3261
"C:/Users/willi/AppData/Local/UnrealEngine/Common/DerivedDataCache/9/9/0/PHYSX_A08609EF508D460CBB6710540B03AACF_PHYSXPC_233474334EF28355D9F8099DD1EBF62__57DDF4D3E50156C8CD023E67CEC14DEF2475F2FA.udd" 3262
"C:/Users/willi/AppData/Local/UnrealEngine/Common/DerivedDataCache/5/8/1/NAVCOLLISION_2983273BE5D6425391E8C0B3D1C0A55D_NAVCOLLISION_X_233474334EF28355D__79CB44AFF703D11C00743D7090F583199DAE30A2.udd" 3263
"C:/Users/willi/Documents/GitHub/fnaf-spelet/Content/Materials/M_Desk.uasset" 3264
"C:/Users/willi/Documents/GitHub/fnaf-spelet/Content/Assets/office/FbxScene_office.uasset" 3265
"C:/Users/willi/AppData/Local/UnrealEngine/Common/DerivedDataCache/8/0/2/STATICMESH_9CE2B6FB46754B699726C4AA1515F12E_228332BAE0224DD294E232B87D83948FQU__6B8A249A8E6EAE3F28FE687001FE12627334FE44.udd" 3266
"C:/Users/willi/AppData/Local/UnrealEngine/Common/DerivedDataCache/8/0/1/PHYSX_A08609EF508D460CBB6710540B03AACF_PHYSXPC_0C46E5EB4AAF265B71B1CBAFD1557DC__07EA083D69095F215658D059FC7DDA19C4DF5EFA.udd" 3267
"C:/Users/willi/AppData/Local/UnrealEngine/Common/DerivedDataCache/6/7/2/NAVCOLLISION_2983273BE5D6425391E8C0B3D1C0A55D_NAVCOLLISION_X_0C46E5EB4AAF265B7__2EA3AC333C93FFD206FAD7B7364420AF4895A1B1.udd" 3268
"C:/Users/willi/Documents/GitHub/fnaf-spelet/Content/Levels/Game.umap" 3269
"C:/Users/willi/AppData/Local/UnrealEngine/Common/DerivedDataCache/7/1/2/STATICMESH_9CE2B6FB46754B699726C4AA1515F12E_228332BAE0224DD294E232B87D83948FQU__DDD01801F8653F6B77B26D6C40601CCB30D4D064.udd" 3270
"C:/Users/willi/AppData/Local/UnrealEngine/Common/DerivedDataCache/5/9/7/PHYSX_A08609EF508D460CBB6710540B03AACF_PHYSXPC_A04460D9484248067A7380B2BA8C1CA__7C1725A461B5684D1155CED1BC3BE612EB545DA8.udd" 3271
"C:/Users/willi/AppData/Local/UnrealEngine/Common/DerivedDataCache/2/0/6/NAVCOLLISION_2983273BE5D6425391E8C0B3D1C0A55D_NAVCOLLISION_X_A04460D9484248067__4FA11647771FDC69CFD4DC0A0C21427FC0CB9964.udd" 3272
"C:/Users/willi/AppData/Local/UnrealEngine/Common/DerivedDataCache/6/8/5/STATICMESH_9CE2B6FB46754B699726C4AA1515F12E_228332BAE0224DD294E232B87D83948FQU__DCEE262134DFE7164DCEACCCE195E9B646D054EA.udd" 3273
"C:/Users/willi/AppData/Local/UnrealEngine/Common/DerivedDataCache/9/4/4/PHYSX_A08609EF508D460CBB6710540B03AACF_PHYSXPC_0CF3B3D646761F56238398A94F8554C__D5503CDD227C659BDD997C7121DDE3C3143F2CF5.udd" 3274
"C:/Users/willi/AppData/Local/UnrealEngine/Common/DerivedDataCache/4/3/3/NAVCOLLISION_2983273BE5D6425391E8C0B3D1C0A55D_NAVCOLLISION_X_0CF3B3D646761F562__9D33B219C9A9A7AA59AE52C2BD47C3E666621D1E.udd" 3275
"C:/Users/willi/AppData/Local/UnrealEngine/Common/DerivedDataCache/4/1/8/STATICMESH_9CE2B6FB46754B699726C4AA1515F12E_228332BAE0224DD294E232B87D83948FQU__FF0E064FFCD33E414980B448AB5917A532A8842F.udd" 3276
"C:/Users/willi/AppData/Local/UnrealEngine/Common/DerivedDataCache/8/8/6/PHYSX_A08609EF508D460CBB6710540B03AACF_PHYSXPC_719CD0A84044F4D82851A4967F472AC__2FC3862B85CDF0225CC072AD8071E76774D6C25B.udd" 3277
"C:/Users/willi/AppData/Local/UnrealEngine/Common/DerivedDataCache/5/5/2/NAVCOLLISION_2983273BE5D6425391E8C0B3D1C0A55D_NAVCOLLISION_X_719CD0A84044F4D82__D0404083925B7F25984B34C4EA48E5A360E88AFB.udd" 3278
"C:/Users/willi/AppData/Local/UnrealEngine/Common/DerivedDataCache/5/2/3/STATICMESH_9CE2B6FB46754B699726C4AA1515F12E_228332BAE0224DD294E232B87D83948FQU__C973C5FD28E36A38A0C124D96A1E8925EF278183.udd" 3279
"C:/Users/willi/AppData/Local/UnrealEngine/Common/DerivedDataCache/1/3/0/PHYSX_A08609EF508D460CBB6710540B03AACF_PHYSXPC_EE3A0B3246DFBFF2D9E39987BA1D965__49B6F2C76D1CD30B68C66795BF7F22A5FD2118F9.udd" 3280
"C:/Users/willi/AppData/Local/UnrealEngine/Common/DerivedDataCache/9/0/8/NAVCOLLISION_2983273BE5D6425391E8C0B3D1C0A55D_NAVCOLLISION_X_EE3A0B3246DFBFF2D__52E2E985D9D2E96EAC650E41930FA38E63FFA701.udd" 3281
"C:/Users/willi/AppData/Local/UnrealEngine/Common/DerivedDataCache/8/1/6/STATICMESH_9CE2B6FB46754B699726C4AA1515F12E_228332BAE0224DD294E232B87D83948FQU__6EEEACF30AC8DACBDA2A65BBBBE59C2DFF9E4391.udd" 3282
"C:/Users/willi/AppData/Local/UnrealEngine/Common/DerivedDataCache/8/3/3/PHYSX_A08609EF508D460CBB6710540B03AACF_PHYSXPC_5A46A50F4B7E99026D2065B0423BB09__7078CB9AC7E135036240092A4E6E6E839CC49BAB.udd" 3283
"C:/Users/willi/AppData/Local/UnrealEngine/Common/DerivedDataCache/7/6/1/NAVCOLLISION_2983273BE5D6425391E8C0B3D1C0A55D_NAVCOLLISION_X_5A46A50F4B7E99026__39BB1D39E79B1FE283D0CF6E8CE73866F06FB284.udd" 3284
"C:/Users/willi/AppData/Local/UnrealEngine/Common/DerivedDataCache/6/0/6/STATICMESH_9CE2B6FB46754B699726C4AA1515F12E_228332BAE0224DD294E232B87D83948FQU__F3A59747BF54787239CE9E7EC8E09FFE32520450.udd" 3285
"C:/Users/willi/AppData/Local/UnrealEngine/Common/DerivedDataCache/1/2/0/PHYSX_A08609EF508D460CBB6710540B03AACF_PHYSXPC_14CFA24C4FDC68E3EF0480A301BDC54__E729447FD2A0F9BB855AD70C78B96383F0DF298F.udd" 3286
"C:/Users/willi/AppData/Local/UnrealEngine/Common/DerivedDataCache/2/4/8/NAVCOLLISION_2983273BE5D6425391E8C0B3D1C0A55D_NAVCOLLISION_X_14CFA24C4FDC68E3E__59FD188E4DD06F5007EFC603AD511B399B1993E8.udd" 3287
"C:/Users/willi/AppData/Local/UnrealEngine/Common/DerivedDataCache/9/7/7/TEXTURE_E01F4250BECD420DA9CE63B5EECEC2C2_BGRA8_7E2B1897469CE926625AFFBB39F6A71__B713BC74A3E70AD82C1401135BC50A70CCA45C6E.udd" 3288
"C:/Users/willi/AppData/Local/UnrealEngine/Common/DerivedDataCache/0/0/9/TEXTURE_E01F4250BECD420DA9CE63B5EECEC2C2_BGRA8_A1B5DDB6442EEA29AC38BD91CA9A7CF__EDE439A2F030DCF34548F7132E9D18B5EC7A8C3D.udd" 3289
"C:/Users/willi/AppData/Local/UnrealEngine/Common/DerivedDataCache/6/2/7/TEXTURE_E01F4250BECD420DA9CE63B5EECEC2C2_BGRA8_0135020D4DBACF822C33CFA20264F33__DE8BE0E30C1D1063578117B44B9CD37573EFEB68.udd" 3290
"C:/Users/willi/AppData/Local/UnrealEngine/Common/DerivedDataCache/8/8/0/TEXTURE_E01F4250BECD420DA9CE63B5EECEC2C2_BGRA8_496C42A041ACAE5A94D1A697CB217F9__5805754357BE7F8B6A83F260E924E3035DF1C32C.udd" 3291
"C:/Users/willi/AppData/Local/UnrealEngine/Common/DerivedDataCache/5/1/6/TEXTURE_E01F4250BECD420DA9CE63B5EECEC2C2_BGRA8_4A30A2774ABB5E85E22B1A88F4B89CF__F6850B6434DDD8E65259FA2294826BA6AD1EE4C5.udd" 3292
"C:/Users/willi/AppData/Local/UnrealEngine/Common/DerivedDataCache/4/4/2/TEXTURE_E01F4250BECD420DA9CE63B5EECEC2C2_BGRA8_19C559AF4C6C17854CE6A48EAF2AA1D__0B800CCD1390B67B930EFD9656945CAF46FB9350.udd" 3293
"C:/Users/willi/AppData/Local/UnrealEngine/Common/DerivedDataCache/3/9/6/TEXTURE_E01F4250BECD420DA9CE63B5EECEC2C2_BGRA8_1B253E384AFC9675253761A7A5287E8__47D6D86DB75F51D2C1D1E3BBC6B626E081DFD9E9.udd" 3294
"C:/Users/willi/AppData/Local/UnrealEngine/Common/DerivedDataCache/7/4/0/TEXTURE_E01F4250BECD420DA9CE63B5EECEC2C2_BGRA8_C6DCF12F4F703FD675354D984B2ADB6__107EE2358895392F008F417F3AFBA87C230DE8AB.udd" 3295
"C:/Users/willi/AppData/Local/UnrealEngine/Common/DerivedDataCache/6/9/1/TEXTURE_E01F4250BECD420DA9CE63B5EECEC2C2_BGRA8_ABED5E054F4E606C1B0CF491E103B01__EDB04B9F6DFB3EE53E91878696C445FB1240F89B.udd" 3296
"C:/Users/willi/AppData/Local/UnrealEngine/Common/DerivedDataCache/6/0/0/TEXTURE_E01F4250BECD420DA9CE63B5EECEC2C2_BGRA8_09112CEB4280A8674CD926B95C1477C__409603FDF4C9CB6719C69C8584E6FD13E268414D.udd" 3297
"C:/Users/willi/AppData/Local/UnrealEngine/Common/DerivedDataCache/6/0/8/TEXTURE_E01F4250BECD420DA9CE63B5EECEC2C2_BGRA8_99EB2A4B4CDABEEC2586429B5034EE3__DC1389D1512FF3B167E57F274339070570D96463.udd" 3298
"C:/Users/willi/AppData/Local/UnrealEngine/Common/DerivedDataCache/0/0/4/TEXTURE_E01F4250BECD420DA9CE63B5EECEC2C2_BGRA8_60BFDD894D54201475B1D083512D074__286D7AA855EDC6C4BEAE0C3EE64A35FBB192DD7D.udd" 3299
"C:/Users/willi/AppData/Local/UnrealEngine/Common/DerivedDataCache/4/2/4/TEXTURE_E01F4250BECD420DA9CE63B5EECEC2C2_BGRA8_D5EE007941169358A181739620BEDA8__BB02EE4F5FBFAE077499967C1B465BE7F4FC4859.udd" 3300
"C:/Users/willi/AppData/Local/UnrealEngine/Common/DerivedDataCache/7/0/0/TEXTURE_E01F4250BECD420DA9CE63B5EECEC2C2_BGRA8_DF1192AE4F71B2B79E3E9E9392864E3__48CE2AD7016F544F661B17E8154E1704074D9C57.udd" 3301
"C:/Users/willi/AppData/Local/UnrealEngine/Common/DerivedDataCache/7/3/9/TEXTURE_E01F4250BECD420DA9CE63B5EECEC2C2_BGRA8_E5A58D904C4AFA87BC1F37A53044442__F3D011E7383F352D39A51BFFBC75FD12CA758E37.udd" 3302
"C:/Users/willi/AppData/Local/UnrealEngine/Common/DerivedDataCache/2/7/3/TEXTURE_E01F4250BECD420DA9CE63B5EECEC2C2_BGRA8_D49B307F4C1D7DD285F1D882164571C__93CECC18CB417532CA432882AA6B8DAAAA3E5C40.udd" 3303
"C:/Users/willi/AppData/Local/UnrealEngine/Common/DerivedDataCache/1/3/0/TEXTURE_E01F4250BECD420DA9CE63B5EECEC2C2_BGRA8_4FB1A937467A5754F9CBFEAD45057DB__7897430EF0C78C6D55ECD7EB09C685E6537495B0.udd" 3304
"C:/Users/willi/AppData/Local/UnrealEngine/Common/DerivedDataCache/2/2/8/TEXTURE_E01F4250BECD420DA9CE63B5EECEC2C2_BGRA8_5B3957CA4920A8BE7364D4B1D39F3E8__E34F7DCB2C682844C30715B7E4DBEF20580A130C.udd" 3305
"C:/Users/willi/AppData/Local/UnrealEngine/Common/DerivedDataCache/8/6/1/TEXTURE_E01F4250BECD420DA9CE63B5EECEC2C2_BGRA8_9A1C1BDF490E22384277E780F7E7C42__79B2EC00DCC34BFF5447D9C593F9CE0F1BB1C39F.udd" 3306
"C:/Users/willi/AppData/Local/UnrealEngine/Common/DerivedDataCache/5/3/1/TEXTURE_E01F4250BECD420DA9CE63B5EECEC2C2_BGRA8_CD3AB8BE45DF13FE4DA14CB9AF905BF__B40862D37E86102658B71EEA28653702294131D8.udd" 3307
"C:/Users/willi/AppData/Local/UnrealEngine/Common/DerivedDataCache/4/4/7/TEXTURE_E01F4250BECD420DA9CE63B5EECEC2C2_BGRA8_A59918C749FE5A3937327286DABAF01__0428A36F3569295A1717D35D4FD4F93FECD545E8.udd" 3308
"C:/Users/willi/AppData/Local/UnrealEngine/Common/DerivedDataCache/1/3/3/TEXTURE_E01F4250BECD420DA9CE63B5EECEC2C2_BGRA8_3E0ECCC7451883D30E472F986C25680__8C741B835FD2030F2E73D75AF6AA82FD288578E1.udd" 3309
"C:/Users/willi/AppData/Local/UnrealEngine/Common/DerivedDataCache/6/2/9/TEXTURE_E01F4250BECD420DA9CE63B5EECEC2C2_BGRA8_ED586BA642C5E8D6A045D484BADC03C__D151C5E3377A7410715CB3F3836D4CA9AEC01E45.udd" 3310
"C:/Users/willi/AppData/Local/UnrealEngine/Common/DerivedDataCache/2/4/3/TEXTURE_E01F4250BECD420DA9CE63B5EECEC2C2_BGRA8_4029D2344EB5119BB21052AADFB50AE__72E5C3FE3CC8BB624BD4CB170D4BC812BDA9CD99.udd" 3311
"C:/Users/willi/AppData/Local/UnrealEngine/Common/DerivedDataCache/6/9/9/TEXTURE_E01F4250BECD420DA9CE63B5EECEC2C2_BGRA8_C701A1FA4FC4D37DD96A829F8B01380__9E5F9D90F53348040C2E2F5D061702BEAC40FC58.udd" 3312
"C:/Users/willi/AppData/Local/UnrealEngine/Common/DerivedDataCache/2/7/2/TEXTURE_E01F4250BECD420DA9CE63B5EECEC2C2_BGRA8_D3F7AB3B43C2661122003A91BDCB8AC__48985AA2769E285517627DF6F393A933DA006B9F.udd" 3313
"C:/Users/willi/AppData/Local/UnrealEngine/Common/DerivedDataCache/9/7/6/TEXTURE_E01F4250BECD420DA9CE63B5EECEC2C2_BGRA8_FC04A22D48F9DA61763668B1B5BF3C7__ADFCD45AE197379F438ACF69E06FC35AAD699F71.udd" 3314
"C:/Users/willi/AppData/Local/UnrealEngine/Common/DerivedDataCache/6/4/5/TEXTURE_E01F4250BECD420DA9CE63B5EECEC2C2_BGRA8_FD6F83264CBDBF9CEFF0D2931F31A88__4AE1538FFAE73C9548929DA31EAC0FBE517F97E1.udd" 3315
"C:/Users/willi/AppData/Local/UnrealEngine/Common/DerivedDataCache/4/8/3/TEXTURE_E01F4250BECD420DA9CE63B5EECEC2C2_BGRA8_3E916D5D4A1B7120AFB3E1A2715ACA1__AE09B803753D474CBCD3F42A205F544C80383603.udd" 3316
"C:/Users/willi/AppData/Local/UnrealEngine/Common/DerivedDataCache/7/9/8/TEXTURE_E01F4250BECD420DA9CE63B5EECEC2C2_BGRA8_C58CB3D44521B849457A82AAC7FC7D4__D9B4EAF4E2F2C6EC7BCB781D99C6775DDC1B53B2.udd" 3317
"C:/Users/willi/AppData/Local/UnrealEngine/Common/DerivedDataCache/6/3/0/TEXTURE_E01F4250BECD420DA9CE63B5EECEC2C2_BGRA8_269C5A5B4F5FDD0269DA8FA7E0A39FD__1D9DD2B3BDD61DCB3F7C519E3A0DEFB35A9A955C.udd" 3318
"C:/Users/willi/AppData/Local/UnrealEngine/Common/DerivedDataCache/1/0/0/TEXTURE_E01F4250BECD420DA9CE63B5EECEC2C2_BGRA8_8D12DBB64BC4144CD22519B68D42468__3392E0796E1B932BFEAA933FDE8FBCE71FBB3EC4.udd" 3319
"C:/Users/willi/AppData/Local/UnrealEngine/Common/DerivedDataCache/9/5/0/TEXTURE_E01F4250BECD420DA9CE63B5EECEC2C2_BGRA8_17FC4E3247F52DE3FB1A11AEB9B512F__026A05920D921CFF4420786AB92A1C687B3921F4.udd" 3320
"C:/Users/willi/AppData/Local/UnrealEngine/Common/DerivedDataCache/3/4/9/TEXTURE_E01F4250BECD420DA9CE63B5EECEC2C2_BGRA8_86220C694D5ACC56E1AC54A0E0684C9__A347791AA90A5B1CDDC26E0B2C5D71AB99A15185.udd" 3321
"C:/Users/willi/AppData/Local/UnrealEngine/Common/DerivedDataCache/1/2/0/TEXTURE_E01F4250BECD420DA9CE63B5EECEC2C2_BGRA8_4B0A281745CC69149E08B3BFC368E74__EE4EC80E84BC18E2DAC614C402FD3208021D4CC1.udd" 3322
"C:/Users/willi/AppData/Local/UnrealEngine/Common/DerivedDataCache/3/7/6/TEXTURE_E01F4250BECD420DA9CE63B5EECEC2C2_BGRA8_7EA1B3564EC60BBD64691ABE3932794__145C59F21D653454F2B8B65425F4CE3DAB980951.udd" 3323
"C:/Users/willi/AppData/Local/UnrealEngine/Common/DerivedDataCache/8/9/8/TEXTURE_E01F4250BECD420DA9CE63B5EECEC2C2_BGRA8_063E756F4B37B702420EF08C747694D__01DB9ECC93C3D839CC4ABC99C4EAE0347A95E14E.udd" 3324
"C:/Users/willi/AppData/Local/UnrealEngine/Common/DerivedDataCache/1/0/4/TEXTURE_E01F4250BECD420DA9CE63B5EECEC2C2_BGRA8_87C00384412F5A0D69C961B3E289D44__5A1D30AB927553D00FE6433CF78C23210995999C.udd" 3325
"C:/Users/willi/AppData/Local/UnrealEngine/Common/DerivedDataCache/2/5/9/TEXTURE_E01F4250BECD420DA9CE63B5EECEC2C2_BGRA8_F20CC7C14A8C95BCBE6E7880A33ADFA__11EA53AE6DC9E3599A638CAEB0C3A890B2A8A9E1.udd" 3326
"C:/Users/willi/AppData/Local/UnrealEngine/Common/DerivedDataCache/0/2/9/TEXTURE_E01F4250BECD420DA9CE63B5EECEC2C2_BGRA8_2E91F95646C4CB668BE33F8411E9A2B__1628565ECAEDD320EA12C8A43A21942DA5827A5F.udd" 3327
"C:/Users/willi/AppData/Local/UnrealEngine/Common/DerivedDataCache/4/0/9/TEXTURE_E01F4250BECD420DA9CE63B5EECEC2C2_BGRA8_27B4BB6C41B63C563C9A2CB66C64149__E7F175535FFFE9F6816577EE13F2E91DD22D5862.udd" 3328
"C:/Users/willi/AppData/Local/UnrealEngine/Common/DerivedDataCache/5/3/9/TEXTURE_E01F4250BECD420DA9CE63B5EECEC2C2_BGRA8_BA1B7723463AF4D329BC678A8A84A4D__1F4A3564C7E07EE77601EBB5C7CC1202BC9ED4F3.udd" 3329
"C:/Users/willi/AppData/Local/UnrealEngine/Common/DerivedDataCache/5/0/6/TEXTURE_E01F4250BECD420DA9CE63B5EECEC2C2_BGRA8_0C8AD5F64F1BEBB6603F5CA86B854C1__B6A25CFC4EE46FF78B7AF32FC783066E3345295D.udd" 3330
"C:/Users/willi/AppData/Local/UnrealEngine/Common/DerivedDataCache/1/1/1/TEXTURE_E01F4250BECD420DA9CE63B5EECEC2C2_BGRA8_0723562944296778CA53DBB4E2D3FDE__821A2CCC61EFD80F359CF0C4E6898FAE786CEEA4.udd" 3331
"../../../Engine/Content/EditorResources/EmptyActor.uasset" 3332
"C:/Users/willi/AppData/Local/UnrealEngine/Common/DerivedDataCache/0/2/6/PHYSX_PHYSXPC_FULL_CC58B9FA08AD47E3BF06976E60B693C3_671C4928F291791E0E9ADF4A08686776.udd" 3333
"C:/Users/willi/AppData/Local/UnrealEngine/Common/DerivedDataCache/1/0/4/PHYSX_PHYSXPC_VIS_CC58B9FA08AD47E3BF06976E60B693C3_7E68BBB443DB2C7862CF35AB6350D5F7.udd" 3334
"C:/Users/willi/AppData/Local/UnrealEngine/Common/DerivedDataCache/5/2/4/PHYSX_PHYSXPC_FULL_CC58B9FA08AD47E3BF06976E60B693C3_0F7C5FF0DB1F5AFF094150290D7931D9.udd" 3335
"C:/Users/willi/AppData/Local/UnrealEngine/Common/DerivedDataCache/2/2/0/PHYSX_PHYSXPC_VIS_CC58B9FA08AD47E3BF06976E60B693C3_55D856DB44A234C0B4C67AAA6E94AFEA.udd" 3336
"C:/Users/willi/AppData/Local/UnrealEngine/Common/DerivedDataCache/7/1/3/PHYSX_PHYSXPC_FULL_CC58B9FA08AD47E3BF06976E60B693C3_F81FA2FF7416C521185E0B5ACE1F15A6.udd" 3337
"C:/Users/willi/AppData/Local/UnrealEngine/Common/DerivedDataCache/0/7/9/PHYSX_PHYSXPC_VIS_CC58B9FA08AD47E3BF06976E60B693C3_7D9455D945EA64AA7B542FB4DD74AD4E.udd" 3338
"C:/Users/willi/AppData/Local/UnrealEngine/Common/DerivedDataCache/8/2/3/PHYSX_PHYSXPC_FULL_CC58B9FA08AD47E3BF06976E60B693C3_152ECABB1929ADED09A64091C2FA3685.udd" 3339
"C:/Users/willi/AppData/Local/UnrealEngine/Common/DerivedDataCache/7/4/3/PHYSX_PHYSXPC_VIS_CC58B9FA08AD47E3BF06976E60B693C3_699C99F945C42575A5E8468A78AE9F75.udd" 3340
"C:/Users/willi/AppData/Local/UnrealEngine/Common/DerivedDataCache/7/6/2/PHYSX_PHYSXPC_FULL_CC58B9FA08AD47E3BF06976E60B693C3_CD7A78FDAAE818E03713EAC50B54B462.udd" 3341
"C:/Users/willi/AppData/Local/UnrealEngine/Common/DerivedDataCache/9/6/1/PHYSX_PHYSXPC_VIS_CC58B9FA08AD47E3BF06976E60B693C3_5B6C4D6841B3DC279DE5BD8842FDBAAD.udd" 3342
"C:/Users/willi/AppData/Local/UnrealEngine/Common/DerivedDataCache/7/9/1/PHYSX_PHYSXPC_FULL_CC58B9FA08AD47E3BF06976E60B693C3_FAEA0042C1CAA0645938305DED4D8BF1.udd" 3343
"C:/Users/willi/AppData/Local/UnrealEngine/Common/DerivedDataCache/8/8/3/PHYSX_PHYSXPC_VIS_CC58B9FA08AD47E3BF06976E60B693C3_C8EF02614A59B8A03F9997A20E5342B4.udd" 3344
"C:/Users/willi/AppData/Local/UnrealEngine/Common/DerivedDataCache/9/0/2/PHYSX_PHYSXPC_FULL_CC58B9FA08AD47E3BF06976E60B693C3_0CFD3BA73E35A41167D494DA32E3E8E4.udd" 3345
"C:/Users/willi/AppData/Local/UnrealEngine/Common/DerivedDataCache/4/3/6/PHYSX_PHYSXPC_VIS_CC58B9FA08AD47E3BF06976E60B693C3_52CEBD3F4299B4358D56B8B9EE7838E7.udd" 3346
"C:/Users/willi/AppData/Local/UnrealEngine/Common/DerivedDataCache/8/7/7/PHYSX_PHYSXPC_FULL_CC58B9FA08AD47E3BF06976E60B693C3_88A65A3EBB8719BF77E0BBDF552FFA2F.udd" 3347
"C:/Users/willi/AppData/Local/UnrealEngine/Common/DerivedDataCache/6/1/6/PHYSX_PHYSXPC_VIS_CC58B9FA08AD47E3BF06976E60B693C3_590EBA3B451F997DDF17749C44D7BA61.udd" 3348
"C:/Users/willi/AppData/Local/UnrealEngine/Common/DerivedDataCache/0/5/0/PHYSX_PHYSXPC_FULL_CC58B9FA08AD47E3BF06976E60B693C3_9E0F89DDDA66F162B735B1A0602D76E1.udd" 3349
"C:/Users/willi/AppData/Local/UnrealEngine/Common/DerivedDataCache/2/0/2/PHYSX_PHYSXPC_VIS_CC58B9FA08AD47E3BF06976E60B693C3_CCE6A606442FB00B68F512BECBC3E65C.udd" 3350
"C:/Users/willi/AppData/Local/UnrealEngine/Common/DerivedDataCache/3/1/9/PHYSX_PHYSXPC_FULL_CC58B9FA08AD47E3BF06976E60B693C3_7214BE5D3228FBE54BAF99468DF9CCA0.udd" 3351
"C:/Users/willi/AppData/Local/UnrealEngine/Common/DerivedDataCache/8/7/1/PHYSX_PHYSXPC_VIS_CC58B9FA08AD47E3BF06976E60B693C3_B6C8094D4755B11B0330E9809609AD83.udd" 3352
"C:/Users/willi/AppData/Local/UnrealEngine/Common/DerivedDataCache/2/2/3/PHYSX_PHYSXPC_FULL_CC58B9FA08AD47E3BF06976E60B693C3_A072977773A8BA1112F5783098B624F9.udd" 3353
"C:/Users/willi/AppData/Local/UnrealEngine/Common/DerivedDataCache/0/4/5/PHYSX_PHYSXPC_VIS_CC58B9FA08AD47E3BF06976E60B693C3_1EF69AAD4381C964E6560CAD20489138.udd" 3354
"C:/Users/willi/AppData/Local/UnrealEngine/Common/DerivedDataCache/9/8/2/PHYSX_PHYSXPC_FULL_CC58B9FA08AD47E3BF06976E60B693C3_97AD5360DEDC6F9815D19E40E68B0ABD.udd" 3355
"C:/Users/willi/AppData/Local/UnrealEngine/Common/DerivedDataCache/3/9/2/PHYSX_PHYSXPC_VIS_CC58B9FA08AD47E3BF06976E60B693C3_A0DD85A943C3D985E146D6B98D511CBA.udd" 3356
"C:/Users/willi/AppData/Local/UnrealEngine/Common/DerivedDataCache/7/4/1/PHYSX_PHYSXPC_FULL_CC58B9FA08AD47E3BF06976E60B693C3_C7B4867D07EFE3910D1809ABD145BFBD.udd" 3357
"C:/Users/willi/AppData/Local/UnrealEngine/Common/DerivedDataCache/4/9/1/PHYSX_PHYSXPC_VIS_CC58B9FA08AD47E3BF06976E60B693C3_AD46359D4CF2D700A137C9A25BC08115.udd" 3358
"C:/Users/willi/AppData/Local/UnrealEngine/Common/DerivedDataCache/7/8/3/PHYSX_PHYSXPC_FULL_CC58B9FA08AD47E3BF06976E60B693C3_76E340D311D46D8A3472582B367F0195.udd" 3359
"C:/Users/willi/AppData/Local/UnrealEngine/Common/DerivedDataCache/6/4/0/PHYSX_PHYSXPC_VIS_CC58B9FA08AD47E3BF06976E60B693C3_2751679F46D17C8B16DB049DF78F4233.udd" 3360
"C:/Users/willi/AppData/Local/UnrealEngine/Common/DerivedDataCache/5/6/4/PHYSX_PHYSXPC_FULL_CC58B9FA08AD47E3BF06976E60B693C3_72C945B721F0EF04D3C6B9FB979B204E.udd" 3361
"C:/Users/willi/AppData/Local/UnrealEngine/Common/DerivedDataCache/0/0/5/PHYSX_PHYSXPC_VIS_CC58B9FA08AD47E3BF06976E60B693C3_31375DBE43154FA2A2F9C29164538BD4.udd" 3362
"C:/Users/willi/AppData/Local/UnrealEngine/Common/DerivedDataCache/0/5/0/PHYSX_PHYSXPC_FULL_CC58B9FA08AD47E3BF06976E60B693C3_64127EC567040F202E24F0D6B1B3C1D6.udd" 3363
"C:/Users/willi/AppData/Local/UnrealEngine/Common/DerivedDataCache/1/4/0/PHYSX_PHYSXPC_VIS_CC58B9FA08AD47E3BF06976E60B693C3_3D5F66CE446C62B2DDB7FDB82C948E4C.udd" 3364
"C:/Users/willi/AppData/Local/UnrealEngine/Common/DerivedDataCache/7/5/2/PHYSX_PHYSXPC_FULL_CC58B9FA08AD47E3BF06976E60B693C3_5390ED9D145C19B154FBD1E356C44CCA.udd" 3365
"C:/Users/willi/AppData/Local/UnrealEngine/Common/DerivedDataCache/2/7/6/PHYSX_PHYSXPC_VIS_CC58B9FA08AD47E3BF06976E60B693C3_3B34B2374FEF7C45C61BE0AB0C477FB6.udd" 3366
"C:/Users/willi/AppData/Local/UnrealEngine/Common/DerivedDataCache/6/1/0/PHYSX_PHYSXPC_FULL_CC58B9FA08AD47E3BF06976E60B693C3_CEC04515C21FB300A061E5029EF5E080.udd" 3367
"C:/Users/willi/AppData/Local/UnrealEngine/Common/DerivedDataCache/4/1/1/PHYSX_PHYSXPC_VIS_CC58B9FA08AD47E3BF06976E60B693C3_C681E71D44CF7C312E238FB7BF655446.udd" 3368
"C:/Users/willi/AppData/Local/UnrealEngine/Common/DerivedDataCache/6/0/0/PHYSX_PHYSXPC_FULL_CC58B9FA08AD47E3BF06976E60B693C3_6D14F55C101516AB88C066D40F2021DB.udd" 3369
"C:/Users/willi/AppData/Local/UnrealEngine/Common/DerivedDataCache/1/2/0/PHYSX_PHYSXPC_VIS_CC58B9FA08AD47E3BF06976E60B693C3_2B82CF08446F50BD29FCE1B2035F65CE.udd" 3370
"C:/Users/willi/AppData/Local/UnrealEngine/Common/DerivedDataCache/0/6/1/PHYSX_PHYSXPC_FULL_CC58B9FA08AD47E3BF06976E60B693C3_FB7D627D2C3910F08EE3CD2389D3FA39.udd" 3371
"C:/Users/willi/AppData/Local/UnrealEngine/Common/DerivedDataCache/2/8/9/PHYSX_PHYSXPC_VIS_CC58B9FA08AD47E3BF06976E60B693C3_2130946A4A42DF33F195D0BFE4155A38.udd" 3372
"C:/Users/willi/AppData/Local/UnrealEngine/Common/DerivedDataCache/7/0/2/PHYSX_PHYSXPC_FULL_CC58B9FA08AD47E3BF06976E60B693C3_113EF96F92E6D4F8596E61EAAFF08E74.udd" 3373
"C:/Users/willi/AppData/Local/UnrealEngine/Common/DerivedDataCache/0/3/0/PHYSX_PHYSXPC_VIS_CC58B9FA08AD47E3BF06976E60B693C3_AA9F92D94AAC7B0616EB779FC7C4B47E.udd" 3374
"C:/Users/willi/AppData/Local/UnrealEngine/Common/DerivedDataCache/8/4/6/PHYSX_PHYSXPC_FULL_CC58B9FA08AD47E3BF06976E60B693C3_E46A8FE1EDCB483341077B90916E4A89.udd" 3375
"C:/Users/willi/AppData/Local/UnrealEngine/Common/DerivedDataCache/9/5/1/PHYSX_PHYSXPC_VIS_CC58B9FA08AD47E3BF06976E60B693C3_DF0A1AE344759449E13A20AFA1632088.udd" 3376
"C:/Users/willi/AppData/Local/UnrealEngine/Common/DerivedDataCache/2/9/5/PHYSX_PHYSXPC_FULL_CC58B9FA08AD47E3BF06976E60B693C3_59693422C4CD466904C83656694E6291.udd" 3377
"C:/Users/willi/AppData/Local/UnrealEngine/Common/DerivedDataCache/6/2/5/PHYSX_PHYSXPC_VIS_CC58B9FA08AD47E3BF06976E60B693C3_3B3D3E3340FDB723049E7D83F54013D5.udd" 3378
"C:/Users/willi/AppData/Local/UnrealEngine/Common/DerivedDataCache/7/0/7/PHYSX_PHYSXPC_FULL_CC58B9FA08AD47E3BF06976E60B693C3_2C8A7A3C07EF7440EACD8DA205B9D9B9.udd" 3379
"C:/Users/willi/AppData/Local/UnrealEngine/Common/DerivedDataCache/9/6/6/PHYSX_PHYSXPC_VIS_CC58B9FA08AD47E3BF06976E60B693C3_469CD7724BCF916A3AE85D81E5BF708B.udd" 3380
"C:/Users/willi/AppData/Local/UnrealEngine/Common/DerivedDataCache/5/4/1/PHYSX_PHYSXPC_FULL_CC58B9FA08AD47E3BF06976E60B693C3_6767594D7BB668D3D45E93D60FD9304C.udd" 3381
"C:/Users/willi/AppData/Local/UnrealEngine/Common/DerivedDataCache/6/5/5/PHYSX_PHYSXPC_VIS_CC58B9FA08AD47E3BF06976E60B693C3_4213763842C85597102AA89A6A7BA971.udd" 3382
"C:/Users/willi/AppData/Local/UnrealEngine/Common/DerivedDataCache/7/8/0/PHYSX_PHYSXPC_FULL_CC58B9FA08AD47E3BF06976E60B693C3_AC40714CBF0A1C564AFE098557B09CBE.udd" 3383
"C:/Users/willi/AppData/Local/UnrealEngine/Common/DerivedDataCache/1/7/9/PHYSX_PHYSXPC_VIS_CC58B9FA08AD47E3BF06976E60B693C3_7974E6184D04B33FB7EF398BB15DF81E.udd" 3384
"C:/Users/willi/AppData/Local/UnrealEngine/Common/DerivedDataCache/9/0/5/PHYSX_PHYSXPC_FULL_CC58B9FA08AD47E3BF06976E60B693C3_3F19B3B04EBA29B21C0677D0AA133409.udd" 3385
"C:/Users/willi/AppData/Local/UnrealEngine/Common/DerivedDataCache/9/7/6/PHYSX_PHYSXPC_VIS_CC58B9FA08AD47E3BF06976E60B693C3_EDA5C83049C5966DEF7C6EB0914C9584.udd" 3386
"C:/Users/willi/AppData/Local/UnrealEngine/Common/DerivedDataCache/1/9/5/PHYSX_PHYSXPC_FULL_CC58B9FA08AD47E3BF06976E60B693C3_6C2F49AF92765C2FA17F404F4B3510CC.udd" 3387
"C:/Users/willi/AppData/Local/UnrealEngine/Common/DerivedDataCache/6/9/5/PHYSX_PHYSXPC_VIS_CC58B9FA08AD47E3BF06976E60B693C3_6BE1BB3E48680E0262E9E0A9BCB15AF0.udd" 3388
"C:/Users/willi/AppData/Local/UnrealEngine/Common/DerivedDataCache/8/2/3/PHYSX_PHYSXPC_FULL_CC58B9FA08AD47E3BF06976E60B693C3_8E698FC8B4CFF9AC5F4DE493143D976D.udd" 3389
"C:/Users/willi/AppData/Local/UnrealEngine/Common/DerivedDataCache/8/5/1/PHYSX_PHYSXPC_VIS_CC58B9FA08AD47E3BF06976E60B693C3_0F22D8AE461F084BA7D0259BAFF51611.udd" 3390
"C:/Users/willi/AppData/Local/UnrealEngine/Common/DerivedDataCache/0/0/4/PHYSX_PHYSXPC_FULL_CC58B9FA08AD47E3BF06976E60B693C3_F45B0B490B31BD5C99FA4DBDF6ED7093.udd" 3391
"C:/Users/willi/AppData/Local/UnrealEngine/Common/DerivedDataCache/4/5/9/PHYSX_PHYSXPC_VIS_CC58B9FA08AD47E3BF06976E60B693C3_7A000E7544121F2ABEA9009652C9A0E7.udd" 3392
"C:/Users/willi/AppData/Local/UnrealEngine/Common/DerivedDataCache/9/7/9/PHYSX_PHYSXPC_FULL_CC58B9FA08AD47E3BF06976E60B693C3_FCF94594BE98273125FFAF702E175FAC.udd" 3393
"C:/Users/willi/AppData/Local/UnrealEngine/Common/DerivedDataCache/2/1/0/PHYSX_PHYSXPC_VIS_CC58B9FA08AD47E3BF06976E60B693C3_F1E05F3447C6113251C911A0350DED0A.udd" 3394
"C:/Users/willi/AppData/Local/UnrealEngine/Common/DerivedDataCache/3/7/0/PHYSX_PHYSXPC_FULL_CC58B9FA08AD47E3BF06976E60B693C3_3AF8CDD5F107DA0006DEC21A903FE327.udd" 3395
"C:/Users/willi/AppData/Local/UnrealEngine/Common/DerivedDataCache/8/8/1/PHYSX_PHYSXPC_VIS_CC58B9FA08AD47E3BF06976E60B693C3_8E4D41254D4CCF44712E55AA642C3E85.udd" 3396
"C:/Users/willi/AppData/Local/UnrealEngine/Common/DerivedDataCache/1/8/4/PHYSX_PHYSXPC_FULL_CC58B9FA08AD47E3BF06976E60B693C3_C4567D8EBE00E674DA5459FB5D597204.udd" 3397
"C:/Users/willi/AppData/Local/UnrealEngine/Common/DerivedDataCache/4/2/8/PHYSX_PHYSXPC_VIS_CC58B9FA08AD47E3BF06976E60B693C3_738817D74D3797A936D8778DF89A68A2.udd" 3398
"C:/Users/willi/AppData/Local/UnrealEngine/Common/DerivedDataCache/5/1/8/PHYSX_PHYSXPC_FULL_CC58B9FA08AD47E3BF06976E60B693C3_B2207FB329140AC091E4543FCE337DAE.udd" 3399
"C:/Users/willi/AppData/Local/UnrealEngine/Common/DerivedDataCache/4/8/2/PHYSX_PHYSXPC_VIS_CC58B9FA08AD47E3BF06976E60B693C3_908544374D86DA46FABC029B4D356521.udd" 3400
"C:/Users/willi/AppData/Local/UnrealEngine/Common/DerivedDataCache/0/8/3/PHYSX_PHYSXPC_FULL_CC58B9FA08AD47E3BF06976E60B693C3_18E80256675A20BA5B9CFF39AC6B4BB6.udd" 3401
"C:/Users/willi/AppData/Local/UnrealEngine/Common/DerivedDataCache/2/3/7/PHYSX_PHYSXPC_VIS_CC58B9FA08AD47E3BF06976E60B693C3_80921CD245318D0131EC588825773C09.udd" 3402
"C:/Users/willi/AppData/Local/UnrealEngine/Common/DerivedDataCache/2/3/0/PHYSX_PHYSXPC_FULL_CC58B9FA08AD47E3BF06976E60B693C3_6C3F42844B994D5EDAAFAA11A77C2742.udd" 3403
"C:/Users/willi/AppData/Local/UnrealEngine/Common/DerivedDataCache/6/6/5/PHYSX_PHYSXPC_VIS_CC58B9FA08AD47E3BF06976E60B693C3_B7C7E3D34428AF05362FEEBE864203CE.udd" 3404
"C:/Users/willi/AppData/Local/UnrealEngine/Common/DerivedDataCache/2/3/7/PHYSX_PHYSXPC_FULL_CC58B9FA08AD47E3BF06976E60B693C3_6A0E8F34452C8388AD80EF947C93237A.udd" 3405
"C:/Users/willi/AppData/Local/UnrealEngine/Common/DerivedDataCache/7/7/0/PHYSX_PHYSXPC_VIS_CC58B9FA08AD47E3BF06976E60B693C3_B82244F1440B97EA35F3BFB4AB4BA1D3.udd" 3406
"C:/Users/willi/AppData/Local/UnrealEngine/Common/DerivedDataCache/8/0/6/PHYSX_PHYSXPC_FULL_CC58B9FA08AD47E3BF06976E60B693C3_C8FD39B065E893AC80D9EF9999DAA6F8.udd" 3407
"C:/Users/willi/AppData/Local/UnrealEngine/Common/DerivedDataCache/3/5/7/PHYSX_PHYSXPC_VIS_CC58B9FA08AD47E3BF06976E60B693C3_CA99F4604F93F6DE35AB57A845C5C822.udd" 3408
"C:/Users/willi/AppData/Local/UnrealEngine/Common/DerivedDataCache/8/6/2/PHYSX_PHYSXPC_FULL_CC58B9FA08AD47E3BF06976E60B693C3_08AA1E6AC3C651B82CA59DAD34E2543F.udd" 3409
"C:/Users/willi/AppData/Local/UnrealEngine/Common/DerivedDataCache/1/1/6/PHYSX_PHYSXPC_VIS_CC58B9FA08AD47E3BF06976E60B693C3_2A74CA8B4B1E984219C9668D1FFBC39E.udd" 3410
"C:/Users/willi/AppData/Local/UnrealEngine/Common/DerivedDataCache/3/3/0/PHYSX_PHYSXPC_FULL_CC58B9FA08AD47E3BF06976E60B693C3_1AAB77F35F83A0A0C964C846EC530295.udd" 3411
"C:/Users/willi/AppData/Local/UnrealEngine/Common/DerivedDataCache/0/9/7/PHYSX_PHYSXPC_VIS_CC58B9FA08AD47E3BF06976E60B693C3_FC5EAD1B45E51809A76165BA584750F9.udd" 3412
"C:/Users/willi/AppData/Local/UnrealEngine/Common/DerivedDataCache/4/8/8/PHYSX_PHYSXPC_FULL_CC58B9FA08AD47E3BF06976E60B693C3_738B31B0DAC9967B4587E696EAD96341.udd" 3413
"C:/Users/willi/AppData/Local/UnrealEngine/Common/DerivedDataCache/6/1/3/PHYSX_PHYSXPC_VIS_CC58B9FA08AD47E3BF06976E60B693C3_5CA120C54AEAA15EFF21FCB8CF99D1E7.udd" 3414
"C:/Users/willi/AppData/Local/UnrealEngine/Common/DerivedDataCache/3/1/6/PHYSX_PHYSXPC_FULL_CC58B9FA08AD47E3BF06976E60B693C3_9A2AABDD5B949165FEDF20197C71EF47.udd" 3415
"C:/Users/willi/AppData/Local/UnrealEngine/Common/DerivedDataCache/3/7/9/PHYSX_PHYSXPC_VIS_CC58B9FA08AD47E3BF06976E60B693C3_A243431643074E3BFFBBB8AC7DD3CC7D.udd" 3416
"C:/Users/willi/AppData/Local/UnrealEngine/Common/DerivedDataCache/4/6/9/PHYSX_PHYSXPC_FULL_CC58B9FA08AD47E3BF06976E60B693C3_6F58E71074398E114ACA326C49FA0DB5.udd" 3417
"C:/Users/willi/AppData/Local/UnrealEngine/Common/DerivedDataCache/8/5/3/PHYSX_PHYSXPC_VIS_CC58B9FA08AD47E3BF06976E60B693C3_E5EEB63248ABF5AACF0A798AD52F4B25.udd" 3418
"C:/Users/willi/AppData/Local/UnrealEngine/Common/DerivedDataCache/3/8/6/PHYSX_PHYSXPC_FULL_CC58B9FA08AD47E3BF06976E60B693C3_EE59A6864F22092F8019DCAAB187653D.udd" 3419
"C:/Users/willi/AppData/Local/UnrealEngine/Common/DerivedDataCache/0/4/2/PHYSX_PHYSXPC_VIS_CC58B9FA08AD47E3BF06976E60B693C3_EA413B0F49D52CE99F9AE98A980541CC.udd" 3420
"../../../Engine/Content/EditorResources/LightIcons/S_LightError.uasset" 3421
"C:/Users/willi/AppData/Local/UnrealEngine/Common/DerivedDataCache/3/3/4/TEXTURE_E01F4250BECD420DA9CE63B5EECEC2C2_OODLE_BC5_11_4C4CBDAD49AF1C0E4945B190__7E49EC525B0D9789CD72FD4A0A47A7214C004268.udd" 3422
"C:/Users/willi/AppData/Local/UnrealEngine/Common/DerivedDataCache/9/2/1/TEXTURE_E01F4250BECD420DA9CE63B5EECEC2C2_OODLE_BC5_11_4C4CBDAD49AF1C0E4945B190__AE5E239120348A3A3A0963FACBB6CE4D2151E7B1.udd" 3423
"C:/Users/willi/AppData/Local/UnrealEngine/Common/DerivedDataCache/6/0/1/TEXTURE_E01F4250BECD420DA9CE63B5EECEC2C2_OODLE_BC5_11_4C4CBDAD49AF1C0E4945B190__9DF846A5179D74139473B3406B0C09D13CEBBA8F.udd" 3424
"C:/Users/willi/AppData/Local/UnrealEngine/Common/DerivedDataCache/0/8/1/TEXTURE_E01F4250BECD420DA9CE63B5EECEC2C2_OODLE_BC5_11_4C4CBDAD49AF1C0E4945B190__19B5A08F7B3AE45D516A1C26AF26DDAC1E570986.udd" 3425
"C:/Users/willi/AppData/Local/UnrealEngine/Common/DerivedDataCache/8/9/7/TEXTURE_E01F4250BECD420DA9CE63B5EECEC2C2_OODLE_BC5_11_4C4CBDAD49AF1C0E4945B190__1D246520274838C9789DF5072CD656654318C7B3.udd" 3426
"C:/Users/willi/AppData/Local/UnrealEngine/Common/DerivedDataCache/4/0/9/STREAMEDAUDIO_BC6E92FBBD314E3B9B9EC6778749EB5E_OGG10000$2D1$2D1$2D1$2D1$2D1_4_17CBEEE04CDE0CA8836399A8E6E6C74B.udd" 3427
"C:/Users/willi/AppData/Local/UnrealEngine/Common/DerivedDataCache/4/1/5/TEXTURE_E01F4250BECD420DA9CE63B5EECEC2C2_OODLE_BC5_11_4C4CBDAD49AF1C0E4945B190__79B9CB8E0CECC4FADD36375911F43F0C67FEFC9F.udd" 3428
"C:/Users/willi/AppData/Local/UnrealEngine/Common/DerivedDataCache/8/9/1/TEXTURE_E01F4250BECD420DA9CE63B5EECEC2C2_OODLE_AUTODXT_11_648A720D449B5A22ECD0__E2AD5109B204DDBDFAA8E36165C416E73860AEFA.udd" 3429
"C:/Users/willi/AppData/Local/UnrealEngine/Common/DerivedDataCache/8/2/4/TEXTURE_E01F4250BECD420DA9CE63B5EECEC2C2_OODLE_AUTODXT_11_648A720D449B5A22ECD0__F6A3710E9472A49A0F746EEEAFA8EEB181B012D4.udd" 3430
"C:/Users/willi/AppData/Local/UnrealEngine/Common/DerivedDataCache/2/8/5/TEXTURE_E01F4250BECD420DA9CE63B5EECEC2C2_OODLE_AUTODXT_11_648A720D449B5A22ECD0__06BE6E1AEC1E2F8B320C21EE7A2D24CE69853D20.udd" 3431
"C:/Users/willi/AppData/Local/UnrealEngine/Common/DerivedDataCache/1/3/5/TEXTURE_E01F4250BECD420DA9CE63B5EECEC2C2_OODLE_AUTODXT_11_648A720D449B5A22ECD0__F3F92E7D65CB0EF9556AB67BE5D61E6885FCFCD0.udd" 3432
"C:/Users/willi/AppData/Local/UnrealEngine/Common/DerivedDataCache/9/7/4/TEXTURE_E01F4250BECD420DA9CE63B5EECEC2C2_OODLE_AUTODXT_11_648A720D449B5A22ECD0__1DC0303D53A4EE00446BF6C1E988F3E2D6481DB7.udd" 3433
"C:/Users/willi/AppData/Local/UnrealEngine/Common/DerivedDataCache/0/8/1/TEXTURE_E01F4250BECD420DA9CE63B5EECEC2C2_OODLE_AUTODXT_11_648A720D449B5A22ECD0__8DEC56CC02A857B65B49E3605268D13CE342DEC4.udd" 3434
"C:/Users/willi/AppData/Local/UnrealEngine/Common/DerivedDataCache/5/3/6/STREAMEDAUDIO_BC6E92FBBD314E3B9B9EC6778749EB5E_OGG10000$2D1$2D1$2D1$2D1$2D1_4_DC4B1F094F3D4F19A49E0EB7EE2D39CC.udd" 3435
"C:/Users/willi/AppData/Local/UnrealEngine/Common/DerivedDataCache/6/1/7/TEXTURE_E01F4250BECD420DA9CE63B5EECEC2C2_OODLE_AUTODXT_11_F87E6846461016B40E7F__DA1401B4E09A11F9BDBE3AE4F8A2B76E12BF2ACE.udd" 3436
"C:/Users/willi/AppData/Local/UnrealEngine/Common/DerivedDataCache/0/8/4/TEXTURE_E01F4250BECD420DA9CE63B5EECEC2C2_OODLE_AUTODXT_11_1BFC3BC839A346851FFD__C5620823A8A3A490F9F27A3698CE626476318B6A.udd" 3437
"C:/Users/willi/AppData/Local/UnrealEngine/Common/DerivedDataCache/7/4/6/TEXTURE_E01F4250BECD420DA9CE63B5EECEC2C2_OODLE_AUTODXT_11_F87E6846461016B40E7F__1538B631F4037947E9A490FF70ED6C6A672D56C4.udd" 3438
"C:/Users/willi/AppData/Local/UnrealEngine/Common/DerivedDataCache/1/8/8/TEXTURE_E01F4250BECD420DA9CE63B5EECEC2C2_OODLE_AUTODXT_11_F87E6846461016B40E7F__43F5A819B0712C8A4855E7CB7505F9A188BEBABD.udd" 3439
"C:/Users/willi/AppData/Local/UnrealEngine/Common/DerivedDataCache/2/2/0/TEXTURE_E01F4250BECD420DA9CE63B5EECEC2C2_OODLE_AUTODXT_11_F87E6846461016B40E7F__C35A06855398BBA17A5CBB618CC4CB520CA1BEA6.udd" 3440
"C:/Users/willi/AppData/Local/UnrealEngine/Common/DerivedDataCache/2/8/7/TEXTURE_E01F4250BECD420DA9CE63B5EECEC2C2_OODLE_AUTODXT_11_F87E6846461016B40E7F__3040FAF57B0D6B59395455C5708B49B95916E8AF.udd" 3441
"C:/Users/willi/AppData/Local/UnrealEngine/Common/DerivedDataCache/3/7/5/TEXTURE_E01F4250BECD420DA9CE63B5EECEC2C2_OODLE_AUTODXT_11_F87E6846461016B40E7F__10E949933DA0B450487A5A473FD67FD69F914F6A.udd" 3442
"C:/Users/willi/AppData/Local/UnrealEngine/Common/DerivedDataCache/2/6/3/TEXTURE_E01F4250BECD420DA9CE63B5EECEC2C2_OODLE_AUTODXT_11_1BFC3BC839A346851FFD__5588CFB7975FAF0498D885C7B3D8E227480DDBB2.udd" 3443
"C:/Users/willi/AppData/Local/UnrealEngine/Common/DerivedDataCache/6/3/3/TEXTURE_E01F4250BECD420DA9CE63B5EECEC2C2_OODLE_AUTODXT_11_1BFC3BC839A346851FFD__175D39B0240CACE454C78C74401039772B847FC1.udd" 3444
"C:/Users/willi/AppData/Local/UnrealEngine/Common/DerivedDataCache/0/8/8/TEXTURE_E01F4250BECD420DA9CE63B5EECEC2C2_OODLE_AUTODXT_11_1BFC3BC839A346851FFD__D0F1D8AF8C368A2AA2D3FA7EDC614D6F0AA287FF.udd" 3445
"C:/Users/willi/AppData/Local/UnrealEngine/Common/DerivedDataCache/5/1/0/TEXTURE_E01F4250BECD420DA9CE63B5EECEC2C2_OODLE_AUTODXT_11_1BFC3BC839A346851FFD__5389DFD2602201417F7003AB7294E9C70D277F16.udd" 3446
"C:/Users/willi/AppData/Local/UnrealEngine/Common/DerivedDataCache/7/8/9/TEXTURE_E01F4250BECD420DA9CE63B5EECEC2C2_OODLE_AUTODXT_11_1BFC3BC839A346851FFD__423AA452F5BBE8EF3B9BFCA6638F17B58870A1C3.udd" 3447
"C:/Users/willi/AppData/Local/UnrealEngine/Common/DerivedDataCache/7/0/9/TEXTURE_E01F4250BECD420DA9CE63B5EECEC2C2_OODLE_AUTODXT_11_22D42867E755DDECFF99__827A7D6E94F712AC6EB7B3D56C0E287797AE247E.udd" 3448
"C:/Users/willi/AppData/Local/UnrealEngine/Common/DerivedDataCache/7/6/0/TEXTURE_E01F4250BECD420DA9CE63B5EECEC2C2_OODLE_AUTODXT_11_22D42867E755DDECFF99__C0EB14D6A625C2D0F214334CF3C1269D0C5CDB70.udd" 3449
"C:/Users/willi/AppData/Local/UnrealEngine/Common/DerivedDataCache/1/6/0/TEXTURE_E01F4250BECD420DA9CE63B5EECEC2C2_OODLE_AUTODXT_11_22D42867E755DDECFF99__F2BFAF05F39A3BAB6F9AA6F4B288CF024485C3B0.udd" 3450
"C:/Users/willi/AppData/Local/UnrealEngine/Common/DerivedDataCache/5/3/9/TEXTURE_E01F4250BECD420DA9CE63B5EECEC2C2_OODLE_AUTODXT_11_22D42867E755DDECFF99__A6E7248DDE776B1A745A023BA5AC1EE8F063078D.udd" 3451
"C:/Users/willi/AppData/Local/UnrealEngine/Common/DerivedDataCache/2/8/2/TEXTURE_E01F4250BECD420DA9CE63B5EECEC2C2_OODLE_AUTODXT_11_22D42867E755DDECFF99__1C3E362B5DE407E488DEB9EC1BBF49C1F0BAF73B.udd" 3452
"C:/Users/willi/AppData/Local/UnrealEngine/Common/DerivedDataCache/2/0/4/TEXTURE_E01F4250BECD420DA9CE63B5EECEC2C2_OODLE_AUTODXT_11_22D42867E755DDECFF99__A925AA0C7A83F919E0F3014D82DF30200931F184.udd" 3453
"C:/Users/willi/AppData/Local/UnrealEngine/Common/DerivedDataCache/6/2/2/MATSM_0BA69734E4FD45E082FA4560DBE25454_PCD3D_SM5_8__BC5N_NOCCBN_NOIRIS_DEV_SL___8A44536D2275CBFB5B1502C9EF22588B82438452.udd" 3454
"C:/Users/willi/AppData/Local/UnrealEngine/Common/DerivedDataCache/8/3/2/TEXTURE_E01F4250BECD420DA9CE63B5EECEC2C2_BGRA8_61FC9C36414F6D1531B2CFB5E2E5023__566E71FF5EF2355BE01306C74A645DFDAE8B8D88.udd" 3455
"C:/Users/willi/AppData/Local/UnrealEngine/Common/DerivedDataCache/4/8/9/TEXTURE_E01F4250BECD420DA9CE63B5EECEC2C2_OODLE_AUTODXT_11_E95353AD465D219BA081__4B0708D8E9590B2960033F43B07FBE9499D741DE.udd" 3456
"C:/Users/willi/AppData/Local/UnrealEngine/Common/DerivedDataCache/8/1/9/TEXTURE_E01F4250BECD420DA9CE63B5EECEC2C2_OODLE_AUTODXT_11_E95353AD465D219BA081__8A164587C0454CF5F77ACBF3AD65726FC408B891.udd" 3457
"C:/Users/willi/AppData/Local/UnrealEngine/Common/DerivedDataCache/9/8/8/TEXTURE_E01F4250BECD420DA9CE63B5EECEC2C2_OODLE_AUTODXT_11_E95353AD465D219BA081__04396740F73C4DCB99960CE331FEA00FA1CEF727.udd" 3458
"C:/Users/willi/AppData/Local/UnrealEngine/Common/DerivedDataCache/6/5/4/TEXTURE_E01F4250BECD420DA9CE63B5EECEC2C2_OODLE_DXT1_11_C04F4CB24DF73602DE09EAB__6947EA88259266290AA3243E1113FD54C0C02E5E.udd" 3459
"C:/Users/willi/AppData/Local/UnrealEngine/Common/DerivedDataCache/0/8/9/TEXTURE_E01F4250BECD420DA9CE63B5EECEC2C2_OODLE_DXT1_11_C04F4CB24DF73602DE09EAB__562CB85A3D04AA1772D1E9CC08F941D2F457A74E.udd" 3460
"C:/Users/willi/AppData/Local/UnrealEngine/Common/DerivedDataCache/7/0/4/TEXTURE_E01F4250BECD420DA9CE63B5EECEC2C2_OODLE_DXT1_11_C04F4CB24DF73602DE09EAB__1D0667E505C2C23D6DB928804071C281460F3C9A.udd" 3461
"C:/Users/willi/AppData/Local/UnrealEngine/Common/DerivedDataCache/6/0/1/MATSM_0BA69734E4FD45E082FA4560DBE25454_PCD3D_SM5_8__BC5N_NOCCBN_NOIRIS_DEV_SL___DDA862E19FE07458355457D544873D69B8293C69.udd" 3462
"C:/Users/willi/AppData/Local/UnrealEngine/Common/DerivedDataCache/2/3/3/STREAMEDAUDIO_BC6E92FBBD314E3B9B9EC6778749EB5E_OGG10000$2D1$2D1$2D1$2D1$2D1_4_E66177A94B6ECD8DCBE1F58B12CF762B.udd" 3463
"C:/Users/willi/AppData/Local/UnrealEngine/Common/DerivedDataCache/6/1/4/TEXTURE_E01F4250BECD420DA9CE63B5EECEC2C2_OODLE_AUTODXT_11_3D11E42C1594EE0C9BD4__033A1E030CE2DC39638950F68EE6BF3B78CA70FB.udd" 3464
"C:/Users/willi/AppData/Local/UnrealEngine/Common/DerivedDataCache/3/8/9/TEXTURE_E01F4250BECD420DA9CE63B5EECEC2C2_OODLE_AUTODXT_11_3D11E42C1594EE0C9BD4__9D8B5AB9176DC55A9F7159D1FB52C3480360B994.udd" 3465
"C:/Users/willi/AppData/Local/UnrealEngine/Common/DerivedDataCache/4/0/3/TEXTURE_E01F4250BECD420DA9CE63B5EECEC2C2_OODLE_AUTODXT_11_3D11E42C1594EE0C9BD4__73734D5BE6AA6AEEC5ACF27182632F7414DB97F0.udd" 3466
"C:/Users/willi/AppData/Local/UnrealEngine/Common/DerivedDataCache/5/6/9/TEXTURE_E01F4250BECD420DA9CE63B5EECEC2C2_OODLE_AUTODXT_11_3D11E42C1594EE0C9BD4__E9460E876FEE827AD8C6D64C01BF0543E3EB8A1B.udd" 3467
"C:/Users/willi/AppData/Local/UnrealEngine/Common/DerivedDataCache/0/8/8/TEXTURE_E01F4250BECD420DA9CE63B5EECEC2C2_OODLE_AUTODXT_11_3D11E42C1594EE0C9BD4__84E496275CAB55687CE3AF9B87BCFB22E1F37E0B.udd" 3468
"C:/Users/willi/AppData/Local/UnrealEngine/Common/DerivedDataCache/8/8/9/TEXTURE_E01F4250BECD420DA9CE63B5EECEC2C2_OODLE_AUTODXT_11_3D11E42C1594EE0C9BD4__492EE586A022D9CAA428540666EA0739E1523077.udd" 3469
"C:/Users/willi/AppData/Local/UnrealEngine/Common/DerivedDataCache/1/0/5/TEXTURE_E01F4250BECD420DA9CE63B5EECEC2C2_OODLE_AUTODXT_11_C64E7F52591E81011919__773D1B2E34B6C5A6540F67DE08DC98C3983BC4D3.udd" 3470
"C:/Users/willi/AppData/Local/UnrealEngine/Common/DerivedDataCache/4/3/7/TEXTURE_E01F4250BECD420DA9CE63B5EECEC2C2_OODLE_AUTODXT_11_C64E7F52591E81011919__EC962216A1EED2A70592923AFEA9EA2EEC768688.udd" 3471
"C:/Users/willi/AppData/Local/UnrealEngine/Common/DerivedDataCache/4/3/8/TEXTURE_E01F4250BECD420DA9CE63B5EECEC2C2_OODLE_AUTODXT_11_C64E7F52591E81011919__F959B60D9F5D09A7AD855A7A3605168BDD0C0D3A.udd" 3472
"C:/Users/willi/AppData/Local/UnrealEngine/Common/DerivedDataCache/3/0/0/TEXTURE_E01F4250BECD420DA9CE63B5EECEC2C2_OODLE_AUTODXT_11_C64E7F52591E81011919__714BC85F033E1A978EE66BB6BB952EFAA78FA9D0.udd" 3473
"C:/Users/willi/AppData/Local/UnrealEngine/Common/DerivedDataCache/6/1/0/TEXTURE_E01F4250BECD420DA9CE63B5EECEC2C2_OODLE_AUTODXT_11_C64E7F52591E81011919__3215867E47E4568ECBA572604DC4F97D361A03AF.udd" 3474
"C:/Users/willi/AppData/Local/UnrealEngine/Common/DerivedDataCache/2/2/1/TEXTURE_E01F4250BECD420DA9CE63B5EECEC2C2_OODLE_AUTODXT_11_C64E7F52591E81011919__B86289FCAADF01355DCFBDD6CBE404F230080554.udd" 3475
"C:/Users/willi/AppData/Local/UnrealEngine/Common/DerivedDataCache/5/3/6/STREAMEDAUDIO_BC6E92FBBD314E3B9B9EC6778749EB5E_OGG10000$2D1$2D1$2D1$2D1$2D1_4_BEDF4D984B978C3C8E663B874FB19368.udd" 3476
"C:/Users/willi/AppData/Local/UnrealEngine/Common/DerivedDataCache/4/8/8/TEXTURE_E01F4250BECD420DA9CE63B5EECEC2C2_OODLE_AUTODXT_11_DFD75F2FF6B839518108__24E9D716C0990A407B73EAB4191824532F88EE17.udd" 3477
"C:/Users/willi/AppData/Local/UnrealEngine/Common/DerivedDataCache/9/4/1/TEXTURE_E01F4250BECD420DA9CE63B5EECEC2C2_OODLE_AUTODXT_11_DFD75F2FF6B839518108__2CB1CDD0911DF89DECCACB3E930BF839563CB181.udd" 3478
"C:/Users/willi/AppData/Local/UnrealEngine/Common/DerivedDataCache/8/0/4/TEXTURE_E01F4250BECD420DA9CE63B5EECEC2C2_OODLE_BC5_11_48173C1625EFE06B9646B19E__B79BB364FBE0D300903264696282076529D75342.udd" 3479
"C:/Users/willi/AppData/Local/UnrealEngine/Common/DerivedDataCache/9/1/1/TEXTURE_E01F4250BECD420DA9CE63B5EECEC2C2_OODLE_AUTODXT_11_DFD75F2FF6B839518108__0F91036292B99BF5F68435524D3ACEC38E5AB9DF.udd" 3480
"C:/Users/willi/AppData/Local/UnrealEngine/Common/DerivedDataCache/5/2/1/TEXTURE_E01F4250BECD420DA9CE63B5EECEC2C2_OODLE_AUTODXT_11_DFD75F2FF6B839518108__5AA8081FDF317B2839E121F1166CFEA4D5D2FEA5.udd" 3481
"C:/Users/willi/AppData/Local/UnrealEngine/Common/DerivedDataCache/3/0/5/TEXTURE_E01F4250BECD420DA9CE63B5EECEC2C2_OODLE_AUTODXT_11_DFD75F2FF6B839518108__C1FB973F8F4A02DE8D8431CD169196AF095F17D5.udd" 3482
"C:/Users/willi/AppData/Local/UnrealEngine/Common/DerivedDataCache/2/0/3/TEXTURE_E01F4250BECD420DA9CE63B5EECEC2C2_OODLE_AUTODXT_11_DFD75F2FF6B839518108__53F6E1C9B827A0F9C4C5750DCA5832B879A366D6.udd" 3483
"C:/Users/willi/AppData/Local/UnrealEngine/Common/DerivedDataCache/4/9/9/TEXTURE_E01F4250BECD420DA9CE63B5EECEC2C2_OODLE_BC5_11_48173C1625EFE06B9646B19E__2AA60A154D6637A261F26ED6C9858C60F98BBE90.udd" 3484
"C:/Users/willi/AppData/Local/UnrealEngine/Common/DerivedDataCache/1/5/1/TEXTURE_E01F4250BECD420DA9CE63B5EECEC2C2_OODLE_BC5_11_48173C1625EFE06B9646B19E__C38D34E13E64D5085D93FA59792FBB3CF6F4AEB5.udd" 3485
"C:/Users/willi/AppData/Local/UnrealEngine/Common/DerivedDataCache/0/2/9/TEXTURE_E01F4250BECD420DA9CE63B5EECEC2C2_OODLE_AUTODXT_11_5EDFE3069E12B5787E10__EBCAE2C5304104C36A192C25CFC4C6B35A19DEDE.udd" 3486
"C:/Users/willi/AppData/Local/UnrealEngine/Common/DerivedDataCache/7/4/5/TEXTURE_E01F4250BECD420DA9CE63B5EECEC2C2_OODLE_BC5_11_48173C1625EFE06B9646B19E__176B601763840CCB284AA0080500EED0E07865CE.udd" 3487
"C:/Users/willi/AppData/Local/UnrealEngine/Common/DerivedDataCache/0/0/4/TEXTURE_E01F4250BECD420DA9CE63B5EECEC2C2_OODLE_BC5_11_48173C1625EFE06B9646B19E__D579673BA4FB04EB140D242AEEC9C4814FB612BE.udd" 3488
"C:/Users/willi/AppData/Local/UnrealEngine/Common/DerivedDataCache/0/0/5/TEXTURE_E01F4250BECD420DA9CE63B5EECEC2C2_OODLE_AUTODXT_11_5EDFE3069E12B5787E10__3304C2489E23F1F1A933A6DFC924BB28CADA19E4.udd" 3489
"C:/Users/willi/AppData/Local/UnrealEngine/Common/DerivedDataCache/9/5/3/TEXTURE_E01F4250BECD420DA9CE63B5EECEC2C2_OODLE_AUTODXT_11_5EDFE3069E12B5787E10__7C735175488733D3A4C640B9E69AF68DFE982680.udd" 3490
"C:/Users/willi/AppData/Local/UnrealEngine/Common/DerivedDataCache/6/9/0/TEXTURE_E01F4250BECD420DA9CE63B5EECEC2C2_OODLE_AUTODXT_11_5EDFE3069E12B5787E10__BF3952D863ABF2418C0C4E2D0EF459687958E306.udd" 3491
"C:/Users/willi/AppData/Local/UnrealEngine/Common/DerivedDataCache/8/8/6/TEXTURE_E01F4250BECD420DA9CE63B5EECEC2C2_OODLE_AUTODXT_11_5EDFE3069E12B5787E10__25F28DE1C15792925113C0F4BD8353202A28C6EA.udd" 3492
"C:/Users/willi/AppData/Local/UnrealEngine/Common/DerivedDataCache/4/4/4/TEXTURE_E01F4250BECD420DA9CE63B5EECEC2C2_OODLE_AUTODXT_11_5EDFE3069E12B5787E10__FE52D8F4DD1FFEF0141E5D3718A4281D5F98765C.udd" 3493
"C:/Users/willi/AppData/Local/UnrealEngine/Common/DerivedDataCache/3/5/5/TEXTURE_E01F4250BECD420DA9CE63B5EECEC2C2_OODLE_BC5_11_48173C1625EFE06B9646B19E__ABE3C280F55D2B25131B08168272E7ACC530AD0F.udd" 3494
"C:/Users/willi/AppData/Local/UnrealEngine/Common/DerivedDataCache/4/3/6/MATSM_0BA69734E4FD45E082FA4560DBE25454_PCD3D_SM5_8__BC5N_NOCCBN_NOIRIS_DEV_SL___FD59C4210A53C377814E7400038466CB285FDCA6.udd" 3495
"C:/Users/willi/AppData/Local/UnrealEngine/Common/DerivedDataCache/2/3/2/MATSM_0BA69734E4FD45E082FA4560DBE25454_PCD3D_SM5_8__BC5N_NOCCBN_NOIRIS_DEV_SL___74C140AB4C4F14088C7CC09E83D085F29957D954.udd" 3496
"C:/Users/willi/AppData/Local/UnrealEngine/Common/DerivedDataCache/3/9/0/TEXTURE_E01F4250BECD420DA9CE63B5EECEC2C2_OODLE_BC5_11_78916A7D48A2F73057A58C88__0A0ED2B83DDBBAF3C74AA63045C432695DF826F4.udd" 3497
"C:/Users/willi/AppData/Local/UnrealEngine/Common/DerivedDataCache/3/0/7/TEXTURE_E01F4250BECD420DA9CE63B5EECEC2C2_OODLE_BC5_11_78916A7D48A2F73057A58C88__9EF882632EAE520D6FAC40EB39955873E5588022.udd" 3498
"C:/Users/willi/AppData/Local/UnrealEngine/Common/DerivedDataCache/8/7/7/TEXTURE_E01F4250BECD420DA9CE63B5EECEC2C2_OODLE_BC5_11_78916A7D48A2F73057A58C88__E4D2BBFCDDE55CDCC1D265819D24E723598D9448.udd" 3499
"C:/Users/willi/AppData/Local/UnrealEngine/Common/DerivedDataCache/7/1/3/TEXTURE_E01F4250BECD420DA9CE63B5EECEC2C2_OODLE_BC5_11_78916A7D48A2F73057A58C88__CC1CA1664F018098A77379D6958796C6617DC2CB.udd" 3500
"C:/Users/willi/AppData/Local/UnrealEngine/Common/DerivedDataCache/1/7/6/TEXTURE_E01F4250BECD420DA9CE63B5EECEC2C2_OODLE_BC5_11_78916A7D48A2F73057A58C88__CDF00D09B7C2CAC4FB80721641FB2502A5884597.udd" 3501
"C:/Users/willi/AppData/Local/UnrealEngine/Common/DerivedDataCache/7/1/4/TEXTURE_E01F4250BECD420DA9CE63B5EECEC2C2_OODLE_AUTODXT_11_C41F87E04B69056ECCF9__30DC8B988DB68C3CBE4958B912372374D06EDCC7.udd" 3502
"C:/Users/willi/AppData/Local/UnrealEngine/Common/DerivedDataCache/5/1/2/TEXTURE_E01F4250BECD420DA9CE63B5EECEC2C2_OODLE_AUTODXT_11_C41F87E04B69056ECCF9__9BA73FF9008B64EF1E73C2804D8566A6A9E65AD5.udd" 3503
"C:/Users/willi/AppData/Local/UnrealEngine/Common/DerivedDataCache/9/3/8/TEXTURE_E01F4250BECD420DA9CE63B5EECEC2C2_OODLE_AUTODXT_11_C41F87E04B69056ECCF9__C857586F0DBEC1B97982C5B824E19EC3D7771792.udd" 3504
"C:/Users/willi/AppData/Local/UnrealEngine/Common/DerivedDataCache/8/4/0/TEXTURE_E01F4250BECD420DA9CE63B5EECEC2C2_OODLE_AUTODXT_11_C41F87E04B69056ECCF9__94B94847B75FDF06DFA6B44DB10B83A81A609969.udd" 3505
"C:/Users/willi/AppData/Local/UnrealEngine/Common/DerivedDataCache/1/2/5/TEXTURE_E01F4250BECD420DA9CE63B5EECEC2C2_OODLE_AUTODXT_11_C41F87E04B69056ECCF9__E860E61B1E876B534C0EF5C555703B049B95B00E.udd" 3506
"C:/Users/willi/AppData/Local/UnrealEngine/Common/DerivedDataCache/5/0/1/MATSM_0BA69734E4FD45E082FA4560DBE25454_PCD3D_SM5_8__BC5N_NOCCBN_NOIRIS_DEV_SL___6FE6A8688DC08ECB6961867CDB54DA04CFC719CC.udd" 3507
"C:/Users/willi/AppData/Local/UnrealEngine/Common/DerivedDataCache/1/3/6/MATSM_0BA69734E4FD45E082FA4560DBE25454_PCD3D_SM5_8__BC5N_NOCCBN_NOIRIS_DEV_SL___3DAAD6D1C78CC71A66F03A733F40487C26058073.udd" 3508
"C:/Users/willi/AppData/Local/UnrealEngine/Common/DerivedDataCache/0/9/5/MATSM_0BA69734E4FD45E082FA4560DBE25454_PCD3D_SM5_8__BC5N_NOCCBN_NOIRIS_DEV_SL___6E2FE5A8E1A37EB95DC77F8B54741452BDBB915B.udd" 3509
"C:/Users/willi/AppData/Local/UnrealEngine/Common/DerivedDataCache/8/8/9/MATSM_0BA69734E4FD45E082FA4560DBE25454_PCD3D_SM5_8__BC5N_NOCCBN_NOIRIS_DEV_SL___6788F5E9D5C2D9FFD9E06EE10FC9AA8E0E961763.udd" 3510
"C:/Users/willi/AppData/Local/UnrealEngine/Common/DerivedDataCache/5/9/0/MATSM_0BA69734E4FD45E082FA4560DBE25454_PCD3D_SM5_8__BC5N_NOCCBN_NOIRIS_DEV_SL___701DD9617FD366ABA562BF12CD7C3D2DD2352B4E.udd" 3511
"C:/Users/willi/AppData/Local/UnrealEngine/Common/DerivedDataCache/9/8/6/TEXTURE_E01F4250BECD420DA9CE63B5EECEC2C2_OODLE_BC5_11_C4EA10CE4FC12C74B8D66498__646F8D2BFE9D33ED26B6425E842E2CF682DBECF4.udd" 3512
"C:/Users/willi/AppData/Local/UnrealEngine/Common/DerivedDataCache/5/2/5/TEXTURE_E01F4250BECD420DA9CE63B5EECEC2C2_OODLE_BC5_11_C4EA10CE4FC12C74B8D66498__2A44FE213518087FEBE282EF363A2CFE50380C05.udd" 3513
"C:/Users/willi/AppData/Local/UnrealEngine/Common/DerivedDataCache/6/1/3/TEXTURE_E01F4250BECD420DA9CE63B5EECEC2C2_OODLE_BC5_11_C4EA10CE4FC12C74B8D66498__D52095D1DB5B01C1060BA75C698275CC3C904720.udd" 3514
"C:/Users/willi/AppData/Local/UnrealEngine/Common/DerivedDataCache/9/5/6/TEXTURE_E01F4250BECD420DA9CE63B5EECEC2C2_OODLE_BC5_11_C4EA10CE4FC12C74B8D66498__96180A8657447CD467F6D8E080F20F718878CB4E.udd" 3515
"C:/Users/willi/AppData/Local/UnrealEngine/Common/DerivedDataCache/8/3/3/TEXTURE_E01F4250BECD420DA9CE63B5EECEC2C2_OODLE_BC5_11_C4EA10CE4FC12C74B8D66498__CE958085615ADC23A7D6A8A528EC6E55B382037B.udd" 3516
"C:/Users/willi/AppData/Local/UnrealEngine/Common/DerivedDataCache/3/6/2/TEXTURE_E01F4250BECD420DA9CE63B5EECEC2C2_OODLE_BC5_11_C4EA10CE4FC12C74B8D66498__9818CBFCF37F32E602A751F25AFE60B6287151EF.udd" 3517
"C:/Users/willi/AppData/Local/UnrealEngine/Common/DerivedDataCache/2/4/4/TEXTURE_E01F4250BECD420DA9CE63B5EECEC2C2_OODLE_AUTODXT_11_FAADBA2543336B9E1356__B1A3BD95841A730471AEA4DADED7593B3F75503C.udd" 3518
"C:/Users/willi/AppData/Local/UnrealEngine/Common/DerivedDataCache/9/5/3/TEXTURE_E01F4250BECD420DA9CE63B5EECEC2C2_OODLE_AUTODXT_11_FAADBA2543336B9E1356__CD6E2BC1F02F48FC5F2084E6F36423233D5D7CB8.udd" 3519
"C:/Users/willi/AppData/Local/UnrealEngine/Common/DerivedDataCache/4/5/3/TEXTURE_E01F4250BECD420DA9CE63B5EECEC2C2_OODLE_AUTODXT_11_FAADBA2543336B9E1356__0B15310DBF587D1F366E2060CA3A7842C4A14824.udd" 3520
"C:/Users/willi/AppData/Local/UnrealEngine/Common/DerivedDataCache/0/4/3/TEXTURE_E01F4250BECD420DA9CE63B5EECEC2C2_OODLE_AUTODXT_11_FAADBA2543336B9E1356__317C23E6CE669EFD01A1FC40132A0B165D6BF3D6.udd" 3521
"C:/Users/willi/AppData/Local/UnrealEngine/Common/DerivedDataCache/8/4/0/TEXTURE_E01F4250BECD420DA9CE63B5EECEC2C2_OODLE_AUTODXT_11_FAADBA2543336B9E1356__0FC7075A331BD3EA0E0BDD8F653B0EB6FFB5F693.udd" 3522
"C:/Users/willi/AppData/Local/UnrealEngine/Common/DerivedDataCache/0/3/8/TEXTURE_E01F4250BECD420DA9CE63B5EECEC2C2_OODLE_AUTODXT_11_FAADBA2543336B9E1356__B17661D461362B78706AB3D8F9F13E17B56A76E6.udd" 3523
"C:/Users/willi/AppData/Local/UnrealEngine/Common/DerivedDataCache/6/9/8/TEXTURE_E01F4250BECD420DA9CE63B5EECEC2C2_OODLE_AUTODXT_11_BFFA78FF458B10B9A238__239235819AA88A2345ECB4BF5B50B33D3449455C.udd" 3524
"C:/Users/willi/AppData/Local/UnrealEngine/Common/DerivedDataCache/8/0/1/TEXTURE_E01F4250BECD420DA9CE63B5EECEC2C2_OODLE_AUTODXT_11_BFFA78FF458B10B9A238__6343C50C7391B1F96C5329E2D62232B40040D591.udd" 3525
"C:/Users/willi/AppData/Local/UnrealEngine/Common/DerivedDataCache/5/9/9/TEXTURE_E01F4250BECD420DA9CE63B5EECEC2C2_OODLE_AUTODXT_11_BFFA78FF458B10B9A238__1D5C7EE4E8D7641C65F290B55837A14FF62C77CD.udd" 3526
"C:/Users/willi/AppData/Local/UnrealEngine/Common/DerivedDataCache/7/1/3/TEXTURE_E01F4250BECD420DA9CE63B5EECEC2C2_OODLE_AUTODXT_11_BFFA78FF458B10B9A238__9FBE490525A92A85D3B9118B477A0B2473BC77F6.udd" 3527
"C:/Users/willi/AppData/Local/UnrealEngine/Common/DerivedDataCache/0/0/3/TEXTURE_E01F4250BECD420DA9CE63B5EECEC2C2_OODLE_AUTODXT_11_BFFA78FF458B10B9A238__32387539F7FE7672716211B64483374F3F995BF2.udd" 3528
"C:/Users/willi/AppData/Local/UnrealEngine/Common/DerivedDataCache/3/9/7/TEXTURE_E01F4250BECD420DA9CE63B5EECEC2C2_OODLE_AUTODXT_11_BFFA78FF458B10B9A238__12AE4513BC1A607567B46C78BC774E30ACF47178.udd" 3529
"C:/Users/willi/AppData/Local/UnrealEngine/Common/DerivedDataCache/8/5/2/TEXTURE_E01F4250BECD420DA9CE63B5EECEC2C2_OODLE_BC5_11_880984E046612ECA217A3B84__FA57F1BE1D2C81EF7625E147E532F4B4E0DB2460.udd" 3530
"C:/Users/willi/AppData/Local/UnrealEngine/Common/DerivedDataCache/0/2/3/TEXTURE_E01F4250BECD420DA9CE63B5EECEC2C2_OODLE_BC5_11_880984E046612ECA217A3B84__EA1FD6287D245C3C18DF2077108BAF0BDC8F8A66.udd" 3531
"C:/Users/willi/AppData/Local/UnrealEngine/Common/DerivedDataCache/9/4/7/TEXTURE_E01F4250BECD420DA9CE63B5EECEC2C2_OODLE_BC5_11_880984E046612ECA217A3B84__A3648CD595345077D84BF15515491156201673C7.udd" 3532
"C:/Users/willi/AppData/Local/UnrealEngine/Common/DerivedDataCache/3/0/7/TEXTURE_E01F4250BECD420DA9CE63B5EECEC2C2_OODLE_BC5_11_880984E046612ECA217A3B84__959DBC738FBB6F6657FB8B563015881F80759B98.udd" 3533
"C:/Users/willi/AppData/Local/UnrealEngine/Common/DerivedDataCache/1/7/1/TEXTURE_E01F4250BECD420DA9CE63B5EECEC2C2_OODLE_AUTODXT_11_71D6702B4348D760AE66__4729372FA0470C99BFCEA8C09B5824D0638AB98E.udd" 3534
"C:/Users/willi/AppData/Local/UnrealEngine/Common/DerivedDataCache/7/0/6/TEXTURE_E01F4250BECD420DA9CE63B5EECEC2C2_OODLE_BC5_11_880984E046612ECA217A3B84__92CFA00D07F8129A0E6C3FB2E10DE8C6871662B3.udd" 3535
"C:/Users/willi/AppData/Local/UnrealEngine/Common/DerivedDataCache/8/8/4/TEXTURE_E01F4250BECD420DA9CE63B5EECEC2C2_OODLE_BC5_11_880984E046612ECA217A3B84__4564FF2E00C02606D36F93673085DA0A58AC589B.udd" 3536
"C:/Users/willi/AppData/Local/UnrealEngine/Common/DerivedDataCache/9/3/0/TEXTURE_E01F4250BECD420DA9CE63B5EECEC2C2_OODLE_AUTODXT_11_71D6702B4348D760AE66__8A703A7FC27E89E50A2C97B7CEAF32E26695FEB3.udd" 3537
"C:/Users/willi/AppData/Local/UnrealEngine/Common/DerivedDataCache/8/2/7/TEXTURE_E01F4250BECD420DA9CE63B5EECEC2C2_OODLE_AUTODXT_11_71D6702B4348D760AE66__20F3CBB146CCCE47CF5C9B000A9F0BEBA5CDE351.udd" 3538
"C:/Users/willi/AppData/Local/UnrealEngine/Common/DerivedDataCache/9/2/4/TEXTURE_E01F4250BECD420DA9CE63B5EECEC2C2_OODLE_AUTODXT_11_71D6702B4348D760AE66__44EA0E7DB9710144811DE75E5BD86C0C2FD93EA3.udd" 3539
"C:/Users/willi/AppData/Local/UnrealEngine/Common/DerivedDataCache/9/5/4/TEXTURE_E01F4250BECD420DA9CE63B5EECEC2C2_OODLE_AUTODXT_11_71D6702B4348D760AE66__0BC047BFCE7648DE217B81A91A3A69B160A413C1.udd" 3540
"C:/Users/willi/AppData/Local/UnrealEngine/Common/DerivedDataCache/1/1/2/TEXTURE_E01F4250BECD420DA9CE63B5EECEC2C2_OODLE_AUTODXT_11_71D6702B4348D760AE66__BE8F11EB61C342DFEC963F7033B2C8B66197D517.udd" 3541
"C:/Users/willi/AppData/Local/UnrealEngine/Common/DerivedDataCache/4/1/6/TEXTURE_E01F4250BECD420DA9CE63B5EECEC2C2_OODLE_AUTODXT_11_056B00834479607D089B__BEBC31B7AC3EA0ADFAD3CC74715C282F1071AD3F.udd" 3542
"C:/Users/willi/AppData/Local/UnrealEngine/Common/DerivedDataCache/1/8/2/TEXTURE_E01F4250BECD420DA9CE63B5EECEC2C2_OODLE_AUTODXT_11_056B00834479607D089B__F0BB9CD15E0541CFA370EC3EF1DD04595A01EE63.udd" 3543
"C:/Users/willi/AppData/Local/UnrealEngine/Common/DerivedDataCache/1/5/9/TEXTURE_E01F4250BECD420DA9CE63B5EECEC2C2_OODLE_AUTODXT_11_056B00834479607D089B__FC958F202AC93DC7DD72B8D7139582F4FB9077F7.udd" 3544
"C:/Users/willi/AppData/Local/UnrealEngine/Common/DerivedDataCache/6/1/9/TEXTURE_E01F4250BECD420DA9CE63B5EECEC2C2_OODLE_AUTODXT_11_056B00834479607D089B__80D82BDC98DBF28103EDD805A24C76D5BE79F5D7.udd" 3545
"C:/Users/willi/AppData/Local/UnrealEngine/Common/DerivedDataCache/7/5/2/TEXTURE_E01F4250BECD420DA9CE63B5EECEC2C2_OODLE_AUTODXT_11_056B00834479607D089B__408568575D97CD65A565EB6F1AEA0ABD4DF26693.udd" 3546
"C:/Users/willi/AppData/Local/UnrealEngine/Common/DerivedDataCache/1/7/4/TEXTURE_E01F4250BECD420DA9CE63B5EECEC2C2_OODLE_AUTODXT_11_056B00834479607D089B__7108101B8912E2F9B59578BD679223871352E7EF.udd" 3547
"C:/Users/willi/AppData/Local/UnrealEngine/Common/DerivedDataCache/8/5/0/TEXTURE_E01F4250BECD420DA9CE63B5EECEC2C2_OODLE_BC5_11_96B3CBCF455C3F58CE90E1A9__3A0B0105ECEB779715E42615DBC644D9F4DBE6ED.udd" 3548
"C:/Users/willi/AppData/Local/UnrealEngine/Common/DerivedDataCache/4/1/5/TEXTURE_E01F4250BECD420DA9CE63B5EECEC2C2_OODLE_AUTODXT_11_8C0BE1174BD7E6F89F7A__C0D04974D16F40353F824FBA22DF3AB57DBC9871.udd" 3549
"C:/Users/willi/AppData/Local/UnrealEngine/Common/DerivedDataCache/5/3/0/TEXTURE_E01F4250BECD420DA9CE63B5EECEC2C2_OODLE_BC5_11_96B3CBCF455C3F58CE90E1A9__EFF73107E7778D7331EBDB5434C090E351123B82.udd" 3550
"C:/Users/willi/AppData/Local/UnrealEngine/Common/DerivedDataCache/2/1/8/TEXTURE_E01F4250BECD420DA9CE63B5EECEC2C2_OODLE_BC5_11_96B3CBCF455C3F58CE90E1A9__CB5DB6C487325A505BB826333C08D574351AAD58.udd" 3551
"C:/Users/willi/AppData/Local/UnrealEngine/Common/DerivedDataCache/1/4/6/TEXTURE_E01F4250BECD420DA9CE63B5EECEC2C2_OODLE_BC5_11_96B3CBCF455C3F58CE90E1A9__62E47815E31A7C457792754AD28D748D57FB6DCD.udd" 3552
"C:/Users/willi/AppData/Local/UnrealEngine/Common/DerivedDataCache/8/3/9/TEXTURE_E01F4250BECD420DA9CE63B5EECEC2C2_OODLE_BC5_11_96B3CBCF455C3F58CE90E1A9__42E774C04B658B512A9A2DE1FF5DA444DC64273E.udd" 3553
"C:/Users/willi/AppData/Local/UnrealEngine/Common/DerivedDataCache/5/4/1/TEXTURE_E01F4250BECD420DA9CE63B5EECEC2C2_OODLE_AUTODXT_11_8C0BE1174BD7E6F89F7A__4FE0A651779623E239AD4E3DBE474EDB026925EA.udd" 3554
"C:/Users/willi/AppData/Local/UnrealEngine/Common/DerivedDataCache/6/4/0/TEXTURE_E01F4250BECD420DA9CE63B5EECEC2C2_OODLE_BC5_11_96B3CBCF455C3F58CE90E1A9__F1C3A00BEDC174E36C0DA9456146FAFA348B1042.udd" 3555
"C:/Users/willi/AppData/Local/UnrealEngine/Common/DerivedDataCache/9/8/5/TEXTURE_E01F4250BECD420DA9CE63B5EECEC2C2_OODLE_AUTODXT_11_8C0BE1174BD7E6F89F7A__989E323BA1C4CD647473F0E4A33AB101F3D0BC41.udd" 3556
"C:/Users/willi/AppData/Local/UnrealEngine/Common/DerivedDataCache/0/5/9/TEXTURE_E01F4250BECD420DA9CE63B5EECEC2C2_OODLE_AUTODXT_11_8C0BE1174BD7E6F89F7A__C4A5FD39BA7D793C48A81A706AF408CAB6CF1CBD.udd" 3557
"C:/Users/willi/AppData/Local/UnrealEngine/Common/DerivedDataCache/6/1/8/TEXTURE_E01F4250BECD420DA9CE63B5EECEC2C2_OODLE_AUTODXT_11_8C0BE1174BD7E6F89F7A__6ECA1D395C9F0DDF5D396E71E02350C9E0FCB25F.udd" 3558
"C:/Users/willi/AppData/Local/UnrealEngine/Common/DerivedDataCache/1/8/8/TEXTURE_E01F4250BECD420DA9CE63B5EECEC2C2_OODLE_AUTODXT_11_8C0BE1174BD7E6F89F7A__1178482BB22FC018E0E47C222DD7FA085E440B5A.udd" 3559
"C:/Users/willi/AppData/Local/UnrealEngine/Common/DerivedDataCache/5/3/3/TEXTURE_E01F4250BECD420DA9CE63B5EECEC2C2_OODLE_AUTODXT_11_4DA97B42445694BB9E6C__2279F627BD804DDE6ABDBD1369B75ACE1625B55C.udd" 3560
"C:/Users/willi/AppData/Local/UnrealEngine/Common/DerivedDataCache/8/1/9/TEXTURE_E01F4250BECD420DA9CE63B5EECEC2C2_OODLE_AUTODXT_11_4DA97B42445694BB9E6C__4A1E086E1501E3DCC27AE90EA5884F18085C012E.udd" 3561
"C:/Users/willi/AppData/Local/UnrealEngine/Common/DerivedDataCache/2/0/0/TEXTURE_E01F4250BECD420DA9CE63B5EECEC2C2_OODLE_AUTODXT_11_4DA97B42445694BB9E6C__31D214D543493D7B946F5ABD993A4FED8A9C3B3D.udd" 3562
"C:/Users/willi/AppData/Local/UnrealEngine/Common/DerivedDataCache/6/0/4/TEXTURE_E01F4250BECD420DA9CE63B5EECEC2C2_OODLE_AUTODXT_11_4DA97B42445694BB9E6C__F669E05F07FA159337CEE86CCE7EEF0DFD2E39AF.udd" 3563
"C:/Users/willi/AppData/Local/UnrealEngine/Common/DerivedDataCache/9/3/9/TEXTURE_E01F4250BECD420DA9CE63B5EECEC2C2_OODLE_AUTODXT_11_4DA97B42445694BB9E6C__586760CBA9EA43B78495FFE80FEA0394679A3DA3.udd" 3564
"C:/Users/willi/AppData/Local/UnrealEngine/Common/DerivedDataCache/7/4/3/TEXTURE_E01F4250BECD420DA9CE63B5EECEC2C2_OODLE_AUTODXT_11_4DA97B42445694BB9E6C__D9997640CE6561C3B2258759E4E41B00A9D411FB.udd" 3565
"C:/Users/willi/AppData/Local/UnrealEngine/Common/DerivedDataCache/8/2/8/MATSM_0BA69734E4FD45E082FA4560DBE25454_PCD3D_SM5_8__BC5N_NOCCBN_NOIRIS_DEV_SL___4F9E3C3D48A3C69439FE9F22E11C367615EF64B8.udd" 3566
"C:/Users/willi/AppData/Local/UnrealEngine/Common/DerivedDataCache/6/6/4/MATSM_0BA69734E4FD45E082FA4560DBE25454_PCD3D_SM5_8__BC5N_NOCCBN_NOIRIS_DEV_SL___AEE203433F410244F7946B4A9EFBD07B090BAF44.udd" 3567
"C:/Users/willi/AppData/Local/UnrealEngine/Common/DerivedDataCache/1/1/5/MATSM_0BA69734E4FD45E082FA4560DBE25454_PCD3D_SM5_8__BC5N_NOCCBN_NOIRIS_DEV_SL___8902D9A3C14DECA776E10344FDD09A6C15057E7A.udd" 3568
"C:/Users/willi/AppData/Local/UnrealEngine/Common/DerivedDataCache/9/3/8/MATSM_0BA69734E4FD45E082FA4560DBE25454_PCD3D_SM5_8__BC5N_NOCCBN_NOIRIS_DEV_SL___9480EC8767C7384644C833DEC16E98734CAB6657.udd" 3569
"C:/Users/willi/AppData/Local/UnrealEngine/Common/DerivedDataCache/9/9/6/MATSM_0BA69734E4FD45E082FA4560DBE25454_PCD3D_SM5_8__BC5N_NOCCBN_NOIRIS_DEV_SL___AEC2B0EB746A309F8D4702038205C28D9EE9DDCC.udd" 3570
"C:/Users/willi/AppData/Local/UnrealEngine/Common/DerivedDataCache/7/3/8/MATSM_0BA69734E4FD45E082FA4560DBE25454_PCD3D_SM5_8__BC5N_NOCCBN_NOIRIS_DEV_SL___AF2B1615C08193D165A848836BDCAEFD2C9C096F.udd" 3571
"C:/Users/willi/AppData/Local/UnrealEngine/Common/DerivedDataCache/2/4/3/MATSM_0BA69734E4FD45E082FA4560DBE25454_PCD3D_SM5_8__BC5N_NOCCBN_NOIRIS_DEV_SL___1ABF4D9972B303C1BD45FA6B9F5BC87AA508154A.udd" 3572
"C:/Users/willi/AppData/Local/UnrealEngine/Common/DerivedDataCache/5/8/1/MATSM_0BA69734E4FD45E082FA4560DBE25454_PCD3D_SM5_8__BC5N_NOCCBN_NOIRIS_DEV_SL___300CAF9B25DED484264B2F1F15561AFCCD148AD9.udd" 3573
"C:/Users/willi/AppData/Local/UnrealEngine/Common/DerivedDataCache/8/6/0/MATSM_0BA69734E4FD45E082FA4560DBE25454_PCD3D_SM5_8__BC5N_NOCCBN_NOIRIS_DEV_SL___5B0C2952F3D0068F5EF4755FE1714F6F70F00C79.udd" 3574
"C:/Users/willi/AppData/Local/UnrealEngine/Common/DerivedDataCache/6/7/6/MATSM_0BA69734E4FD45E082FA4560DBE25454_PCD3D_SM5_8__BC5N_NOCCBN_NOIRIS_DEV_SL___410D13A145F4FA7561DA8013FADF4FB1B9944833.udd" 3575
"C:/Users/willi/AppData/Local/UnrealEngine/Common/DerivedDataCache/5/1/6/MATSM_0BA69734E4FD45E082FA4560DBE25454_PCD3D_SM5_8__BC5N_NOCCBN_NOIRIS_DEV_SL___B163DC2FE0608E52FED83DDE626D24F1E2C57565.udd" 3576
"C:/Users/willi/AppData/Local/UnrealEngine/Common/DerivedDataCache/2/9/5/MATSM_0BA69734E4FD45E082FA4560DBE25454_PCD3D_SM5_8__BC5N_NOCCBN_NOIRIS_DEV_SL___48A684125070AE076ECED16416476C4E76F01BD7.udd" 3577
"C:/Users/willi/AppData/Local/UnrealEngine/Common/DerivedDataCache/8/9/0/MATSM_0BA69734E4FD45E082FA4560DBE25454_PCD3D_SM5_8__BC5N_NOCCBN_NOIRIS_DEV_SL___9947B81D94F4508CEC1C9FD9330402D80C296AF2.udd" 3578
"C:/Users/willi/AppData/Local/UnrealEngine/Common/DerivedDataCache/3/0/6/MATSM_0BA69734E4FD45E082FA4560DBE25454_PCD3D_SM5_8__BC5N_NOCCBN_NOIRIS_DEV_SL___431A60E60F2A2EFCC71629DE8D96566DF4E825D9.udd" 3579
"C:/Users/willi/AppData/Local/UnrealEngine/Common/DerivedDataCache/3/1/1/MATSM_0BA69734E4FD45E082FA4560DBE25454_PCD3D_SM5_8__BC5N_NOCCBN_NOIRIS_DEV_SL___585B96406E87EEA546B5E382F66B51F940369DB2.udd" 3580
"C:/Users/willi/AppData/Local/UnrealEngine/Common/DerivedDataCache/4/5/0/MATSM_0BA69734E4FD45E082FA4560DBE25454_PCD3D_SM5_8__BC5N_NOCCBN_NOIRIS_DEV_SL___805E45F2C94D96F359EC1B087A3752466FDE04E0.udd" 3581
"C:/Users/willi/AppData/Local/UnrealEngine/Common/DerivedDataCache/8/2/6/MATSM_0BA69734E4FD45E082FA4560DBE25454_PCD3D_SM5_8__BC5N_NOCCBN_NOIRIS_DEV_SL___32773BFFDD186D1DB4BFDADF96C7F9B8B1C61F11.udd" 3582
"C:/Users/willi/AppData/Local/UnrealEngine/Common/DerivedDataCache/4/7/1/MATSM_0BA69734E4FD45E082FA4560DBE25454_PCD3D_SM5_8__BC5N_NOCCBN_NOIRIS_DEV_SL___6B41A86A9FCF059A241FCDDB9099D49F331312DA.udd" 3583
"C:/Users/willi/AppData/Local/UnrealEngine/Common/DerivedDataCache/3/8/0/MATSM_0BA69734E4FD45E082FA4560DBE25454_PCD3D_SM5_8__BC5N_NOCCBN_NOIRIS_DEV_SL___AAC5C65F29F04BEAE63A85F5409A0D120B067744.udd" 3584
"C:/Users/willi/AppData/Local/UnrealEngine/Common/DerivedDataCache/1/4/2/MATSM_0BA69734E4FD45E082FA4560DBE25454_PCD3D_SM5_8__BC5N_NOCCBN_NOIRIS_DEV_SL___BC42EE2B9DA77090A6ECE1D85D4490C1A18C30E0.udd" 3585
"C:/Users/willi/AppData/Local/UnrealEngine/Common/DerivedDataCache/9/7/8/MATSM_0BA69734E4FD45E082FA4560DBE25454_PCD3D_SM5_8__BC5N_NOCCBN_NOIRIS_DEV_SL___C0CBB4787A61850672F4DC831B0244ABB6397693.udd" 3586
"C:/Users/willi/Documents/GitHub/fnaf-spelet/Content/Sequences/DesertIntro.uasset" 3587
"C:/Users/willi/AppData/Local/UnrealEngine/Common/DerivedDataCache/5/4/3/STATICMESH_9CE2B6FB46754B699726C4AA1515F12E_228332BAE0224DD294E232B87D83948FQU__623A59C170C6BE783738E8542FCA37A67F49C85E.udd" 3588
"C:/Users/willi/AppData/Local/UnrealEngine/Common/DerivedDataCache/8/5/3/PHYSX_A08609EF508D460CBB6710540B03AACF_PHYSXPC_5D0ABCF14EE715932A0F4E8317457C8__ADD89F67D15B4B017BE781EADBAEC273F5EA4C1A.udd" 3589
"C:/Users/willi/AppData/Local/UnrealEngine/Common/DerivedDataCache/3/5/1/NAVCOLLISION_2983273BE5D6425391E8C0B3D1C0A55D_NAVCOLLISION_X_5D0ABCF14EE715932__3ECD03B68D8FDC7FB3DCEC2DF18263BFC8649755.udd" 3590
"C:/Users/willi/Documents/GitHub/fnaf-spelet/Content/Levels/ForestIntro_sharedassets/Grass_LayerInfo.uasset" 3591
"C:/Users/willi/Documents/GitHub/fnaf-spelet/Content/Levels/ForestIntro_BuiltData.uasset" 3592
"C:/Users/willi/Documents/GitHub/fnaf-spelet/Content/Sounds/845903__huglex__phonebuzzquiet.uasset" 3593
"C:/Users/willi/Documents/GitHub/fnaf-spelet/Content/Levels/ForestIntro_sharedassets/Dirt_LayerInfo.uasset" 3594
"C:/Users/willi/Documents/GitHub/fnaf-spelet/Content/Sounds/427040__lizardhood__birds-chirping_1_.uasset" 3595
"C:/Users/willi/Documents/GitHub/fnaf-spelet/Content/Textures/rocky_terrain_02_4k/textures/rocky_terrain_02_diff_4k.uasset" 3596
"C:/Users/willi/Documents/GitHub/fnaf-spelet/Content/Textures/dirt_2k/textures/dirt_diff_2k.uasset" 3597
"C:/Users/willi/Documents/GitHub/fnaf-spelet/Content/Materials/M_Grass.uasset" 3598
"C:/Users/willi/AppData/Local/UnrealEngine/Common/DerivedDataCache/5/0/5/STATICMESH_9CE2B6FB46754B699726C4AA1515F12E_228332BAE0224DD294E232B87D83948FQU__6D5983988AF42EAFDD940C84A95EBF6C823DB384.udd" 3599
"C:/Users/willi/AppData/Local/UnrealEngine/Common/DerivedDataCache/5/9/3/PHYSX_A08609EF508D460CBB6710540B03AACF_PHYSXPC_3C1A4FF0480B438FA6A504A3B53613B__D4F94D165E945864B26991985094A23A99908518.udd" 3600
"C:/Users/willi/AppData/Local/UnrealEngine/Common/DerivedDataCache/7/9/3/NAVCOLLISION_2983273BE5D6425391E8C0B3D1C0A55D_NAVCOLLISION_X_3C1A4FF0480B438FA__864956A32137236C0B431E137E5B06085CA53ECD.udd" 3601
"C:/Users/willi/Documents/GitHub/fnaf-spelet/Content/Assets/tree/scene/Textures/5_trunk_normal.uasset" 3602
"C:/Users/willi/AppData/Local/UnrealEngine/Common/DerivedDataCache/8/6/7/STATICMESH_9CE2B6FB46754B699726C4AA1515F12E_228332BAE0224DD294E232B87D83948FQU__A47551CBA46725304C6730B62D0FCEDDEFFDAFA7.udd" 3603
"C:/Users/willi/AppData/Local/UnrealEngine/Common/DerivedDataCache/7/7/2/PHYSX_A08609EF508D460CBB6710540B03AACF_PHYSXPC_930DA4D148638B8BD7C460B8BA8E59C__1EEA831885D1595467FC41ACD91BE2ED820C99C8.udd" 3604
"C:/Users/willi/AppData/Local/UnrealEngine/Common/DerivedDataCache/3/9/0/NAVCOLLISION_2983273BE5D6425391E8C0B3D1C0A55D_NAVCOLLISION_X_930DA4D148638B8BD__82F6514F5E28453B91A387A69B6CBCD021C403B9.udd" 3605
"C:/Users/willi/AppData/Local/UnrealEngine/Common/DerivedDataCache/4/1/0/STATICMESH_9CE2B6FB46754B699726C4AA1515F12E_228332BAE0224DD294E232B87D83948FQU__D75A2EEC00A97774E4FA3B53C9C594AFACD901F7.udd" 3606
"C:/Users/willi/AppData/Local/UnrealEngine/Common/DerivedDataCache/9/7/4/PHYSX_A08609EF508D460CBB6710540B03AACF_PHYSXPC_CFBC1D224061ED2221B527B62C6653F__611C112835EC7FA989CCC33E9AF9C1274A04469C.udd" 3607
"C:/Users/willi/Documents/GitHub/fnaf-spelet/Content/Assets/tree/scene/Textures/4_trunk_metallicRoughness.uasset" 3608
"C:/Users/willi/AppData/Local/UnrealEngine/Common/DerivedDataCache/2/4/2/NAVCOLLISION_2983273BE5D6425391E8C0B3D1C0A55D_NAVCOLLISION_X_CFBC1D224061ED222__82DACC68C46E541FDFD9C51EEFAD94EA5F6BA2B9.udd" 3609
"C:/Users/willi/Documents/GitHub/fnaf-spelet/Content/Assets/tree/scene/Textures/3_trunk_baseColor.uasset" 3610
"C:/Users/willi/Documents/GitHub/fnaf-spelet/Content/Assets/tree/scene/Materials/Master/trunk.uasset" 3611
"C:/Users/willi/Documents/GitHub/fnaf-spelet/Content/Assets/tree/scene/Materials/trunk.uasset" 3612
"C:/Users/willi/Documents/GitHub/fnaf-spelet/Content/Assets/tree/scene/Textures/2_normal_leaves_normal.uasset" 3613
"C:/Users/willi/AppData/Local/UnrealEngine/Common/DerivedDataCache/7/6/9/PHYSX_A08609EF508D460CBB6710540B03AACF_PHYSXPC_BD2C3B0F434D6F2341BE8F9C6B5D94CA__1_0_0_0_2_13315_0.udd" 3614
"C:/Users/willi/Documents/GitHub/fnaf-spelet/Content/Assets/tree/scene/Textures/1_normal_leaves_metallicRoughness.uasset" 3615
"C:/Users/willi/Documents/GitHub/fnaf-spelet/Content/Assets/tree/scene/Textures/0_normal_leaves_baseColor.uasset" 3616
"C:/Users/willi/Documents/GitHub/fnaf-spelet/Content/Assets/tree/scene/Materials/Master/normal_leaves.uasset" 3617
"C:/Users/willi/Documents/GitHub/fnaf-spelet/Content/Assets/tree/scene/Materials/normal_leaves.uasset" 3618
"C:/Users/willi/Documents/GitHub/fnaf-spelet/Content/Assets/tree/SM_MERGED_2_trunk_low_trunk_18.uasset" 3619
"C:/Users/willi/AppData/Local/UnrealEngine/Common/DerivedDataCache/6/8/6/AUDIO_0005_0000_OGG10000$2D1$2D1$2D1$2D1$2D1_0004_74A9E68F4BE46FC02DC67F958FC3922B.udd" 3620
"C:/Users/willi/Documents/GitHub/fnaf-spelet/Content/Assets/NewInstancedStaticMeshFoliage.uasset" 3621
"C:/Users/willi/AppData/Local/UnrealEngine/Common/DerivedDataCache/0/5/4/AUDIO_0005_0000_OGG10000$2D1$2D1$2D1$2D1$2D1_0004_7FFDF95645B0AE61A3F47ABB62E8FC47.udd" 3622
"C:/Users/willi/AppData/Local/UnrealEngine/Common/DerivedDataCache/7/4/8/MATSM_0BA69734E4FD45E082FA4560DBE25454_PCD3D_SM5_8__BC5N_NOCCBN_NOIRIS_DEV_SL___5E5221875F23BA9A9EFBEDA594B24F68ED956DD9.udd" 3623
"C:/Users/willi/AppData/Local/UnrealEngine/Common/DerivedDataCache/0/1/0/MATSM_0BA69734E4FD45E082FA4560DBE25454_PCD3D_SM5_8__BC5N_NOCCBN_NOIRIS_DEV_SL___2E3F85A6681B9873B88F3C66DD049141E891490B.udd" 3624
"C:/Users/willi/AppData/Local/UnrealEngine/Common/DerivedDataCache/5/4/6/TEXTURE_E01F4250BECD420DA9CE63B5EECEC2C2_OODLE_AUTODXT_11_70FD2BD84FDA95075E8E__5D82F4C724D6A54544F86D6AB45586112B8C4A4C.udd" 3625
"C:/Users/willi/AppData/Local/UnrealEngine/Common/DerivedDataCache/3/2/5/TEXTURE_E01F4250BECD420DA9CE63B5EECEC2C2_OODLE_DXT1_11_FAE194B44F7AC3CA6284A39__042C8DDBBD3BF197FD35A6399D237D4DBC9C6AF6.udd" 3626
"C:/Users/willi/AppData/Local/UnrealEngine/Common/DerivedDataCache/9/9/8/TEXTURE_E01F4250BECD420DA9CE63B5EECEC2C2_OODLE_AUTODXT_11_70FD2BD84FDA95075E8E__B7C5FAEC10F23BCC418EAA165FA26C66F70B7580.udd" 3627
"C:/Users/willi/AppData/Local/UnrealEngine/Common/DerivedDataCache/1/4/2/TEXTURE_E01F4250BECD420DA9CE63B5EECEC2C2_OODLE_AUTODXT_11_70FD2BD84FDA95075E8E__45D1BCC57CE9DA9A0A0EDF8769D056CB1BE2CC19.udd" 3628
"C:/Users/willi/AppData/Local/UnrealEngine/Common/DerivedDataCache/4/4/3/TEXTURE_E01F4250BECD420DA9CE63B5EECEC2C2_OODLE_AUTODXT_11_70FD2BD84FDA95075E8E__77473184148A2319272B84F6A392CAB54A466891.udd" 3629
"C:/Users/willi/AppData/Local/UnrealEngine/Common/DerivedDataCache/1/5/3/TEXTURE_E01F4250BECD420DA9CE63B5EECEC2C2_OODLE_AUTODXT_11_70FD2BD84FDA95075E8E__827156D68230212C7D6400D42434923A379B8C7D.udd" 3630
"C:/Users/willi/AppData/Local/UnrealEngine/Common/DerivedDataCache/1/8/7/TEXTURE_E01F4250BECD420DA9CE63B5EECEC2C2_OODLE_DXT1_11_FAE194B44F7AC3CA6284A39__734945A30EAB012B39FAE6416180C38375CB9789.udd" 3631
"C:/Users/willi/AppData/Local/UnrealEngine/Common/DerivedDataCache/5/7/9/TEXTURE_E01F4250BECD420DA9CE63B5EECEC2C2_OODLE_DXT1_11_FAE194B44F7AC3CA6284A39__BBF6EAD8900246D0D28A9DC6A6307C4A45CDF04F.udd" 3632
"C:/Users/willi/AppData/Local/UnrealEngine/Common/DerivedDataCache/5/6/7/TEXTURE_E01F4250BECD420DA9CE63B5EECEC2C2_OODLE_DXT1_11_FAE194B44F7AC3CA6284A39__3E8BD60B6C694ACD769C483A3F21B7550DCAFF21.udd" 3633
"C:/Users/willi/AppData/Local/UnrealEngine/Common/DerivedDataCache/4/6/2/TEXTURE_E01F4250BECD420DA9CE63B5EECEC2C2_OODLE_DXT1_11_FAE194B44F7AC3CA6284A39__C2D382E6245E7C885C9F310B463EDCFF17403FF9.udd" 3634
"C:/Users/willi/AppData/Local/UnrealEngine/Common/DerivedDataCache/3/7/6/TEXTURE_E01F4250BECD420DA9CE63B5EECEC2C2_OODLE_AUTODXT_11_19EB34E74657CF197B3F__0BE4EE84B5763DBF808A55B36F4A58668C0250BF.udd" 3635
"C:/Users/willi/AppData/Local/UnrealEngine/Common/DerivedDataCache/8/3/1/TEXTURE_E01F4250BECD420DA9CE63B5EECEC2C2_OODLE_AUTODXT_11_19EB34E74657CF197B3F__CD6161A0F750762ABECCA08192D9DD1FC9699B90.udd" 3636
"C:/Users/willi/AppData/Local/UnrealEngine/Common/DerivedDataCache/9/1/1/TEXTURE_E01F4250BECD420DA9CE63B5EECEC2C2_OODLE_AUTODXT_11_19EB34E74657CF197B3F__7D25DCC80B13635328DAC36F27B2EE365AF05924.udd" 3637
"C:/Users/willi/AppData/Local/UnrealEngine/Common/DerivedDataCache/1/7/5/TEXTURE_E01F4250BECD420DA9CE63B5EECEC2C2_OODLE_AUTODXT_11_19EB34E74657CF197B3F__366CF7D76D0AD554E09BC5474ABA53B3A88801B5.udd" 3638
"C:/Users/willi/AppData/Local/UnrealEngine/Common/DerivedDataCache/4/8/1/STREAMEDAUDIO_BC6E92FBBD314E3B9B9EC6778749EB5E_OGG10000$2D1$2D1$2D1$2D1$2D1_4_74A9E68F4BE46FC02DC67F958FC3922B.udd" 3639
"C:/Users/willi/AppData/Local/UnrealEngine/Common/DerivedDataCache/7/0/3/TEXTURE_E01F4250BECD420DA9CE63B5EECEC2C2_OODLE_AUTODXT_11_19EB34E74657CF197B3F__AA2A6243B1C04EF65A533A0044B8BBAFF09E2F7E.udd" 3640
"C:/Users/willi/AppData/Local/UnrealEngine/Common/DerivedDataCache/2/3/8/TEXTURE_E01F4250BECD420DA9CE63B5EECEC2C2_OODLE_AUTODXT_11_19EB34E74657CF197B3F__DEDADEE4A597BE5603695CA32F8B52880AFEFBE7.udd" 3641
"C:/Users/willi/AppData/Local/UnrealEngine/Common/DerivedDataCache/9/4/1/TEXTURE_E01F4250BECD420DA9CE63B5EECEC2C2_OODLE_AUTODXT_11_19EB34E74657CF197B3F__41060ACB7FD7D442892CB5A36266149AC972CA4C.udd" 3642
"C:/Users/willi/AppData/Local/UnrealEngine/Common/DerivedDataCache/8/3/3/TEXTURE_E01F4250BECD420DA9CE63B5EECEC2C2_OODLE_AUTODXT_11_08B8A62742B4AF3DECF0__DDEDB6C78D97897578759574BA0FCE57C8C74D54.udd" 3643
"C:/Users/willi/AppData/Local/UnrealEngine/Common/DerivedDataCache/8/4/1/STREAMEDAUDIO_BC6E92FBBD314E3B9B9EC6778749EB5E_OGG10000$2D1$2D1$2D1$2D1$2D1_4_7FFDF95645B0AE61A3F47ABB62E8FC47.udd" 3644
"C:/Users/willi/AppData/Local/UnrealEngine/Common/DerivedDataCache/5/2/8/TEXTURE_E01F4250BECD420DA9CE63B5EECEC2C2_OODLE_AUTODXT_11_08B8A62742B4AF3DECF0__6C3383FF85CA4073E3825869429A0FFFF5268849.udd" 3645
"C:/Users/willi/AppData/Local/UnrealEngine/Common/DerivedDataCache/9/2/6/TEXTURE_E01F4250BECD420DA9CE63B5EECEC2C2_OODLE_AUTODXT_11_08B8A62742B4AF3DECF0__1A88BCBEC1B9BD44A7018AC2F48CF3C3861E9916.udd" 3646
"C:/Users/willi/AppData/Local/UnrealEngine/Common/DerivedDataCache/5/2/8/TEXTURE_E01F4250BECD420DA9CE63B5EECEC2C2_OODLE_AUTODXT_11_08B8A62742B4AF3DECF0__C20DC30D1A149286A43D1D47C91ECE88070D77DB.udd" 3647
"C:/Users/willi/AppData/Local/UnrealEngine/Common/DerivedDataCache/2/0/3/TEXTURE_E01F4250BECD420DA9CE63B5EECEC2C2_OODLE_AUTODXT_11_08B8A62742B4AF3DECF0__B829D0F0F68EF5D8376751ACE90F3095B1BB19F1.udd" 3648
"C:/Users/willi/AppData/Local/UnrealEngine/Common/DerivedDataCache/2/0/9/TEXTURE_E01F4250BECD420DA9CE63B5EECEC2C2_OODLE_AUTODXT_11_08B8A62742B4AF3DECF0__CCD5E200F32A034F10DF709390174FC6F8B8C158.udd" 3649
"C:/Users/willi/AppData/Local/UnrealEngine/Common/DerivedDataCache/6/5/7/MATSM_0BA69734E4FD45E082FA4560DBE25454_PCD3D_SM5_8__BC5N_NOCCBN_NOIRIS_DEV_SL___9633ACFAC9670CBAF924F0687DE09E1ADF4E8C7C.udd" 3650
"C:/Users/willi/AppData/Local/UnrealEngine/Common/DerivedDataCache/8/1/6/TEXTURE_E01F4250BECD420DA9CE63B5EECEC2C2_OODLE_BC5_11_111495A38643259E152A62FB__0FC81B5E7B49E571F984A0B17B0DF4BACDBA2B4D.udd" 3651
"C:/Users/willi/AppData/Local/UnrealEngine/Common/DerivedDataCache/6/9/6/TEXTURE_E01F4250BECD420DA9CE63B5EECEC2C2_OODLE_BC5_11_111495A38643259E152A62FB__CDB8DF08F021B88A7746DAE3D01A01DEB71862C4.udd" 3652
"C:/Users/willi/AppData/Local/UnrealEngine/Common/DerivedDataCache/0/3/0/TEXTURE_E01F4250BECD420DA9CE63B5EECEC2C2_OODLE_BC5_11_111495A38643259E152A62FB__258056AAC004A2B4EF12C2967C2C1841AC516B8B.udd" 3653
"C:/Users/willi/AppData/Local/UnrealEngine/Common/DerivedDataCache/5/4/2/TEXTURE_E01F4250BECD420DA9CE63B5EECEC2C2_OODLE_BC5_11_111495A38643259E152A62FB__A5280D37D987D890BEC08370D2F1685BA974BB67.udd" 3654
"C:/Users/willi/AppData/Local/UnrealEngine/Common/DerivedDataCache/9/9/1/TEXTURE_E01F4250BECD420DA9CE63B5EECEC2C2_OODLE_AUTODXT_11_4AF7A3ABA0A34C6280B6__DECB98E407C94E6B3ECB494F8953C05200FD5135.udd" 3655
"C:/Users/willi/AppData/Local/UnrealEngine/Common/DerivedDataCache/5/2/4/TEXTURE_E01F4250BECD420DA9CE63B5EECEC2C2_OODLE_BC5_11_111495A38643259E152A62FB__2E057132370BDD583C82C2A10BCAB9A9FFBAE35E.udd" 3656
"C:/Users/willi/AppData/Local/UnrealEngine/Common/DerivedDataCache/4/6/5/TEXTURE_E01F4250BECD420DA9CE63B5EECEC2C2_OODLE_AUTODXT_11_4AF7A3ABA0A34C6280B6__C30B7DC6705A999A29139BA4A76EEF332F6CE4BF.udd" 3657
"C:/Users/willi/AppData/Local/UnrealEngine/Common/DerivedDataCache/6/9/6/TEXTURE_E01F4250BECD420DA9CE63B5EECEC2C2_OODLE_AUTODXT_11_4AF7A3ABA0A34C6280B6__07AF1290E8613E7BD8372B3954E0B150204AD62C.udd" 3658
"C:/Users/willi/AppData/Local/UnrealEngine/Common/DerivedDataCache/2/2/4/TEXTURE_E01F4250BECD420DA9CE63B5EECEC2C2_OODLE_AUTODXT_11_4AF7A3ABA0A34C6280B6__89E42E4F198196EA4A54C01CFA7EC317C118DF2A.udd" 3659
"C:/Users/willi/AppData/Local/UnrealEngine/Common/DerivedDataCache/0/8/4/TEXTURE_E01F4250BECD420DA9CE63B5EECEC2C2_OODLE_AUTODXT_11_4AF7A3ABA0A34C6280B6__773226B70DD706A2627946C2AFB5D26C7AC69813.udd" 3660
"C:/Users/willi/AppData/Local/UnrealEngine/Common/DerivedDataCache/3/4/8/TEXTURE_E01F4250BECD420DA9CE63B5EECEC2C2_OODLE_AUTODXT_11_B7E48CEA8504FE554660__739608324084DD13F5FB829E6299DBF42EBF5FCE.udd" 3661
"C:/Users/willi/AppData/Local/UnrealEngine/Common/DerivedDataCache/9/5/7/TEXTURE_E01F4250BECD420DA9CE63B5EECEC2C2_OODLE_AUTODXT_11_B7E48CEA8504FE554660__8D989B45ED2D78B80AA9C52E580011395EE98B62.udd" 3662
"C:/Users/willi/AppData/Local/UnrealEngine/Common/DerivedDataCache/5/3/4/TEXTURE_E01F4250BECD420DA9CE63B5EECEC2C2_OODLE_AUTODXT_11_B7E48CEA8504FE554660__993EF6CA0E228D53C6593707D8366C978093A10A.udd" 3663
"C:/Users/willi/AppData/Local/UnrealEngine/Common/DerivedDataCache/3/5/4/TEXTURE_E01F4250BECD420DA9CE63B5EECEC2C2_OODLE_AUTODXT_11_B7E48CEA8504FE554660__B1E22530A413CBA1C28D292174CD98B4FAE18DCC.udd" 3664
"C:/Users/willi/AppData/Local/UnrealEngine/Common/DerivedDataCache/1/8/8/TEXTURE_E01F4250BECD420DA9CE63B5EECEC2C2_OODLE_AUTODXT_11_B7E48CEA8504FE554660__2EE9E8391B2B677B4C6FEAC8616AF0392D8CDA36.udd" 3665
"C:/Users/willi/AppData/Local/UnrealEngine/Common/DerivedDataCache/9/1/9/MATSM_0BA69734E4FD45E082FA4560DBE25454_PCD3D_SM5_8__BC5N_NOCCBN_NOIRIS_DEV_SL___DC972E2DF3658773D5BBF207A606C91C246E174A.udd" 3666
"C:/Users/willi/AppData/Local/UnrealEngine/Common/DerivedDataCache/7/5/8/STATICMESH_9CE2B6FB46754B699726C4AA1515F12E_228332BAE0224DD294E232B87D83948FQU__5C3A4921E1D432C0E52DB20B63F05952EB93FF6B.udd" 3667
"C:/Users/willi/AppData/Local/UnrealEngine/Common/DerivedDataCache/4/8/0/PHYSX_A08609EF508D460CBB6710540B03AACF_PHYSXPC_B6075F734431B8139A61D2B2F9F68EE__EF4816F8A4E5CBBE5A9D68DF32ED2AFCC49C259F.udd" 3668
"C:/Users/willi/AppData/Local/UnrealEngine/Common/DerivedDataCache/4/2/2/NAVCOLLISION_2983273BE5D6425391E8C0B3D1C0A55D_NAVCOLLISION_X_B6075F734431B8139__E47646E5A9F952B67677ADD8CF83FB4934E4F8F6.udd" 3669
"C:/Users/willi/AppData/Local/UnrealEngine/Common/DerivedDataCache/2/3/2/PHYSX_A08609EF508D460CBB6710540B03AACF_PHYSXPC_7C3C0C504B5F9C107E09749A2572BCDF__1_0_0_0_2_13315_0.udd" 3670
"C:/Users/willi/AppData/Local/UnrealEngine/Common/DerivedDataCache/7/9/9/MATSM_0BA69734E4FD45E082FA4560DBE25454_PCD3D_SM5_8__BC5N_NOCCBN_NOIRIS_DEV_SL___D3022B4B6942DBB254BC36625F0FC6D85BF8BF3A.udd" 3671
"C:/Users/willi/AppData/Local/UnrealEngine/Common/DerivedDataCache/5/6/0/MATSM_0BA69734E4FD45E082FA4560DBE25454_PCD3D_SM5_8__BC5N_NOCCBN_NOIRIS_DEV_SL___DF6821C1083EA9A7DADCC91F100C854046E09985.udd" 3672
"C:/Users/willi/AppData/Local/UnrealEngine/Common/DerivedDataCache/1/4/2/TEXTURE_E01F4250BECD420DA9CE63B5EECEC2C2_OODLE_BC5_11_B99A6A84431C819C99FA8A54__037AFFD4D501F0A35E35DE18E07D78DFC0B7706E.udd" 3673
"C:/Users/willi/AppData/Local/UnrealEngine/Common/DerivedDataCache/2/8/2/TEXTURE_E01F4250BECD420DA9CE63B5EECEC2C2_OODLE_BC5_11_B99A6A84431C819C99FA8A54__37A9BB431B3E984750B8885FE7027EDD40C508C2.udd" 3674
"C:/Users/willi/AppData/Local/UnrealEngine/Common/DerivedDataCache/6/9/3/TEXTURE_E01F4250BECD420DA9CE63B5EECEC2C2_OODLE_BC5_11_B99A6A84431C819C99FA8A54__1C6FB48BD29D1066CCC7DE010A19A3822DB7F7AE.udd" 3675
"C:/Users/willi/AppData/Local/UnrealEngine/Common/DerivedDataCache/4/0/7/TEXTURE_E01F4250BECD420DA9CE63B5EECEC2C2_OODLE_AUTODXT_11_E8A30B902ACDF3459A35__597BF37955DAB82CF5F4593709C67D21B54F1FBC.udd" 3676
"C:/Users/willi/AppData/Local/UnrealEngine/Common/DerivedDataCache/7/4/5/TEXTURE_E01F4250BECD420DA9CE63B5EECEC2C2_OODLE_AUTODXT_11_E8A30B902ACDF3459A35__60647353C7137333C9D5580988DBE20427A95495.udd" 3677
"C:/Users/willi/AppData/Local/UnrealEngine/Common/DerivedDataCache/7/1/6/TEXTURE_E01F4250BECD420DA9CE63B5EECEC2C2_OODLE_AUTODXT_11_E8A30B902ACDF3459A35__C32BD5D937AE01248BE52F2D180782634FC5F168.udd" 3678
"C:/Users/willi/AppData/Local/UnrealEngine/Common/DerivedDataCache/5/9/6/TEXTURE_E01F4250BECD420DA9CE63B5EECEC2C2_OODLE_AUTODXT_11_D6A393B7BFA8FD4731C9__FB7E037068A78FE8D5E23EF3437E44A7327B3012.udd" 3679
"C:/Users/willi/AppData/Local/UnrealEngine/Common/DerivedDataCache/6/9/0/TEXTURE_E01F4250BECD420DA9CE63B5EECEC2C2_OODLE_AUTODXT_11_D6A393B7BFA8FD4731C9__34E29DD339F5AD6C9A1E03CB9F4FD0C3CFDE106F.udd" 3680
"C:/Users/willi/AppData/Local/UnrealEngine/Common/DerivedDataCache/7/7/3/TEXTURE_E01F4250BECD420DA9CE63B5EECEC2C2_OODLE_AUTODXT_11_D6A393B7BFA8FD4731C9__270084F37177D247D8220E14925B258FBD7A1653.udd" 3681
"C:/Users/willi/AppData/Local/UnrealEngine/Common/DerivedDataCache/6/1/0/MATSM_0BA69734E4FD45E082FA4560DBE25454_PCD3D_SM5_8__BC5N_NOCCBN_NOIRIS_DEV_SL___FA06DFDF87B516B4360D57346BC0EA7FA3398C5B.udd" 3682
"C:/Users/willi/AppData/Local/UnrealEngine/Common/DerivedDataCache/0/0/0/TEXTURE_E01F4250BECD420DA9CE63B5EECEC2C2_BGRA8_1A17792D4D61F8DD68A13F929049CBD__00F938ADEEE4FCE986FA12506E9F990A1938C1FC.udd" 3683
"C:/Users/willi/AppData/Local/UnrealEngine/Common/DerivedDataCache/3/1/3/TEXTURE_E01F4250BECD420DA9CE63B5EECEC2C2_BGRA8_1173F4F94D66EB3C1F020D90C244F51__4503D521CFAB193A08F42AA3C41B4AB67A6550DE.udd" 3684
"C:/Users/willi/AppData/Local/UnrealEngine/Common/DerivedDataCache/1/4/3/TEXTURE_E01F4250BECD420DA9CE63B5EECEC2C2_BGRA8_1A17792D4D61F8DD68A13F929049CBD__42BBD4AF4ABE38D90B16BCFD0A164CABEA4224F8.udd" 3685
"C:/Users/willi/AppData/Local/UnrealEngine/Common/DerivedDataCache/2/4/8/TEXTURE_E01F4250BECD420DA9CE63B5EECEC2C2_BGRA8_1A17792D4D61F8DD68A13F929049CBD__5A2C7085AE05C2A9F5657AA299D3631ADE377DD7.udd" 3686
"C:/Users/willi/AppData/Local/UnrealEngine/Common/DerivedDataCache/1/4/5/TEXTURE_E01F4250BECD420DA9CE63B5EECEC2C2_BGRA8_1A17792D4D61F8DD68A13F929049CBD__0F6E853C1776AAA87606336BD39A12098C2124BA.udd" 3687
"C:/Users/willi/AppData/Local/UnrealEngine/Common/DerivedDataCache/8/3/9/TEXTURE_E01F4250BECD420DA9CE63B5EECEC2C2_BGRA8_EEABB0394817E61032E153ADCB26136__A52B6FAF7A4510F2D81E1990C91BDC21A56FC46C.udd" 3688
"C:/Users/willi/AppData/Local/UnrealEngine/Common/DerivedDataCache/2/1/5/TEXTURE_E01F4250BECD420DA9CE63B5EECEC2C2_BGRA8_5CF71F1B446A1FFA3AD09FA3C8A6224__BEAE516DA9D8E6FCFC59C8E240E053392C49BBC0.udd" 3689
"C:/Users/willi/AppData/Local/UnrealEngine/Common/DerivedDataCache/5/7/9/TEXTURE_E01F4250BECD420DA9CE63B5EECEC2C2_BGRA8_921735324FF5AFB9CE7C24B6C2A182D__FC09363BF69F4C8DDCBDD3673F551512C9C1B80F.udd" 3690
"C:/Users/willi/AppData/Local/UnrealEngine/Common/DerivedDataCache/1/1/6/TEXTURE_E01F4250BECD420DA9CE63B5EECEC2C2_BGRA8_998CC5654AE52A7D7F2F6B9DC769945__6782D4BEC99DF617C6635B508456454D279C3F6C.udd" 3691
"C:/Users/willi/AppData/Local/UnrealEngine/Common/DerivedDataCache/0/6/1/TEXTURE_E01F4250BECD420DA9CE63B5EECEC2C2_BGRA8_8F032B944FE3BBC9844367BBA4F3683__3F0B0534E09769EBDE92E0E688D63217ABE09209.udd" 3692
"C:/Users/willi/AppData/Local/UnrealEngine/Common/DerivedDataCache/0/0/9/TEXTURE_E01F4250BECD420DA9CE63B5EECEC2C2_BGRA8_5478D9EC44F9DDA1FF0034AF4C84360__CF96A925BAE760E6676AE35D539A0599C027DE48.udd" 3693
"C:/Users/willi/AppData/Local/UnrealEngine/Common/DerivedDataCache/6/4/4/TEXTURE_E01F4250BECD420DA9CE63B5EECEC2C2_BGRA8_B2D987C64CD7857934193996F951616__2AF83BF42E0F3824C3F3DB2FDAD7F52DBAD615C2.udd" 3694
"C:/Users/willi/AppData/Local/UnrealEngine/Common/DerivedDataCache/4/5/9/TEXTURE_E01F4250BECD420DA9CE63B5EECEC2C2_BGRA8_E53C2B404531408C8CD18C86072F263__FAF15D3BA3DB36CE7D0FC6C18C8F2ABC4AA50EB1.udd" 3695
"C:/Users/willi/AppData/Local/UnrealEngine/Common/DerivedDataCache/5/1/8/TEXTURE_E01F4250BECD420DA9CE63B5EECEC2C2_BGRA8_87EA01E948A86F92DFF004A65FBFDD6__57FF4650A0F0E253E2965763B1222912031C04E8.udd" 3696
"C:/Users/willi/AppData/Local/UnrealEngine/Common/DerivedDataCache/0/2/5/TEXTURE_E01F4250BECD420DA9CE63B5EECEC2C2_BGRA8_17BD84FF4C2EE0E29107D487738F54D__88F6B66305F509DA31917385A5661CB5F60BD791.udd" 3697
"C:/Users/willi/AppData/Local/UnrealEngine/Common/DerivedDataCache/0/3/9/TEXTURE_E01F4250BECD420DA9CE63B5EECEC2C2_BGRA8_766037684CC49E5CAB7441B3655453D__CAA681CC8101DC8F8F52D8EFDF31BA400C35691B.udd" 3698
"C:/Users/willi/AppData/Local/UnrealEngine/Common/DerivedDataCache/5/0/7/TEXTURE_E01F4250BECD420DA9CE63B5EECEC2C2_BGRA8_9D52FA764AD02829FA341DB05FEC72C__0245757684D7C6AE1BED81CAE8301368F49F6E94.udd" 3699
"C:/Users/willi/AppData/Local/UnrealEngine/Common/DerivedDataCache/8/7/5/TEXTURE_E01F4250BECD420DA9CE63B5EECEC2C2_BGRA8_B584BCD049426203722FF1918984516__BF66D32705DC792E087BB2DE778F17677D802C1B.udd" 3700
"C:/Users/willi/AppData/Local/UnrealEngine/Common/DerivedDataCache/3/4/5/TEXTURE_E01F4250BECD420DA9CE63B5EECEC2C2_BGRA8_68EB075F4D9F651D3EDCF0AF40DD54B__BB7B40D73C11E55D667995599A1BCC2817CDDD6E.udd" 3701
"C:/Users/willi/AppData/Local/UnrealEngine/Common/DerivedDataCache/5/6/6/TEXTURE_E01F4250BECD420DA9CE63B5EECEC2C2_BGRA8_D3D59A3B425933748BE8E9A292A9E7A__698F60E5218CC059CA789E0E04045CFDF04D8E74.udd" 3702
"C:/Users/willi/AppData/Local/UnrealEngine/Common/DerivedDataCache/0/7/1/TEXTURE_E01F4250BECD420DA9CE63B5EECEC2C2_BGRA8_D58DABCA482BA7E58BC6DAA2CE219BC__7BD0D7821F99FDFBB16D1DFE922E14449BBF774C.udd" 3703
"C:/Users/willi/AppData/Local/UnrealEngine/Common/DerivedDataCache/4/2/5/TEXTURE_E01F4250BECD420DA9CE63B5EECEC2C2_BGRA8_5D64F13B40ACE3D2C09B58AE7D1309B__F95381429D652BFDC6F29B590D2ECCACF29F0B14.udd" 3704
"C:/Users/willi/AppData/Local/UnrealEngine/Common/DerivedDataCache/1/6/3/TEXTURE_E01F4250BECD420DA9CE63B5EECEC2C2_BGRA8_ABF71D544DE79650C042CBA454E43C7__3BF20424F9783648AB8993045D2E80DA097C6110.udd" 3705
"C:/Users/willi/AppData/Local/UnrealEngine/Common/DerivedDataCache/2/7/3/PHYSX_PHYSXPC_FULL_CC58B9FA08AD47E3BF06976E60B693C3_183255EA60D453CE2C0FA78745182BDB.udd" 3706
"C:/Users/willi/AppData/Local/UnrealEngine/Common/DerivedDataCache/4/5/0/PHYSX_PHYSXPC_VIS_CC58B9FA08AD47E3BF06976E60B693C3_E39ABFF043A177EF8F104E871E00888D.udd" 3707
"C:/Users/willi/AppData/Local/UnrealEngine/Common/DerivedDataCache/1/0/7/PHYSX_PHYSXPC_FULL_CC58B9FA08AD47E3BF06976E60B693C3_BE50502DDB910FE511E47D5CA72BD737.udd" 3708
"C:/Users/willi/AppData/Local/UnrealEngine/Common/DerivedDataCache/4/2/8/PHYSX_PHYSXPC_VIS_CC58B9FA08AD47E3BF06976E60B693C3_F12097D0488B1D6CF52AD89121614738.udd" 3709
"C:/Users/willi/AppData/Local/UnrealEngine/Common/DerivedDataCache/5/1/1/PHYSX_PHYSXPC_FULL_CC58B9FA08AD47E3BF06976E60B693C3_98535F3AD2F40D36BAC3274DFA008A0E.udd" 3710
"C:/Users/willi/AppData/Local/UnrealEngine/Common/DerivedDataCache/6/9/9/PHYSX_PHYSXPC_VIS_CC58B9FA08AD47E3BF06976E60B693C3_1EB73B0F4EF6C0639B8958AF2380EC75.udd" 3711
"C:/Users/willi/AppData/Local/UnrealEngine/Common/DerivedDataCache/2/1/7/PHYSX_PHYSXPC_FULL_CC58B9FA08AD47E3BF06976E60B693C3_330E0931C0F2251364AAFE289D97A5FB.udd" 3712
"C:/Users/willi/AppData/Local/UnrealEngine/Common/DerivedDataCache/8/4/3/PHYSX_PHYSXPC_VIS_CC58B9FA08AD47E3BF06976E60B693C3_71342D0A44BFD00B1EE735B4226BA34E.udd" 3713
"C:/Users/willi/AppData/Local/UnrealEngine/Common/DerivedDataCache/5/1/7/PHYSX_PHYSXPC_FULL_CC58B9FA08AD47E3BF06976E60B693C3_1D2BA13A79D2A1C6488F39A3BA0A34FC.udd" 3714
"C:/Users/willi/AppData/Local/UnrealEngine/Common/DerivedDataCache/9/9/2/PHYSX_PHYSXPC_VIS_CC58B9FA08AD47E3BF06976E60B693C3_DBB9B6264EA3A21B1E00DF9F8050C9CB.udd" 3715
"C:/Users/willi/AppData/Local/UnrealEngine/Common/DerivedDataCache/6/8/5/PHYSX_PHYSXPC_FULL_CC58B9FA08AD47E3BF06976E60B693C3_02CD23EDA1F73EA6577760692BEB5CAB.udd" 3716
"C:/Users/willi/AppData/Local/UnrealEngine/Common/DerivedDataCache/9/1/5/PHYSX_PHYSXPC_VIS_CC58B9FA08AD47E3BF06976E60B693C3_55A5F5AB4E775B0B6E70C09B168CE954.udd" 3717
"C:/Users/willi/AppData/Local/UnrealEngine/Common/DerivedDataCache/3/8/8/PHYSX_PHYSXPC_FULL_CC58B9FA08AD47E3BF06976E60B693C3_0DA3AD6B902C94EC24479CCA8A2FA753.udd" 3718
"C:/Users/willi/AppData/Local/UnrealEngine/Common/DerivedDataCache/2/3/0/PHYSX_PHYSXPC_VIS_CC58B9FA08AD47E3BF06976E60B693C3_11625FDF4C3F3C41F427D997E6A1E20C.udd" 3719
"C:/Users/willi/AppData/Local/UnrealEngine/Common/DerivedDataCache/2/9/9/PHYSX_PHYSXPC_FULL_CC58B9FA08AD47E3BF06976E60B693C3_EAB54A3F6635CBA0522F73B506CBE970.udd" 3720
"C:/Users/willi/AppData/Local/UnrealEngine/Common/DerivedDataCache/5/6/4/PHYSX_PHYSXPC_VIS_CC58B9FA08AD47E3BF06976E60B693C3_302DF99D4A1C71DC6ABF36A273A19733.udd" 3721
"C:/Users/willi/AppData/Local/UnrealEngine/Common/DerivedDataCache/3/9/9/PHYSX_PHYSXPC_FULL_CC58B9FA08AD47E3BF06976E60B693C3_A4D0F0C67339623494EE2CF407971B07.udd" 3722
"C:/Users/willi/AppData/Local/UnrealEngine/Common/DerivedDataCache/7/3/6/PHYSX_PHYSXPC_VIS_CC58B9FA08AD47E3BF06976E60B693C3_86554D9241EB68B3E2A3D8A8741BEC6F.udd" 3723
"C:/Users/willi/AppData/Local/UnrealEngine/Common/DerivedDataCache/6/1/7/PHYSX_PHYSXPC_FULL_CC58B9FA08AD47E3BF06976E60B693C3_D7E1680AF07F4CB0C741E7A3BFD3B8B3.udd" 3724
"C:/Users/willi/AppData/Local/UnrealEngine/Common/DerivedDataCache/5/8/5/PHYSX_PHYSXPC_VIS_CC58B9FA08AD47E3BF06976E60B693C3_888DCA4648DD3205BF6304A7FF679892.udd" 3725
"C:/Users/willi/AppData/Local/UnrealEngine/Common/DerivedDataCache/7/4/2/PHYSX_PHYSXPC_FULL_CC58B9FA08AD47E3BF06976E60B693C3_EE02C20B2A159DC81954D3A98C106303.udd" 3726
"C:/Users/willi/AppData/Local/UnrealEngine/Common/DerivedDataCache/6/0/4/PHYSX_PHYSXPC_VIS_CC58B9FA08AD47E3BF06976E60B693C3_61F4CC8745E20E57F3267E9A6006E054.udd" 3727
"C:/Users/willi/AppData/Local/UnrealEngine/Common/DerivedDataCache/6/7/3/PHYSX_PHYSXPC_FULL_CC58B9FA08AD47E3BF06976E60B693C3_EE15085A837256F00F454F8F7ABEFC6A.udd" 3728
"C:/Users/willi/AppData/Local/UnrealEngine/Common/DerivedDataCache/0/9/9/PHYSX_PHYSXPC_VIS_CC58B9FA08AD47E3BF06976E60B693C3_E1B38A78465941A01C4E08A1692D8A6A.udd" 3729
"C:/Users/willi/AppData/Local/UnrealEngine/Common/DerivedDataCache/7/0/8/PHYSX_PHYSXPC_FULL_CC58B9FA08AD47E3BF06976E60B693C3_747CD5156455B8215DB481A25C473C3C.udd" 3730
"C:/Users/willi/AppData/Local/UnrealEngine/Common/DerivedDataCache/5/0/4/PHYSX_PHYSXPC_VIS_CC58B9FA08AD47E3BF06976E60B693C3_DCE6B4884603D13584469FA32FC67CBD.udd" 3731
"C:/Users/willi/AppData/Local/UnrealEngine/Common/DerivedDataCache/3/9/8/PHYSX_PHYSXPC_FULL_CC58B9FA08AD47E3BF06976E60B693C3_43091BA782F3C8DD35044EEF18AB077A.udd" 3732
"C:/Users/willi/AppData/Local/UnrealEngine/Common/DerivedDataCache/3/6/4/PHYSX_PHYSXPC_VIS_CC58B9FA08AD47E3BF06976E60B693C3_9A1EFD98456E758090BD7097F6734D80.udd" 3733
"C:/Users/willi/AppData/Local/UnrealEngine/Common/DerivedDataCache/1/5/5/PHYSX_PHYSXPC_FULL_CC58B9FA08AD47E3BF06976E60B693C3_F8E5BD1906EE4941A1641AF72B8A9E00.udd" 3734
"C:/Users/willi/AppData/Local/UnrealEngine/Common/DerivedDataCache/0/9/5/PHYSX_PHYSXPC_VIS_CC58B9FA08AD47E3BF06976E60B693C3_A4A71F1F4A2AFE71852383B503C1A310.udd" 3735
"C:/Users/willi/AppData/Local/UnrealEngine/Common/DerivedDataCache/1/0/3/PHYSX_PHYSXPC_FULL_CC58B9FA08AD47E3BF06976E60B693C3_DE08567048CF45D65E65A9C74BE3A425.udd" 3736
"C:/Users/willi/AppData/Local/UnrealEngine/Common/DerivedDataCache/5/3/9/PHYSX_PHYSXPC_VIS_CC58B9FA08AD47E3BF06976E60B693C3_A385629344C12CD46233838DAE3E1909.udd" 3737
"C:/Users/willi/AppData/Local/UnrealEngine/Common/DerivedDataCache/7/8/9/PHYSX_PHYSXPC_FULL_CC58B9FA08AD47E3BF06976E60B693C3_42376E7CCC803A3C280CE53A4D184083.udd" 3738
"C:/Users/willi/AppData/Local/UnrealEngine/Common/DerivedDataCache/1/7/5/PHYSX_PHYSXPC_VIS_CC58B9FA08AD47E3BF06976E60B693C3_198CBF9440F6B06F6989C88F75B94E23.udd" 3739
"C:/Users/willi/AppData/Local/UnrealEngine/Common/DerivedDataCache/5/8/5/PHYSX_PHYSXPC_FULL_CC58B9FA08AD47E3BF06976E60B693C3_D01D871E44D8A871635E57D4F1A4C385.udd" 3740
"C:/Users/willi/AppData/Local/UnrealEngine/Common/DerivedDataCache/5/7/2/PHYSX_PHYSXPC_VIS_CC58B9FA08AD47E3BF06976E60B693C3_EC53D4E449FC5A18CCC7F5A25485DA30.udd" 3741
"C:/Users/willi/AppData/Local/UnrealEngine/Common/DerivedDataCache/5/2/0/PHYSX_PHYSXPC_FULL_CC58B9FA08AD47E3BF06976E60B693C3_EEBF03FCB1C1E9C2ECC7C6138B9B1596.udd" 3742
"C:/Users/willi/AppData/Local/UnrealEngine/Common/DerivedDataCache/8/4/9/PHYSX_PHYSXPC_VIS_CC58B9FA08AD47E3BF06976E60B693C3_F1AF61FD41F1A6D20D34A6985E80268C.udd" 3743
"C:/Users/willi/AppData/Local/UnrealEngine/Common/DerivedDataCache/8/9/9/PHYSX_PHYSXPC_FULL_CC58B9FA08AD47E3BF06976E60B693C3_0D118E8055B9FF51062A870CE978C129.udd" 3744
"C:/Users/willi/AppData/Local/UnrealEngine/Common/DerivedDataCache/6/6/6/PHYSX_PHYSXPC_VIS_CC58B9FA08AD47E3BF06976E60B693C3_BCA23FBD4600141BF32B10A5DD1AEDB9.udd" 3745
"C:/Users/willi/AppData/Local/UnrealEngine/Common/DerivedDataCache/2/4/8/PHYSX_PHYSXPC_FULL_CC58B9FA08AD47E3BF06976E60B693C3_9307F6FD9822E57B66603D92AEA4B4E5.udd" 3746
"C:/Users/willi/AppData/Local/UnrealEngine/Common/DerivedDataCache/9/9/8/PHYSX_PHYSXPC_VIS_CC58B9FA08AD47E3BF06976E60B693C3_3DF8E0D748B4A167AA967C942CADD9DF.udd" 3747
"C:/Users/willi/AppData/Local/UnrealEngine/Common/DerivedDataCache/4/7/2/PHYSX_PHYSXPC_FULL_CC58B9FA08AD47E3BF06976E60B693C3_2495BA9A518EC194A1F2ED01498E4739.udd" 3748
"C:/Users/willi/AppData/Local/UnrealEngine/Common/DerivedDataCache/5/6/6/PHYSX_PHYSXPC_VIS_CC58B9FA08AD47E3BF06976E60B693C3_5E666D43479F47C5F43C01B4B1797615.udd" 3749
"C:/Users/willi/AppData/Local/UnrealEngine/Common/DerivedDataCache/7/8/8/PHYSX_PHYSXPC_FULL_CC58B9FA08AD47E3BF06976E60B693C3_C118ED2C3E928B296CFC2053ACBAF033.udd" 3750
"C:/Users/willi/AppData/Local/UnrealEngine/Common/DerivedDataCache/0/1/6/PHYSX_PHYSXPC_VIS_CC58B9FA08AD47E3BF06976E60B693C3_DF7559D3418317AF52DFF7B96022C61B.udd" 3751
"C:/Users/willi/AppData/Local/UnrealEngine/Common/DerivedDataCache/8/1/1/PHYSX_PHYSXPC_FULL_CC58B9FA08AD47E3BF06976E60B693C3_09624A9FC6BD44D35E1D022FC5DE1DFD.udd" 3752
"C:/Users/willi/AppData/Local/UnrealEngine/Common/DerivedDataCache/6/0/9/PHYSX_PHYSXPC_VIS_CC58B9FA08AD47E3BF06976E60B693C3_44E2FE4A470D4258800EB5AD54BBB5A8.udd" 3753
"C:/Users/willi/AppData/Local/UnrealEngine/Common/DerivedDataCache/6/3/0/PHYSX_PHYSXPC_FULL_CC58B9FA08AD47E3BF06976E60B693C3_314A2194F449513FDD0D35F732B6DB8E.udd" 3754
"C:/Users/willi/AppData/Local/UnrealEngine/Common/DerivedDataCache/1/3/7/PHYSX_PHYSXPC_VIS_CC58B9FA08AD47E3BF06976E60B693C3_FD51EF6E438FF51A2884B9A11D9CDA80.udd" 3755
"C:/Users/willi/AppData/Local/UnrealEngine/Common/DerivedDataCache/3/1/9/PHYSX_PHYSXPC_FULL_CC58B9FA08AD47E3BF06976E60B693C3_F39FEE62988807E1B5B81076682155E5.udd" 3756
"C:/Users/willi/AppData/Local/UnrealEngine/Common/DerivedDataCache/5/4/1/PHYSX_PHYSXPC_VIS_CC58B9FA08AD47E3BF06976E60B693C3_6EB606924CE42A2AB63CE58A693D3EF9.udd" 3757
"C:/Users/willi/AppData/Local/UnrealEngine/Common/DerivedDataCache/4/2/4/PHYSX_PHYSXPC_FULL_CC58B9FA08AD47E3BF06976E60B693C3_4F8FDF217C15202EAC37EB4298647750.udd" 3758
"C:/Users/willi/AppData/Local/UnrealEngine/Common/DerivedDataCache/4/2/9/PHYSX_PHYSXPC_VIS_CC58B9FA08AD47E3BF06976E60B693C3_B378C21146EE7965A104EE90F3F0743E.udd" 3759
"C:/Users/willi/AppData/Local/UnrealEngine/Common/DerivedDataCache/6/9/4/PHYSX_PHYSXPC_FULL_CC58B9FA08AD47E3BF06976E60B693C3_7132DF935D63A2222B7B56A56ECE8C39.udd" 3760
"C:/Users/willi/AppData/Local/UnrealEngine/Common/DerivedDataCache/4/3/9/PHYSX_PHYSXPC_VIS_CC58B9FA08AD47E3BF06976E60B693C3_D4D82297497B9203901E248F27838B9A.udd" 3761
"C:/Users/willi/AppData/Local/UnrealEngine/Common/DerivedDataCache/4/3/7/PHYSX_PHYSXPC_FULL_CC58B9FA08AD47E3BF06976E60B693C3_430A030E5E74343FE44CD5B4E9C0FEB8.udd" 3762
"C:/Users/willi/AppData/Local/UnrealEngine/Common/DerivedDataCache/7/3/8/PHYSX_PHYSXPC_VIS_CC58B9FA08AD47E3BF06976E60B693C3_BB75B7614E9A3832A3586FBAFBDC13DF.udd" 3763
"C:/Users/willi/AppData/Local/UnrealEngine/Common/DerivedDataCache/9/4/6/PHYSX_PHYSXPC_FULL_CC58B9FA08AD47E3BF06976E60B693C3_2662C3C08614EA67F7B1622AA09D593E.udd" 3764
"C:/Users/willi/AppData/Local/UnrealEngine/Common/DerivedDataCache/8/2/7/PHYSX_PHYSXPC_VIS_CC58B9FA08AD47E3BF06976E60B693C3_F20ADFA6445396B601717EA41E43C336.udd" 3765
"C:/Users/willi/AppData/Local/UnrealEngine/Common/DerivedDataCache/2/3/6/PHYSX_PHYSXPC_FULL_CC58B9FA08AD47E3BF06976E60B693C3_E183C603F6757E001DF717790AE323E0.udd" 3766
"C:/Users/willi/AppData/Local/UnrealEngine/Common/DerivedDataCache/5/5/3/PHYSX_PHYSXPC_VIS_CC58B9FA08AD47E3BF06976E60B693C3_A3AD10DC4D3DACC2101361947EB4B334.udd" 3767
"C:/Users/willi/AppData/Local/UnrealEngine/Common/DerivedDataCache/4/4/8/PHYSX_PHYSXPC_FULL_CC58B9FA08AD47E3BF06976E60B693C3_4A13944D2C9353CAE1CB5979DF339843.udd" 3768
"C:/Users/willi/AppData/Local/UnrealEngine/Common/DerivedDataCache/8/0/5/PHYSX_PHYSXPC_VIS_CC58B9FA08AD47E3BF06976E60B693C3_A0079A304699B3A841E1689CC0A36460.udd" 3769
"C:/Users/willi/AppData/Local/UnrealEngine/Common/DerivedDataCache/9/8/5/PHYSX_PHYSXPC_FULL_CC58B9FA08AD47E3BF06976E60B693C3_22083E3DD4B8FAD24D1D82421BB5FF68.udd" 3770
"C:/Users/willi/AppData/Local/UnrealEngine/Common/DerivedDataCache/3/1/3/PHYSX_PHYSXPC_VIS_CC58B9FA08AD47E3BF06976E60B693C3_53D03FD247C41CFBDC2A9DB9D88EA403.udd" 3771
"C:/Users/willi/AppData/Local/UnrealEngine/Common/DerivedDataCache/1/2/3/PHYSX_PHYSXPC_FULL_CC58B9FA08AD47E3BF06976E60B693C3_36F65E38FDA4C28083FD4B83AD05050A.udd" 3772
"C:/Users/willi/AppData/Local/UnrealEngine/Common/DerivedDataCache/5/7/8/PHYSX_PHYSXPC_VIS_CC58B9FA08AD47E3BF06976E60B693C3_A5333234476B445B0F18BF8AD85EFB94.udd" 3773
"C:/Users/willi/AppData/Local/UnrealEngine/Common/DerivedDataCache/5/9/1/PHYSX_PHYSXPC_FULL_CC58B9FA08AD47E3BF06976E60B693C3_CFA89ADDE9F5888A5784422A0CC8EBCF.udd" 3774
"C:/Users/willi/AppData/Local/UnrealEngine/Common/DerivedDataCache/0/6/3/PHYSX_PHYSXPC_VIS_CC58B9FA08AD47E3BF06976E60B693C3_EB9992B149FEF459EDD4F38EE1C33084.udd" 3775
"C:/Users/willi/AppData/Local/UnrealEngine/Common/DerivedDataCache/9/9/3/PHYSX_PHYSXPC_FULL_CC58B9FA08AD47E3BF06976E60B693C3_DADC6149CE8AF7D62A88B13B0094B161.udd" 3776
"C:/Users/willi/AppData/Local/UnrealEngine/Common/DerivedDataCache/4/9/9/PHYSX_PHYSXPC_VIS_CC58B9FA08AD47E3BF06976E60B693C3_448750DF46CB2DA75B7006BE95785857.udd" 3777
"C:/Users/willi/AppData/Local/UnrealEngine/Common/DerivedDataCache/6/8/0/PHYSX_PHYSXPC_FULL_CC58B9FA08AD47E3BF06976E60B693C3_82FE9BB034C522FE69AC4F516185CE97.udd" 3778
"C:/Users/willi/AppData/Local/UnrealEngine/Common/DerivedDataCache/4/7/9/PHYSX_PHYSXPC_VIS_CC58B9FA08AD47E3BF06976E60B693C3_4002B62946D2F1AA06B858BE76932E1D.udd" 3779
"C:/Users/willi/AppData/Local/UnrealEngine/Common/DerivedDataCache/2/8/3/PHYSX_PHYSXPC_FULL_CC58B9FA08AD47E3BF06976E60B693C3_6D22E277028A5E700595FD16D92BD0A6.udd" 3780
"C:/Users/willi/AppData/Local/UnrealEngine/Common/DerivedDataCache/8/3/8/PHYSX_PHYSXPC_VIS_CC58B9FA08AD47E3BF06976E60B693C3_83FD1645467B5D3B008EA89D077A7367.udd" 3781
"C:/Users/willi/AppData/Local/UnrealEngine/Common/DerivedDataCache/0/1/7/PHYSX_PHYSXPC_FULL_CC58B9FA08AD47E3BF06976E60B693C3_BAC92DE6115795D86A7721877B9CE941.udd" 3782
"C:/Users/willi/AppData/Local/UnrealEngine/Common/DerivedDataCache/0/1/2/PHYSX_PHYSXPC_VIS_CC58B9FA08AD47E3BF06976E60B693C3_945CDB5C45D73558832FB1BE6AD621BA.udd" 3783
"C:/Users/willi/AppData/Local/UnrealEngine/Common/DerivedDataCache/0/1/9/PHYSX_PHYSXPC_FULL_CC58B9FA08AD47E3BF06976E60B693C3_9BB88D2E64CFABF360F16664B1B21102.udd" 3784
"C:/Users/willi/AppData/Local/UnrealEngine/Common/DerivedDataCache/6/2/0/PHYSX_PHYSXPC_VIS_CC58B9FA08AD47E3BF06976E60B693C3_926A563B454E4656FF1E73B2B2E6DC34.udd" 3785
"C:/Users/willi/AppData/Local/UnrealEngine/Common/DerivedDataCache/5/8/0/PHYSX_PHYSXPC_FULL_CC58B9FA08AD47E3BF06976E60B693C3_ECCBBD9E0653EB5A4975816570F51434.udd" 3786
"C:/Users/willi/AppData/Local/UnrealEngine/Common/DerivedDataCache/2/3/9/PHYSX_PHYSXPC_VIS_CC58B9FA08AD47E3BF06976E60B693C3_8A815A4042CBAF4DA282CB840AECDBC4.udd" 3787
"C:/Users/willi/AppData/Local/UnrealEngine/Common/DerivedDataCache/0/2/6/PHYSX_PHYSXPC_FULL_CC58B9FA08AD47E3BF06976E60B693C3_7A40CF42ECF15748E83D5C61EBBD3BE0.udd" 3788
"C:/Users/willi/AppData/Local/UnrealEngine/Common/DerivedDataCache/7/3/1/PHYSX_PHYSXPC_VIS_CC58B9FA08AD47E3BF06976E60B693C3_E30363CE4A81BC5C26301A8FFD5EE8BB.udd" 3789
"C:/Users/willi/AppData/Local/UnrealEngine/Common/DerivedDataCache/8/4/9/PHYSX_PHYSXPC_FULL_CC58B9FA08AD47E3BF06976E60B693C3_535C49B0897F44502CBE0888C981D73E.udd" 3790
"C:/Users/willi/AppData/Local/UnrealEngine/Common/DerivedDataCache/0/8/9/PHYSX_PHYSXPC_VIS_CC58B9FA08AD47E3BF06976E60B693C3_80C9B57D44DD583EBB5D47B464FF1E5A.udd" 3791
"C:/Users/willi/AppData/Local/UnrealEngine/Common/DerivedDataCache/7/0/6/PHYSX_PHYSXPC_FULL_CC58B9FA08AD47E3BF06976E60B693C3_D8030D8F190D898A3E011317BA586955.udd" 3792
"C:/Users/willi/AppData/Local/UnrealEngine/Common/DerivedDataCache/9/1/8/PHYSX_PHYSXPC_VIS_CC58B9FA08AD47E3BF06976E60B693C3_CA870DAA499E5F3DAD37DBB0665E2F89.udd" 3793
"C:/Users/willi/AppData/Local/UnrealEngine/Common/DerivedDataCache/9/2/0/PHYSX_PHYSXPC_FULL_CC58B9FA08AD47E3BF06976E60B693C3_9CF536AE69F9D052D03466AFDFEEA84E.udd" 3794
"C:/Users/willi/AppData/Local/UnrealEngine/Common/DerivedDataCache/3/8/2/PHYSX_PHYSXPC_VIS_CC58B9FA08AD47E3BF06976E60B693C3_9C3C3FD2415BFB1AD9B53EBB67C1DD10.udd" 3795
"C:/Users/willi/AppData/Local/UnrealEngine/Common/DerivedDataCache/2/2/0/PHYSX_PHYSXPC_FULL_CC58B9FA08AD47E3BF06976E60B693C3_6F32661318F7F60B96EECBE4FBB42735.udd" 3796
"C:/Users/willi/AppData/Local/UnrealEngine/Common/DerivedDataCache/3/8/0/PHYSX_PHYSXPC_VIS_CC58B9FA08AD47E3BF06976E60B693C3_F0A229A54036E0D451818FBDE6064323.udd" 3797
"C:/Users/willi/AppData/Local/UnrealEngine/Common/DerivedDataCache/6/6/1/PHYSX_PHYSXPC_FULL_CC58B9FA08AD47E3BF06976E60B693C3_2EB43E4A69D438ED9ED0AA99E8AD79F5.udd" 3798
"C:/Users/willi/AppData/Local/UnrealEngine/Common/DerivedDataCache/5/3/6/PHYSX_PHYSXPC_VIS_CC58B9FA08AD47E3BF06976E60B693C3_37E1C86E49119569BF1379B4CFAF0ADD.udd" 3799
"C:/Users/willi/AppData/Local/UnrealEngine/Common/DerivedDataCache/1/5/4/PHYSX_PHYSXPC_FULL_CC58B9FA08AD47E3BF06976E60B693C3_4FCEA3FA7761650D80AEDF090C251EAA.udd" 3800
"C:/Users/willi/AppData/Local/UnrealEngine/Common/DerivedDataCache/8/3/5/PHYSX_PHYSXPC_VIS_CC58B9FA08AD47E3BF06976E60B693C3_DBC2195D4529B25A4DD6F5845D9FDAB4.udd" 3801
"C:/Users/willi/AppData/Local/UnrealEngine/Common/DerivedDataCache/4/9/9/PHYSX_PHYSXPC_FULL_CC58B9FA08AD47E3BF06976E60B693C3_FD66B51FB0F8CDA481F8515D40470214.udd" 3802
"C:/Users/willi/AppData/Local/UnrealEngine/Common/DerivedDataCache/0/9/2/PHYSX_PHYSXPC_VIS_CC58B9FA08AD47E3BF06976E60B693C3_DF24EF7744537B70B302549DE1F5AFB3.udd" 3803
"C:/Users/willi/AppData/Local/UnrealEngine/Common/DerivedDataCache/6/0/7/PHYSX_PHYSXPC_FULL_CC58B9FA08AD47E3BF06976E60B693C3_ED631D643F93D410BE387C934A48DEF3.udd" 3804
"C:/Users/willi/AppData/Local/UnrealEngine/Common/DerivedDataCache/4/0/9/PHYSX_PHYSXPC_VIS_CC58B9FA08AD47E3BF06976E60B693C3_3D55AB59487F6A022506DA9405BF87E0.udd" 3805
"C:/Users/willi/AppData/Local/UnrealEngine/Common/DerivedDataCache/8/2/3/PHYSX_PHYSXPC_FULL_CC58B9FA08AD47E3BF06976E60B693C3_A9DA61D0B0ECF6C7D69EFC569C6E123E.udd" 3806
"C:/Users/willi/AppData/Local/UnrealEngine/Common/DerivedDataCache/9/0/6/PHYSX_PHYSXPC_VIS_CC58B9FA08AD47E3BF06976E60B693C3_74C3113345F272079D8AF7A9BC795C2D.udd" 3807
"C:/Users/willi/AppData/Local/UnrealEngine/Common/DerivedDataCache/4/6/0/PHYSX_PHYSXPC_FULL_CC58B9FA08AD47E3BF06976E60B693C3_6DC3793F4968C2F249F0D26157A1212F.udd" 3808
"C:/Users/willi/AppData/Local/UnrealEngine/Common/DerivedDataCache/4/8/9/PHYSX_PHYSXPC_VIS_CC58B9FA08AD47E3BF06976E60B693C3_9F0BB0B446A995969BA652939E2D3EC4.udd" 3809
"C:/Users/willi/AppData/Local/UnrealEngine/Common/DerivedDataCache/1/0/6/PHYSX_PHYSXPC_FULL_CC58B9FA08AD47E3BF06976E60B693C3_125E28AE939E86A10D7E2EF661261BBA.udd" 3810
"C:/Users/willi/AppData/Local/UnrealEngine/Common/DerivedDataCache/3/4/5/PHYSX_PHYSXPC_VIS_CC58B9FA08AD47E3BF06976E60B693C3_9B2524EE4C93D191538E6D9DC193DEE4.udd" 3811
"C:/Users/willi/AppData/Local/UnrealEngine/Common/DerivedDataCache/2/5/5/PHYSX_PHYSXPC_FULL_CC58B9FA08AD47E3BF06976E60B693C3_EA644A52A7B639AB9F516ADF30BF752B.udd" 3812
"C:/Users/willi/AppData/Local/UnrealEngine/Common/DerivedDataCache/7/9/0/PHYSX_PHYSXPC_VIS_CC58B9FA08AD47E3BF06976E60B693C3_21172C0347ABF238625A3EB13184D4F1.udd" 3813
"C:/Users/willi/AppData/Local/UnrealEngine/Common/DerivedDataCache/7/9/2/PHYSX_PHYSXPC_FULL_CC58B9FA08AD47E3BF06976E60B693C3_82719589A171A174B3EF1E4EDEB00118.udd" 3814
"C:/Users/willi/AppData/Local/UnrealEngine/Common/DerivedDataCache/9/9/2/PHYSX_PHYSXPC_VIS_CC58B9FA08AD47E3BF06976E60B693C3_E33664684B34EA48B61722BEB8FB2B95.udd" 3815
"C:/Users/willi/AppData/Local/UnrealEngine/Common/DerivedDataCache/1/5/2/PHYSX_PHYSXPC_FULL_CC58B9FA08AD47E3BF06976E60B693C3_9D1C4125DC01555AA9FE5F92CD973895.udd" 3816
"C:/Users/willi/AppData/Local/UnrealEngine/Common/DerivedDataCache/9/7/5/PHYSX_PHYSXPC_VIS_CC58B9FA08AD47E3BF06976E60B693C3_959F13B94FBB39A81273C685DA2F2FFF.udd" 3817
"C:/Users/willi/AppData/Local/UnrealEngine/Common/DerivedDataCache/9/0/0/PHYSX_PHYSXPC_FULL_CC58B9FA08AD47E3BF06976E60B693C3_5167C39E7C2C83E72F07EB42751B28D5.udd" 3818
"C:/Users/willi/AppData/Local/UnrealEngine/Common/DerivedDataCache/7/3/0/PHYSX_PHYSXPC_VIS_CC58B9FA08AD47E3BF06976E60B693C3_8B4E63474E4F07B6F0B590ADA8419CCE.udd" 3819
"C:/Users/willi/AppData/Local/UnrealEngine/Common/DerivedDataCache/5/0/2/PHYSX_PHYSXPC_FULL_CC58B9FA08AD47E3BF06976E60B693C3_CCB25D8256638CEA059D5B83EF50D7B9.udd" 3820
"C:/Users/willi/AppData/Local/UnrealEngine/Common/DerivedDataCache/7/6/9/PHYSX_PHYSXPC_VIS_CC58B9FA08AD47E3BF06976E60B693C3_8DF9530640454B39BBEAEE8FC98F6F01.udd" 3821
"C:/Users/willi/AppData/Local/UnrealEngine/Common/DerivedDataCache/0/6/7/PHYSX_PHYSXPC_FULL_CC58B9FA08AD47E3BF06976E60B693C3_8D9D95BA78806538712743701995BAC4.udd" 3822
"C:/Users/willi/AppData/Local/UnrealEngine/Common/DerivedDataCache/1/4/0/PHYSX_PHYSXPC_VIS_CC58B9FA08AD47E3BF06976E60B693C3_5A9449B24F77E1DABBEC118C4C2C8167.udd" 3823
"C:/Users/willi/AppData/Local/UnrealEngine/Common/DerivedDataCache/6/8/1/PHYSX_PHYSXPC_FULL_CC58B9FA08AD47E3BF06976E60B693C3_F5B9BF210A5DAAFC97B34BFE52CE9D6F.udd" 3824
"C:/Users/willi/AppData/Local/UnrealEngine/Common/DerivedDataCache/1/7/8/PHYSX_PHYSXPC_VIS_CC58B9FA08AD47E3BF06976E60B693C3_663134A84E8EFE91D2090FAE42B536FC.udd" 3825
"C:/Users/willi/AppData/Local/UnrealEngine/Common/DerivedDataCache/4/3/7/PHYSX_PHYSXPC_FULL_CC58B9FA08AD47E3BF06976E60B693C3_4283D84B591D10BED9DEF1E201926A70.udd" 3826
"C:/Users/willi/AppData/Local/UnrealEngine/Common/DerivedDataCache/9/1/1/PHYSX_PHYSXPC_VIS_CC58B9FA08AD47E3BF06976E60B693C3_642B51F74727EDF73BED2BB8AFE8F01C.udd" 3827
"C:/Users/willi/AppData/Local/UnrealEngine/Common/DerivedDataCache/9/1/2/PHYSX_PHYSXPC_FULL_CC58B9FA08AD47E3BF06976E60B693C3_87D368E5DB11D8A3B4392D6BDC445333.udd" 3828
"C:/Users/willi/AppData/Local/UnrealEngine/Common/DerivedDataCache/6/5/4/PHYSX_PHYSXPC_VIS_CC58B9FA08AD47E3BF06976E60B693C3_D2FECFB944D52DD34E536BB58F46883E.udd" 3829
"C:/Users/willi/AppData/Local/UnrealEngine/Common/DerivedDataCache/8/4/4/PHYSX_PHYSXPC_FULL_CC58B9FA08AD47E3BF06976E60B693C3_DD2A2CD3EACB41B6935C717F98B9314D.udd" 3830
"C:/Users/willi/AppData/Local/UnrealEngine/Common/DerivedDataCache/9/3/0/PHYSX_PHYSXPC_VIS_CC58B9FA08AD47E3BF06976E60B693C3_D62C7FBE45C37FD61B0BE5B93CCFC1C2.udd" 3831
"C:/Users/willi/AppData/Local/UnrealEngine/Common/DerivedDataCache/5/7/8/PHYSX_PHYSXPC_FULL_CC58B9FA08AD47E3BF06976E60B693C3_203563551A7741538F16EC1C7B1C8CBB.udd" 3832
"C:/Users/willi/AppData/Local/UnrealEngine/Common/DerivedDataCache/6/4/9/PHYSX_PHYSXPC_VIS_CC58B9FA08AD47E3BF06976E60B693C3_280B6E4C41D4CB476869D783C22736DB.udd" 3833
